run_id,status,start_time,end_time,git_commit,dirty,config_hash,data_hash,split_hash,seed,hardware,model,protocol,metrics_path,artifact_path,failure_reason,notes
fixture-20260823T101000Z,superseded_protocol_gap,2026-08-23T09:57:25+00:00,2026-08-23T09:57:25+00:00,UNAVAILABLE,true,c5b117dcce561d0ee8a81801f93b64987398186e229304d20bdf225da09a9f46,d8c29c647bed244256d1c0e192fbcf96d1fbc87b4ef1e5423a6214e2b48fda12,338528d13fcebc93693f4e4b019cf9f3f41088f47744d6396673c915336489d1,130,Linux-5.4.0-150-generic-x86_64-with-glibc2.27; Python 3.13.13; CPU fixture,fixture-stat-v1,fixture_vertical_slice,/home/CuiMinghao/projects/AOI2026/EvoInspect_130_Research_Kit/reports/experiments/fixture-20260823T101000Z/metrics.json,/home/CuiMinghao/projects/AOI2026/EvoInspect_130_Research_Kit/reports/experiments/fixture-20260823T101000Z/model.json,final_test retained no seen anomaly,"Retained as failed protocol evidence; synthetic fixture only"
fixture-20260823T102000Z,superseded_soft_label_isolation,2026-08-23T09:58:24+00:00,2026-08-23T09:58:24+00:00,UNAVAILABLE,true,c5b117dcce561d0ee8a81801f93b64987398186e229304d20bdf225da09a9f46,2ea11be7d55bac976207d7e002a4e6bbdb472e924d541653dc665753226e9457,a18cc5a524b775c144e05188c4331f03a254e4db8b1e4941d5ece5b7b1f7908f,130,Linux-5.4.0-150-generic-x86_64-with-glibc2.27; Python 3.13.13; CPU fixture,fixture-stat-v1,fixture_vertical_slice,/home/CuiMinghao/projects/AOI2026/EvoInspect_130_Research_Kit/reports/experiments/fixture-20260823T102000Z/metrics.json,/home/CuiMinghao/projects/AOI2026/EvoInspect_130_Research_Kit/reports/experiments/fixture-20260823T102000Z/model.json,adapter parsed combined manifest containing test labels,"No label was used, but process boundary was insufficient; retained as superseded evidence"
fixture-20260823T103000Z,completed_fixture_only,2026-08-23T10:04:18+00:00,2026-08-23T10:04:18+00:00,UNAVAILABLE,true,c5b117dcce561d0ee8a81801f93b64987398186e229304d20bdf225da09a9f46,502744b5582224939f4fc62e95010b3650aed8675ca3499b950db4d1b96ed676,7230d10e19dc22fc0b1d86386774ee2e56edcaed8bca1c5d452b5cdb03cbd20d,130,Linux-5.4.0-150-generic-x86_64-with-glibc2.27; Python 3.13.13; CPU fixture,fixture-stat-v1,fixture_vertical_slice,/home/CuiMinghao/projects/AOI2026/EvoInspect_130_Research_Kit/reports/experiments/fixture-20260823T103000Z/metrics.json,/home/CuiMinghao/projects/AOI2026/EvoInspect_130_Research_Kit/reports/experiments/fixture-20260823T103000Z/model.json,,Synthetic engineering fixture; forbidden as research/competition evidence
pc-lite-bottle-s130-20260823T123000Z-attempt0,failed_preflight,UNKNOWN,UNKNOWN,UNAVAILABLE,true,c647a65a483448497f7600991be8cf2830b4a49dcda59b90652b9cdc7de32e12,dc0cb96c23d9f0eb3abef6ffcf581c1d750708d6c81ff7868ddc3f3b38700f8d,15a62a4b71993de2e239ae1568cb0945e99efe65bc006027a310a770971afce7,130,RTX 3090 physical GPU 1; torch 2.6.0+cu124,patchcore-lite-wrn50-random-coreset+logreg,mvtec_bottle_official_style_100_30,,,RuntimeError Invalid device argument in torch.cuda.reset_peak_memory_stats(device),Failed before model allocation; timestamps unavailable; fixed by explicit CUDA device initialization
pc-lite-bottle-s130-20260823T123000Z,completed_preliminary_single_category,2026-08-23T12:33:16+00:00,2026-08-23T12:36:57+00:00,UNAVAILABLE,true,c647a65a483448497f7600991be8cf2830b4a49dcda59b90652b9cdc7de32e12,dc0cb96c23d9f0eb3abef6ffcf581c1d750708d6c81ff7868ddc3f3b38700f8d,15a62a4b71993de2e239ae1568cb0945e99efe65bc006027a310a770971afce7,130,RTX 3090 physical GPU 1; Linux-5.4.0-150-generic-x86_64-with-glibc2.27; torch 2.6.0+cu124,patchcore-lite-wrn50-random-coreset+logreg,mvtec_bottle_official_style_100_30,reports/experiments/pc-lite-bottle-s130-20260823T123000Z/metrics.json,reports/experiments/pc-lite-bottle-s130-20260823T123000Z/model.pt,,"Community mirror, one category, preliminary; no full-benchmark claim"
pc-lite-bottle-s131-20260823T123000Z,completed_preliminary_single_category,2026-08-23T12:37:16+00:00,2026-08-23T12:37:34+00:00,UNAVAILABLE,true,c647a65a483448497f7600991be8cf2830b4a49dcda59b90652b9cdc7de32e12,dc0cb96c23d9f0eb3abef6ffcf581c1d750708d6c81ff7868ddc3f3b38700f8d,3c604288e0773166f576c71a790facb58d5bbd8c4c5dd07674843028291724a2,131,RTX 3090 physical GPU 1; Linux-5.4.0-150-generic-x86_64-with-glibc2.27; torch 2.6.0+cu124,patchcore-lite-wrn50-random-coreset+logreg,mvtec_bottle_official_style_100_30,reports/experiments/pc-lite-bottle-s131-20260823T123000Z/metrics.json,reports/experiments/pc-lite-bottle-s131-20260823T123000Z/model.pt,,"Community mirror, one category, preliminary; no full-benchmark claim"
pc-lite-bottle-s132-20260823T123000Z,completed_preliminary_single_category,2026-08-23T12:37:38+00:00,2026-08-23T12:37:56+00:00,UNAVAILABLE,true,c647a65a483448497f7600991be8cf2830b4a49dcda59b90652b9cdc7de32e12,dc0cb96c23d9f0eb3abef6ffcf581c1d750708d6c81ff7868ddc3f3b38700f8d,27abe5eb53555fb1e3d5d1210eac84797dc5835354ec27a810d70d78c7124a79,132,RTX 3090 physical GPU 1; Linux-5.4.0-150-generic-x86_64-with-glibc2.27; torch 2.6.0+cu124,patchcore-lite-wrn50-random-coreset+logreg,mvtec_bottle_official_style_100_30,reports/experiments/pc-lite-bottle-s132-20260823T123000Z/metrics.json,reports/experiments/pc-lite-bottle-s132-20260823T123000Z/model.pt,,"Community mirror, one category, preliminary; no full-benchmark claim"
pc-lite-bottle-official-s130-20260823T144354Z,completed_preliminary_single_category,2026-08-23T14:44:39+00:00,2026-08-23T14:44:58+00:00,UNAVAILABLE,true,416de329c2f738f070eea47f48b524592dd1e4c1e2abbc1280fb7ec87e0769bd,a9c44956f7aa9645904c2246410f5df18f8c0edc37fdabdc8445585b502b1571,f25898486f80435cb7800f9dfd88b27c871ee9c2ea57a0884df3412668535921,130,RTX 3090 physical GPU 1; Linux-5.4.0-150-generic-x86_64-with-glibc2.27; torch 2.6.0+cu124,patchcore-lite-wrn50-random-coreset+logreg,mvtec_bottle_official_style_100_30,reports/experiments/pc-lite-bottle-official-s130-20260823T144354Z/metrics.json,reports/experiments/pc-lite-bottle-official-s130-20260823T144354Z/model.pt,,"Dataset MVTec_AD_bottle_official_archive, one category, preliminary; no full-benchmark claim"
pc-lite-bottle-official-s131-20260823T144354Z,completed_preliminary_single_category,2026-08-23T14:45:01+00:00,2026-08-23T14:45:21+00:00,UNAVAILABLE,true,416de329c2f738f070eea47f48b524592dd1e4c1e2abbc1280fb7ec87e0769bd,a9c44956f7aa9645904c2246410f5df18f8c0edc37fdabdc8445585b502b1571,b208d154a89776d4962b65e3d4a4f87ab1dfdcc0d0ea5fc73802e2ed95e3f130,131,RTX 3090 physical GPU 1; Linux-5.4.0-150-generic-x86_64-with-glibc2.27; torch 2.6.0+cu124,patchcore-lite-wrn50-random-coreset+logreg,mvtec_bottle_official_style_100_30,reports/experiments/pc-lite-bottle-official-s131-20260823T144354Z/metrics.json,reports/experiments/pc-lite-bottle-official-s131-20260823T144354Z/model.pt,,"Dataset MVTec_AD_bottle_official_archive, one category, preliminary; no full-benchmark claim"
pc-lite-bottle-official-s132-20260823T144354Z,completed_preliminary_single_category,2026-08-23T14:45:24+00:00,2026-08-23T14:45:43+00:00,UNAVAILABLE,true,416de329c2f738f070eea47f48b524592dd1e4c1e2abbc1280fb7ec87e0769bd,a9c44956f7aa9645904c2246410f5df18f8c0edc37fdabdc8445585b502b1571,c33a78cf10dd19d4a3adf69941f4479520ab1fc64eb90f1718e5fd8c8e00ee73,132,RTX 3090 physical GPU 1; Linux-5.4.0-150-generic-x86_64-with-glibc2.27; torch 2.6.0+cu124,patchcore-lite-wrn50-random-coreset+logreg,mvtec_bottle_official_style_100_30,reports/experiments/pc-lite-bottle-official-s132-20260823T144354Z/metrics.json,reports/experiments/pc-lite-bottle-official-s132-20260823T144354Z/model.pt,,"Dataset MVTec_AD_bottle_official_archive, one category, preliminary; no full-benchmark claim"
pc-lite-mvtec-bottle-s130-20260823T152434Z-18420,completed_preliminary_single_category,2026-08-23T15:30:32+00:00,2026-08-23T15:31:58+00:00,UNAVAILABLE,true,67ccb6095ec545aa34e5133d84bca8e5ceab8b0f5fcfc7b9359aba26727c1e64,6069c761f5ad36c25f9cbd461d11eb1805686a3020a8bd9f494e25570b9cbcd9,f25898486f80435cb7800f9dfd88b27c871ee9c2ea57a0884df3412668535921,130,RTX 3090 physical GPU 6; Linux-5.4.0-150-generic-x86_64-with-glibc2.27; torch 2.6.0+cu124,patchcore-lite-wrn50-random-coreset+logreg,official_style_up_to_100_normal_30_seen_anomaly,/home/CuiMinghao/projects/AOI2026/EvoInspect_130_Research_Kit/reports/experiments/pc-lite-mvtec15-3seed-8gpu-20260823T152434Z-18420/runs/pc-lite-mvtec-bottle-s130-20260823T152434Z-18420/metrics.json,/home/CuiMinghao/projects/AOI2026/EvoInspect_130_Research_Kit/reports/experiments/pc-lite-mvtec15-3seed-8gpu-20260823T152434Z-18420/runs/pc-lite-mvtec-bottle-s130-20260823T152434Z-18420/model.pt,,"Dataset MVTec_AD_direct_archive, category mvtec_ad_bottle, preliminary; limits=[]; not formal upstream PatchCore"
pc-lite-mvtec-bottle-s131-20260823T152434Z-18420,completed_preliminary_single_category,2026-08-23T15:29:57+00:00,2026-08-23T15:31:08+00:00,UNAVAILABLE,true,67ccb6095ec545aa34e5133d84bca8e5ceab8b0f5fcfc7b9359aba26727c1e64,6069c761f5ad36c25f9cbd461d11eb1805686a3020a8bd9f494e25570b9cbcd9,b208d154a89776d4962b65e3d4a4f87ab1dfdcc0d0ea5fc73802e2ed95e3f130,131,RTX 3090 physical GPU 7; Linux-5.4.0-150-generic-x86_64-with-glibc2.27; torch 2.6.0+cu124,patchcore-lite-wrn50-random-coreset+logreg,official_style_up_to_100_normal_30_seen_anomaly,/home/CuiMinghao/projects/AOI2026/EvoInspect_130_Research_Kit/reports/experiments/pc-lite-mvtec15-3seed-8gpu-20260823T152434Z-18420/runs/pc-lite-mvtec-bottle-s131-20260823T152434Z-18420/metrics.json,/home/CuiMinghao/projects/AOI2026/EvoInspect_130_Research_Kit/reports/experiments/pc-lite-mvtec15-3seed-8gpu-20260823T152434Z-18420/runs/pc-lite-mvtec-bottle-s131-20260823T152434Z-18420/model.pt,,"Dataset MVTec_AD_direct_archive, category mvtec_ad_bottle, preliminary; limits=[]; not formal upstream PatchCore"
pc-lite-mvtec-bottle-s132-20260823T152434Z-18420,completed_preliminary_single_category,2026-08-23T15:32:25+00:00,2026-08-23T15:33:34+00:00,UNAVAILABLE,true,67ccb6095ec545aa34e5133d84bca8e5ceab8b0f5fcfc7b9359aba26727c1e64,6069c761f5ad36c25f9cbd461d11eb1805686a3020a8bd9f494e25570b9cbcd9,c33a78cf10dd19d4a3adf69941f4479520ab1fc64eb90f1718e5fd8c8e00ee73,132,RTX 3090 physical GPU 0; Linux-5.4.0-150-generic-x86_64-with-glibc2.27; torch 2.6.0+cu124,patchcore-lite-wrn50-random-coreset+logreg,official_style_up_to_100_normal_30_seen_anomaly,/home/CuiMinghao/projects/AOI2026/EvoInspect_130_Research_Kit/reports/experiments/pc-lite-mvtec15-3seed-8gpu-20260823T152434Z-18420/runs/pc-lite-mvtec-bottle-s132-20260823T152434Z-18420/metrics.json,/home/CuiMinghao/projects/AOI2026/EvoInspect_130_Research_Kit/reports/experiments/pc-lite-mvtec15-3seed-8gpu-20260823T152434Z-18420/runs/pc-lite-mvtec-bottle-s132-20260823T152434Z-18420/model.pt,,"Dataset MVTec_AD_direct_archive, category mvtec_ad_bottle, preliminary; limits=[]; not formal upstream PatchCore"
pc-lite-mvtec-cable-s130-20260823T152434Z-18420,completed_preliminary_single_category,2026-08-23T15:24:45+00:00,2026-08-23T15:26:41+00:00,UNAVAILABLE,true,67ccb6095ec545aa34e5133d84bca8e5ceab8b0f5fcfc7b9359aba26727c1e64,6069c761f5ad36c25f9cbd461d11eb1805686a3020a8bd9f494e25570b9cbcd9,6fb626627575d9ccb5fc820d7dbbbec05b39e1f8118a2058a45b0464414a9bf4,130,RTX 3090 physical GPU 0; Linux-5.4.0-150-generic-x86_64-with-glibc2.27; torch 2.6.0+cu124,patchcore-lite-wrn50-random-coreset+logreg,official_style_up_to_100_normal_30_seen_anomaly,/home/CuiMinghao/projects/AOI2026/EvoInspect_130_Research_Kit/reports/experiments/pc-lite-mvtec15-3seed-8gpu-20260823T152434Z-18420/runs/pc-lite-mvtec-cable-s130-20260823T152434Z-18420/metrics.json,/home/CuiMinghao/projects/AOI2026/EvoInspect_130_Research_Kit/reports/experiments/pc-lite-mvtec15-3seed-8gpu-20260823T152434Z-18420/runs/pc-lite-mvtec-cable-s130-20260823T152434Z-18420/model.pt,,"Dataset MVTec_AD_direct_archive, category mvtec_ad_cable, preliminary; limits=[]; not formal upstream PatchCore"
pc-lite-mvtec-cable-s131-20260823T152434Z-18420,completed_preliminary_single_category,2026-08-23T15:24:44+00:00,2026-08-23T15:26:38+00:00,UNAVAILABLE,true,67ccb6095ec545aa34e5133d84bca8e5ceab8b0f5fcfc7b9359aba26727c1e64,6069c761f5ad36c25f9cbd461d11eb1805686a3020a8bd9f494e25570b9cbcd9,2f918498c9054ebf4b04a2daa7a14cee6a3e456e536dc169e9091ce0917a9a74,131,RTX 3090 physical GPU 1; Linux-5.4.0-150-generic-x86_64-with-glibc2.27; torch 2.6.0+cu124,patchcore-lite-wrn50-random-coreset+logreg,official_style_up_to_100_normal_30_seen_anomaly,/home/CuiMinghao/projects/AOI2026/EvoInspect_130_Research_Kit/reports/experiments/pc-lite-mvtec15-3seed-8gpu-20260823T152434Z-18420/runs/pc-lite-mvtec-cable-s131-20260823T152434Z-18420/metrics.json,/home/CuiMinghao/projects/AOI2026/EvoInspect_130_Research_Kit/reports/experiments/pc-lite-mvtec15-3seed-8gpu-20260823T152434Z-18420/runs/pc-lite-mvtec-cable-s131-20260823T152434Z-18420/model.pt,,"Dataset MVTec_AD_direct_archive, category mvtec_ad_cable, preliminary; limits=[]; not formal upstream PatchCore"
pc-lite-mvtec-cable-s132-20260823T152434Z-18420,completed_preliminary_single_category,2026-08-23T15:24:44+00:00,2026-08-23T15:26:39+00:00,UNAVAILABLE,true,67ccb6095ec545aa34e5133d84bca8e5ceab8b0f5fcfc7b9359aba26727c1e64,6069c761f5ad36c25f9cbd461d11eb1805686a3020a8bd9f494e25570b9cbcd9,57b60dddd47f1c028dd90d28593d14e8e0fa826a1962bedefb1c2e5b6aac72a1,132,RTX 3090 physical GPU 2; Linux-5.4.0-150-generic-x86_64-with-glibc2.27; torch 2.6.0+cu124,patchcore-lite-wrn50-random-coreset+logreg,official_style_up_to_100_normal_30_seen_anomaly,/home/CuiMinghao/projects/AOI2026/EvoInspect_130_Research_Kit/reports/experiments/pc-lite-mvtec15-3seed-8gpu-20260823T152434Z-18420/runs/pc-lite-mvtec-cable-s132-20260823T152434Z-18420/metrics.json,/home/CuiMinghao/projects/AOI2026/EvoInspect_130_Research_Kit/reports/experiments/pc-lite-mvtec15-3seed-8gpu-20260823T152434Z-18420/runs/pc-lite-mvtec-cable-s132-20260823T152434Z-18420/model.pt,,"Dataset MVTec_AD_direct_archive, category mvtec_ad_cable, preliminary; limits=[]; not formal upstream PatchCore"
pc-lite-mvtec-capsule-s130-20260823T152434Z-18420,completed_preliminary_single_category,2026-08-23T15:24:45+00:00,2026-08-23T15:26:37+00:00,UNAVAILABLE,true,67ccb6095ec545aa34e5133d84bca8e5ceab8b0f5fcfc7b9359aba26727c1e64,6069c761f5ad36c25f9cbd461d11eb1805686a3020a8bd9f494e25570b9cbcd9,664320350ffef736d2a4f1f67e89256908e25131beecfb58c487060340788994,130,RTX 3090 physical GPU 3; Linux-5.4.0-150-generic-x86_64-with-glibc2.27; torch 2.6.0+cu124,patchcore-lite-wrn50-random-coreset+logreg,official_style_up_to_100_normal_30_seen_anomaly,/home/CuiMinghao/projects/AOI2026/EvoInspect_130_Research_Kit/reports/experiments/pc-lite-mvtec15-3seed-8gpu-20260823T152434Z-18420/runs/pc-lite-mvtec-capsule-s130-20260823T152434Z-18420/metrics.json,/home/CuiMinghao/projects/AOI2026/EvoInspect_130_Research_Kit/reports/experiments/pc-lite-mvtec15-3seed-8gpu-20260823T152434Z-18420/runs/pc-lite-mvtec-capsule-s130-20260823T152434Z-18420/model.pt,,"Dataset MVTec_AD_direct_archive, category mvtec_ad_capsule, preliminary; limits=[]; not formal upstream PatchCore"
pc-lite-mvtec-capsule-s131-20260823T152434Z-18420,completed_preliminary_single_category,2026-08-23T15:24:45+00:00,2026-08-23T15:26:37+00:00,UNAVAILABLE,true,67ccb6095ec545aa34e5133d84bca8e5ceab8b0f5fcfc7b9359aba26727c1e64,6069c761f5ad36c25f9cbd461d11eb1805686a3020a8bd9f494e25570b9cbcd9,3910d5b84c141907a6721a63f9266523e3e11f5a9ccaa24d9c40845cef641277,131,RTX 3090 physical GPU 4; Linux-5.4.0-150-generic-x86_64-with-glibc2.27; torch 2.6.0+cu124,patchcore-lite-wrn50-random-coreset+logreg,official_style_up_to_100_normal_30_seen_anomaly,/home/CuiMinghao/projects/AOI2026/EvoInspect_130_Research_Kit/reports/experiments/pc-lite-mvtec15-3seed-8gpu-20260823T152434Z-18420/runs/pc-lite-mvtec-capsule-s131-20260823T152434Z-18420/metrics.json,/home/CuiMinghao/projects/AOI2026/EvoInspect_130_Research_Kit/reports/experiments/pc-lite-mvtec15-3seed-8gpu-20260823T152434Z-18420/runs/pc-lite-mvtec-capsule-s131-20260823T152434Z-18420/model.pt,,"Dataset MVTec_AD_direct_archive, category mvtec_ad_capsule, preliminary; limits=[]; not formal upstream PatchCore"
pc-lite-mvtec-capsule-s132-20260823T152434Z-18420,completed_preliminary_single_category,2026-08-23T15:24:45+00:00,2026-08-23T15:26:39+00:00,UNAVAILABLE,true,67ccb6095ec545aa34e5133d84bca8e5ceab8b0f5fcfc7b9359aba26727c1e64,6069c761f5ad36c25f9cbd461d11eb1805686a3020a8bd9f494e25570b9cbcd9,42adc7179a71824c28cfc622ba03defeaa1aee3446fb2d9a54b43fcbdfab75c4,132,RTX 3090 physical GPU 5; Linux-5.4.0-150-generic-x86_64-with-glibc2.27; torch 2.6.0+cu124,patchcore-lite-wrn50-random-coreset+logreg,official_style_up_to_100_normal_30_seen_anomaly,/home/CuiMinghao/projects/AOI2026/EvoInspect_130_Research_Kit/reports/experiments/pc-lite-mvtec15-3seed-8gpu-20260823T152434Z-18420/runs/pc-lite-mvtec-capsule-s132-20260823T152434Z-18420/metrics.json,/home/CuiMinghao/projects/AOI2026/EvoInspect_130_Research_Kit/reports/experiments/pc-lite-mvtec15-3seed-8gpu-20260823T152434Z-18420/runs/pc-lite-mvtec-capsule-s132-20260823T152434Z-18420/model.pt,,"Dataset MVTec_AD_direct_archive, category mvtec_ad_capsule, preliminary; limits=[]; not formal upstream PatchCore"
pc-lite-mvtec-carpet-s130-20260823T152434Z-18420,completed_preliminary_single_category,2026-08-23T15:26:40+00:00,2026-08-23T15:28:12+00:00,UNAVAILABLE,true,67ccb6095ec545aa34e5133d84bca8e5ceab8b0f5fcfc7b9359aba26727c1e64,6069c761f5ad36c25f9cbd461d11eb1805686a3020a8bd9f494e25570b9cbcd9,37c74aa87c2c95aa2ef5a2b4ba611ba52f6b2e8c8bc4c3a38a14beb41d3925bb,130,RTX 3090 physical GPU 7; Linux-5.4.0-150-generic-x86_64-with-glibc2.27; torch 2.6.0+cu124,patchcore-lite-wrn50-random-coreset+logreg,official_style_up_to_100_normal_30_seen_anomaly,/home/CuiMinghao/projects/AOI2026/EvoInspect_130_Research_Kit/reports/experiments/pc-lite-mvtec15-3seed-8gpu-20260823T152434Z-18420/runs/pc-lite-mvtec-carpet-s130-20260823T152434Z-18420/metrics.json,/home/CuiMinghao/projects/AOI2026/EvoInspect_130_Research_Kit/reports/experiments/pc-lite-mvtec15-3seed-8gpu-20260823T152434Z-18420/runs/pc-lite-mvtec-carpet-s130-20260823T152434Z-18420/model.pt,,"Dataset MVTec_AD_direct_archive, category mvtec_ad_carpet, preliminary; limits=[]; not formal upstream PatchCore"
pc-lite-mvtec-carpet-s131-20260823T152434Z-18420,completed_preliminary_single_category,2026-08-23T15:28:52+00:00,2026-08-23T15:30:29+00:00,UNAVAILABLE,true,67ccb6095ec545aa34e5133d84bca8e5ceab8b0f5fcfc7b9359aba26727c1e64,6069c761f5ad36c25f9cbd461d11eb1805686a3020a8bd9f494e25570b9cbcd9,72f9149483a7efad5e978b6c0015757e4683063ee29971a73df06e3df31a372b,131,RTX 3090 physical GPU 0; Linux-5.4.0-150-generic-x86_64-with-glibc2.27; torch 2.6.0+cu124,patchcore-lite-wrn50-random-coreset+logreg,official_style_up_to_100_normal_30_seen_anomaly,/home/CuiMinghao/projects/AOI2026/EvoInspect_130_Research_Kit/reports/experiments/pc-lite-mvtec15-3seed-8gpu-20260823T152434Z-18420/runs/pc-lite-mvtec-carpet-s131-20260823T152434Z-18420/metrics.json,/home/CuiMinghao/projects/AOI2026/EvoInspect_130_Research_Kit/reports/experiments/pc-lite-mvtec15-3seed-8gpu-20260823T152434Z-18420/runs/pc-lite-mvtec-carpet-s131-20260823T152434Z-18420/model.pt,,"Dataset MVTec_AD_direct_archive, category mvtec_ad_carpet, preliminary; limits=[]; not formal upstream PatchCore"
pc-lite-mvtec-carpet-s132-20260823T152434Z-18420,completed_preliminary_single_category,2026-08-23T15:28:45+00:00,2026-08-23T15:30:26+00:00,UNAVAILABLE,true,67ccb6095ec545aa34e5133d84bca8e5ceab8b0f5fcfc7b9359aba26727c1e64,6069c761f5ad36c25f9cbd461d11eb1805686a3020a8bd9f494e25570b9cbcd9,4adfb5ee5118e778a5ba3f08b00f430ecee025e19df1c4efc70f13e82d8a7a80,132,RTX 3090 physical GPU 1; Linux-5.4.0-150-generic-x86_64-with-glibc2.27; torch 2.6.0+cu124,patchcore-lite-wrn50-random-coreset+logreg,official_style_up_to_100_normal_30_seen_anomaly,/home/CuiMinghao/projects/AOI2026/EvoInspect_130_Research_Kit/reports/experiments/pc-lite-mvtec15-3seed-8gpu-20260823T152434Z-18420/runs/pc-lite-mvtec-carpet-s132-20260823T152434Z-18420/metrics.json,/home/CuiMinghao/projects/AOI2026/EvoInspect_130_Research_Kit/reports/experiments/pc-lite-mvtec15-3seed-8gpu-20260823T152434Z-18420/runs/pc-lite-mvtec-carpet-s132-20260823T152434Z-18420/model.pt,,"Dataset MVTec_AD_direct_archive, category mvtec_ad_carpet, preliminary; limits=[]; not formal upstream PatchCore"
pc-lite-mvtec-grid-s130-20260823T152434Z-18420,completed_preliminary_single_category,2026-08-23T15:32:19+00:00,2026-08-23T15:33:30+00:00,UNAVAILABLE,true,67ccb6095ec545aa34e5133d84bca8e5ceab8b0f5fcfc7b9359aba26727c1e64,6069c761f5ad36c25f9cbd461d11eb1805686a3020a8bd9f494e25570b9cbcd9,2d733fdc472cbd7ec9b77e05fe42c5b034d12f41cadb78b63128c9befb4612c5,130,RTX 3090 physical GPU 1; Linux-5.4.0-150-generic-x86_64-with-glibc2.27; torch 2.6.0+cu124,patchcore-lite-wrn50-random-coreset+logreg,official_style_up_to_100_normal_30_seen_anomaly,/home/CuiMinghao/projects/AOI2026/EvoInspect_130_Research_Kit/reports/experiments/pc-lite-mvtec15-3seed-8gpu-20260823T152434Z-18420/runs/pc-lite-mvtec-grid-s130-20260823T152434Z-18420/metrics.json,/home/CuiMinghao/projects/AOI2026/EvoInspect_130_Research_Kit/reports/experiments/pc-lite-mvtec15-3seed-8gpu-20260823T152434Z-18420/runs/pc-lite-mvtec-grid-s130-20260823T152434Z-18420/model.pt,,"Dataset MVTec_AD_direct_archive, category mvtec_ad_grid, preliminary; limits=[]; not formal upstream PatchCore"
pc-lite-mvtec-grid-s131-20260823T152434Z-18420,completed_preliminary_single_category,2026-08-23T15:32:18+00:00,2026-08-23T15:33:29+00:00,UNAVAILABLE,true,67ccb6095ec545aa34e5133d84bca8e5ceab8b0f5fcfc7b9359aba26727c1e64,6069c761f5ad36c25f9cbd461d11eb1805686a3020a8bd9f494e25570b9cbcd9,fa1b9c6a5a3ac27d2cb26d2842f5985a0119790aed96fb19ad205cdd2bb38190,131,RTX 3090 physical GPU 2; Linux-5.4.0-150-generic-x86_64-with-glibc2.27; torch 2.6.0+cu124,patchcore-lite-wrn50-random-coreset+logreg,official_style_up_to_100_normal_30_seen_anomaly,/home/CuiMinghao/projects/AOI2026/EvoInspect_130_Research_Kit/reports/experiments/pc-lite-mvtec15-3seed-8gpu-20260823T152434Z-18420/runs/pc-lite-mvtec-grid-s131-20260823T152434Z-18420/metrics.json,/home/CuiMinghao/projects/AOI2026/EvoInspect_130_Research_Kit/reports/experiments/pc-lite-mvtec15-3seed-8gpu-20260823T152434Z-18420/runs/pc-lite-mvtec-grid-s131-20260823T152434Z-18420/model.pt,,"Dataset MVTec_AD_direct_archive, category mvtec_ad_grid, preliminary; limits=[]; not formal upstream PatchCore"
pc-lite-mvtec-grid-s132-20260823T152434Z-18420,completed_preliminary_single_category,2026-08-23T15:32:09+00:00,2026-08-23T15:33:20+00:00,UNAVAILABLE,true,67ccb6095ec545aa34e5133d84bca8e5ceab8b0f5fcfc7b9359aba26727c1e64,6069c761f5ad36c25f9cbd461d11eb1805686a3020a8bd9f494e25570b9cbcd9,01d7cbf3dcca7a06e8c2d1f99051282f53de7009de8b09602d7b6e5afcbe12a8,132,RTX 3090 physical GPU 3; Linux-5.4.0-150-generic-x86_64-with-glibc2.27; torch 2.6.0+cu124,patchcore-lite-wrn50-random-coreset+logreg,official_style_up_to_100_normal_30_seen_anomaly,/home/CuiMinghao/projects/AOI2026/EvoInspect_130_Research_Kit/reports/experiments/pc-lite-mvtec15-3seed-8gpu-20260823T152434Z-18420/runs/pc-lite-mvtec-grid-s132-20260823T152434Z-18420/metrics.json,/home/CuiMinghao/projects/AOI2026/EvoInspect_130_Research_Kit/reports/experiments/pc-lite-mvtec15-3seed-8gpu-20260823T152434Z-18420/runs/pc-lite-mvtec-grid-s132-20260823T152434Z-18420/model.pt,,"Dataset MVTec_AD_direct_archive, category mvtec_ad_grid, preliminary; limits=[]; not formal upstream PatchCore"
pc-lite-mvtec-hazelnut-s130-20260823T152434Z-18420,completed_preliminary_single_category,2026-08-23T15:30:39+00:00,2026-08-23T15:32:12+00:00,UNAVAILABLE,true,67ccb6095ec545aa34e5133d84bca8e5ceab8b0f5fcfc7b9359aba26727c1e64,6069c761f5ad36c25f9cbd461d11eb1805686a3020a8bd9f494e25570b9cbcd9,1cbb9442ba440de357c075042d122f3d54100be65036738410e11cafe0f47861,130,RTX 3090 physical GPU 0; Linux-5.4.0-150-generic-x86_64-with-glibc2.27; torch 2.6.0+cu124,patchcore-lite-wrn50-random-coreset+logreg,official_style_up_to_100_normal_30_seen_anomaly,/home/CuiMinghao/projects/AOI2026/EvoInspect_130_Research_Kit/reports/experiments/pc-lite-mvtec15-3seed-8gpu-20260823T152434Z-18420/runs/pc-lite-mvtec-hazelnut-s130-20260823T152434Z-18420/metrics.json,/home/CuiMinghao/projects/AOI2026/EvoInspect_130_Research_Kit/reports/experiments/pc-lite-mvtec15-3seed-8gpu-20260823T152434Z-18420/runs/pc-lite-mvtec-hazelnut-s130-20260823T152434Z-18420/model.pt,,"Dataset MVTec_AD_direct_archive, category mvtec_ad_hazelnut, preliminary; limits=[]; not formal upstream PatchCore"
pc-lite-mvtec-hazelnut-s131-20260823T152434Z-18420,completed_preliminary_single_category,2026-08-23T15:30:35+00:00,2026-08-23T15:32:09+00:00,UNAVAILABLE,true,67ccb6095ec545aa34e5133d84bca8e5ceab8b0f5fcfc7b9359aba26727c1e64,6069c761f5ad36c25f9cbd461d11eb1805686a3020a8bd9f494e25570b9cbcd9,0a225ead1468b84bb4cb6fb8d1b17be04808a37f31c3b4856b4801a91b36fd23,131,RTX 3090 physical GPU 1; Linux-5.4.0-150-generic-x86_64-with-glibc2.27; torch 2.6.0+cu124,patchcore-lite-wrn50-random-coreset+logreg,official_style_up_to_100_normal_30_seen_anomaly,/home/CuiMinghao/projects/AOI2026/EvoInspect_130_Research_Kit/reports/experiments/pc-lite-mvtec15-3seed-8gpu-20260823T152434Z-18420/runs/pc-lite-mvtec-hazelnut-s131-20260823T152434Z-18420/metrics.json,/home/CuiMinghao/projects/AOI2026/EvoInspect_130_Research_Kit/reports/experiments/pc-lite-mvtec15-3seed-8gpu-20260823T152434Z-18420/runs/pc-lite-mvtec-hazelnut-s131-20260823T152434Z-18420/model.pt,,"Dataset MVTec_AD_direct_archive, category mvtec_ad_hazelnut, preliminary; limits=[]; not formal upstream PatchCore"
pc-lite-mvtec-hazelnut-s132-20260823T152434Z-18420,completed_preliminary_single_category,2026-08-23T15:30:36+00:00,2026-08-23T15:32:08+00:00,UNAVAILABLE,true,67ccb6095ec545aa34e5133d84bca8e5ceab8b0f5fcfc7b9359aba26727c1e64,6069c761f5ad36c25f9cbd461d11eb1805686a3020a8bd9f494e25570b9cbcd9,a6776ae02ae39e81b87960c27fbc3a0db7014362ba08e50acf714e69b3ac4cf9,132,RTX 3090 physical GPU 2; Linux-5.4.0-150-generic-x86_64-with-glibc2.27; torch 2.6.0+cu124,patchcore-lite-wrn50-random-coreset+logreg,official_style_up_to_100_normal_30_seen_anomaly,/home/CuiMinghao/projects/AOI2026/EvoInspect_130_Research_Kit/reports/experiments/pc-lite-mvtec15-3seed-8gpu-20260823T152434Z-18420/runs/pc-lite-mvtec-hazelnut-s132-20260823T152434Z-18420/metrics.json,/home/CuiMinghao/projects/AOI2026/EvoInspect_130_Research_Kit/reports/experiments/pc-lite-mvtec15-3seed-8gpu-20260823T152434Z-18420/runs/pc-lite-mvtec-hazelnut-s132-20260823T152434Z-18420/model.pt,,"Dataset MVTec_AD_direct_archive, category mvtec_ad_hazelnut, preliminary; limits=[]; not formal upstream PatchCore"
pc-lite-mvtec-leather-s130-20260823T152434Z-18420,completed_preliminary_single_category,2026-08-23T15:28:45+00:00,2026-08-23T15:30:28+00:00,UNAVAILABLE,true,67ccb6095ec545aa34e5133d84bca8e5ceab8b0f5fcfc7b9359aba26727c1e64,6069c761f5ad36c25f9cbd461d11eb1805686a3020a8bd9f494e25570b9cbcd9,9fcb871b5f2740254a4f2a3769cc7c2ec8ed13cae77fffce8c4671912ceb54a0,130,RTX 3090 physical GPU 2; Linux-5.4.0-150-generic-x86_64-with-glibc2.27; torch 2.6.0+cu124,patchcore-lite-wrn50-random-coreset+logreg,official_style_up_to_100_normal_30_seen_anomaly,/home/CuiMinghao/projects/AOI2026/EvoInspect_130_Research_Kit/reports/experiments/pc-lite-mvtec15-3seed-8gpu-20260823T152434Z-18420/runs/pc-lite-mvtec-leather-s130-20260823T152434Z-18420/metrics.json,/home/CuiMinghao/projects/AOI2026/EvoInspect_130_Research_Kit/reports/experiments/pc-lite-mvtec15-3seed-8gpu-20260823T152434Z-18420/runs/pc-lite-mvtec-leather-s130-20260823T152434Z-18420/model.pt,,"Dataset MVTec_AD_direct_archive, category mvtec_ad_leather, preliminary; limits=[]; not formal upstream PatchCore"
pc-lite-mvtec-leather-s131-20260823T152434Z-18420,completed_preliminary_single_category,2026-08-23T15:28:45+00:00,2026-08-23T15:30:23+00:00,UNAVAILABLE,true,67ccb6095ec545aa34e5133d84bca8e5ceab8b0f5fcfc7b9359aba26727c1e64,6069c761f5ad36c25f9cbd461d11eb1805686a3020a8bd9f494e25570b9cbcd9,c12de61f9eea6e793eec0862d88915636fbef935d215f60e4f3d0afa0d359247,131,RTX 3090 physical GPU 3; Linux-5.4.0-150-generic-x86_64-with-glibc2.27; torch 2.6.0+cu124,patchcore-lite-wrn50-random-coreset+logreg,official_style_up_to_100_normal_30_seen_anomaly,/home/CuiMinghao/projects/AOI2026/EvoInspect_130_Research_Kit/reports/experiments/pc-lite-mvtec15-3seed-8gpu-20260823T152434Z-18420/runs/pc-lite-mvtec-leather-s131-20260823T152434Z-18420/metrics.json,/home/CuiMinghao/projects/AOI2026/EvoInspect_130_Research_Kit/reports/experiments/pc-lite-mvtec15-3seed-8gpu-20260823T152434Z-18420/runs/pc-lite-mvtec-leather-s131-20260823T152434Z-18420/model.pt,,"Dataset MVTec_AD_direct_archive, category mvtec_ad_leather, preliminary; limits=[]; not formal upstream PatchCore"
pc-lite-mvtec-leather-s132-20260823T152434Z-18420,completed_preliminary_single_category,2026-08-23T15:28:41+00:00,2026-08-23T15:30:13+00:00,UNAVAILABLE,true,67ccb6095ec545aa34e5133d84bca8e5ceab8b0f5fcfc7b9359aba26727c1e64,6069c761f5ad36c25f9cbd461d11eb1805686a3020a8bd9f494e25570b9cbcd9,503247f07d4937d37aafb2315708d1a118c89b55aae5aee4a3fc4ff2db60346a,132,RTX 3090 physical GPU 4; Linux-5.4.0-150-generic-x86_64-with-glibc2.27; torch 2.6.0+cu124,patchcore-lite-wrn50-random-coreset+logreg,official_style_up_to_100_normal_30_seen_anomaly,/home/CuiMinghao/projects/AOI2026/EvoInspect_130_Research_Kit/reports/experiments/pc-lite-mvtec15-3seed-8gpu-20260823T152434Z-18420/runs/pc-lite-mvtec-leather-s132-20260823T152434Z-18420/metrics.json,/home/CuiMinghao/projects/AOI2026/EvoInspect_130_Research_Kit/reports/experiments/pc-lite-mvtec15-3seed-8gpu-20260823T152434Z-18420/runs/pc-lite-mvtec-leather-s132-20260823T152434Z-18420/model.pt,,"Dataset MVTec_AD_direct_archive, category mvtec_ad_leather, preliminary; limits=[]; not formal upstream PatchCore"
pc-lite-mvtec-metal_nut-s130-20260823T152434Z-18420,completed_preliminary_single_category,2026-08-23T15:30:31+00:00,2026-08-23T15:31:59+00:00,UNAVAILABLE,true,67ccb6095ec545aa34e5133d84bca8e5ceab8b0f5fcfc7b9359aba26727c1e64,6069c761f5ad36c25f9cbd461d11eb1805686a3020a8bd9f494e25570b9cbcd9,d3f2435e242144c5897adc24b13d57e16d595c48dda4e2f20360b58fa1f2c71e,130,RTX 3090 physical GPU 3; Linux-5.4.0-150-generic-x86_64-with-glibc2.27; torch 2.6.0+cu124,patchcore-lite-wrn50-random-coreset+logreg,official_style_up_to_100_normal_30_seen_anomaly,/home/CuiMinghao/projects/AOI2026/EvoInspect_130_Research_Kit/reports/experiments/pc-lite-mvtec15-3seed-8gpu-20260823T152434Z-18420/runs/pc-lite-mvtec-metal_nut-s130-20260823T152434Z-18420/metrics.json,/home/CuiMinghao/projects/AOI2026/EvoInspect_130_Research_Kit/reports/experiments/pc-lite-mvtec15-3seed-8gpu-20260823T152434Z-18420/runs/pc-lite-mvtec-metal_nut-s130-20260823T152434Z-18420/model.pt,,"Dataset MVTec_AD_direct_archive, category mvtec_ad_metal_nut, preliminary; limits=[]; not formal upstream PatchCore"
pc-lite-mvtec-metal_nut-s131-20260823T152434Z-18420,completed_preliminary_single_category,2026-08-23T15:30:24+00:00,2026-08-23T15:31:45+00:00,UNAVAILABLE,true,67ccb6095ec545aa34e5133d84bca8e5ceab8b0f5fcfc7b9359aba26727c1e64,6069c761f5ad36c25f9cbd461d11eb1805686a3020a8bd9f494e25570b9cbcd9,dcdf5ff5d622f6fafb5050c79208c520928593195604785e348c909aed7859b0,131,RTX 3090 physical GPU 4; Linux-5.4.0-150-generic-x86_64-with-glibc2.27; torch 2.6.0+cu124,patchcore-lite-wrn50-random-coreset+logreg,official_style_up_to_100_normal_30_seen_anomaly,/home/CuiMinghao/projects/AOI2026/EvoInspect_130_Research_Kit/reports/experiments/pc-lite-mvtec15-3seed-8gpu-20260823T152434Z-18420/runs/pc-lite-mvtec-metal_nut-s131-20260823T152434Z-18420/metrics.json,/home/CuiMinghao/projects/AOI2026/EvoInspect_130_Research_Kit/reports/experiments/pc-lite-mvtec15-3seed-8gpu-20260823T152434Z-18420/runs/pc-lite-mvtec-metal_nut-s131-20260823T152434Z-18420/model.pt,,"Dataset MVTec_AD_direct_archive, category mvtec_ad_metal_nut, preliminary; limits=[]; not formal upstream PatchCore"
pc-lite-mvtec-metal_nut-s132-20260823T152434Z-18420,completed_preliminary_single_category,2026-08-23T15:30:32+00:00,2026-08-23T15:32:00+00:00,UNAVAILABLE,true,67ccb6095ec545aa34e5133d84bca8e5ceab8b0f5fcfc7b9359aba26727c1e64,6069c761f5ad36c25f9cbd461d11eb1805686a3020a8bd9f494e25570b9cbcd9,39248869a11c521f906a33d34061eb07b5eaa659e01756b1832851602239a8ed,132,RTX 3090 physical GPU 5; Linux-5.4.0-150-generic-x86_64-with-glibc2.27; torch 2.6.0+cu124,patchcore-lite-wrn50-random-coreset+logreg,official_style_up_to_100_normal_30_seen_anomaly,/home/CuiMinghao/projects/AOI2026/EvoInspect_130_Research_Kit/reports/experiments/pc-lite-mvtec15-3seed-8gpu-20260823T152434Z-18420/runs/pc-lite-mvtec-metal_nut-s132-20260823T152434Z-18420/metrics.json,/home/CuiMinghao/projects/AOI2026/EvoInspect_130_Research_Kit/reports/experiments/pc-lite-mvtec15-3seed-8gpu-20260823T152434Z-18420/runs/pc-lite-mvtec-metal_nut-s132-20260823T152434Z-18420/model.pt,,"Dataset MVTec_AD_direct_archive, category mvtec_ad_metal_nut, preliminary; limits=[]; not formal upstream PatchCore"
pc-lite-mvtec-pill-s130-20260823T152434Z-18420,completed_preliminary_single_category,2026-08-23T15:24:45+00:00,2026-08-23T15:26:38+00:00,UNAVAILABLE,true,67ccb6095ec545aa34e5133d84bca8e5ceab8b0f5fcfc7b9359aba26727c1e64,6069c761f5ad36c25f9cbd461d11eb1805686a3020a8bd9f494e25570b9cbcd9,21371aca3cc89c84e39cf75e7d53628cf5e822cc41cd9fe4e937196ac4902e93,130,RTX 3090 physical GPU 6; Linux-5.4.0-150-generic-x86_64-with-glibc2.27; torch 2.6.0+cu124,patchcore-lite-wrn50-random-coreset+logreg,official_style_up_to_100_normal_30_seen_anomaly,/home/CuiMinghao/projects/AOI2026/EvoInspect_130_Research_Kit/reports/experiments/pc-lite-mvtec15-3seed-8gpu-20260823T152434Z-18420/runs/pc-lite-mvtec-pill-s130-20260823T152434Z-18420/metrics.json,/home/CuiMinghao/projects/AOI2026/EvoInspect_130_Research_Kit/reports/experiments/pc-lite-mvtec15-3seed-8gpu-20260823T152434Z-18420/runs/pc-lite-mvtec-pill-s130-20260823T152434Z-18420/model.pt,,"Dataset MVTec_AD_direct_archive, category mvtec_ad_pill, preliminary; limits=[]; not formal upstream PatchCore"
pc-lite-mvtec-pill-s131-20260823T152434Z-18420,completed_preliminary_single_category,2026-08-23T15:24:45+00:00,2026-08-23T15:26:31+00:00,UNAVAILABLE,true,67ccb6095ec545aa34e5133d84bca8e5ceab8b0f5fcfc7b9359aba26727c1e64,6069c761f5ad36c25f9cbd461d11eb1805686a3020a8bd9f494e25570b9cbcd9,d9260f3c1f952f18b9638a756f65a097ee12db544616bbb8e5c2d54a296899ee,131,RTX 3090 physical GPU 7; Linux-5.4.0-150-generic-x86_64-with-glibc2.27; torch 2.6.0+cu124,patchcore-lite-wrn50-random-coreset+logreg,official_style_up_to_100_normal_30_seen_anomaly,/home/CuiMinghao/projects/AOI2026/EvoInspect_130_Research_Kit/reports/experiments/pc-lite-mvtec15-3seed-8gpu-20260823T152434Z-18420/runs/pc-lite-mvtec-pill-s131-20260823T152434Z-18420/metrics.json,/home/CuiMinghao/projects/AOI2026/EvoInspect_130_Research_Kit/reports/experiments/pc-lite-mvtec15-3seed-8gpu-20260823T152434Z-18420/runs/pc-lite-mvtec-pill-s131-20260823T152434Z-18420/model.pt,,"Dataset MVTec_AD_direct_archive, category mvtec_ad_pill, preliminary; limits=[]; not formal upstream PatchCore"
pc-lite-mvtec-pill-s132-20260823T152434Z-18420,completed_preliminary_single_category,2026-08-23T15:26:51+00:00,2026-08-23T15:28:41+00:00,UNAVAILABLE,true,67ccb6095ec545aa34e5133d84bca8e5ceab8b0f5fcfc7b9359aba26727c1e64,6069c761f5ad36c25f9cbd461d11eb1805686a3020a8bd9f494e25570b9cbcd9,7116fbf2b9341bdf473b265f3203c4fb0915522eea56f1a43a653dd3788328a5,132,RTX 3090 physical GPU 0; Linux-5.4.0-150-generic-x86_64-with-glibc2.27; torch 2.6.0+cu124,patchcore-lite-wrn50-random-coreset+logreg,official_style_up_to_100_normal_30_seen_anomaly,/home/CuiMinghao/projects/AOI2026/EvoInspect_130_Research_Kit/reports/experiments/pc-lite-mvtec15-3seed-8gpu-20260823T152434Z-18420/runs/pc-lite-mvtec-pill-s132-20260823T152434Z-18420/metrics.json,/home/CuiMinghao/projects/AOI2026/EvoInspect_130_Research_Kit/reports/experiments/pc-lite-mvtec15-3seed-8gpu-20260823T152434Z-18420/runs/pc-lite-mvtec-pill-s132-20260823T152434Z-18420/model.pt,,"Dataset MVTec_AD_direct_archive, category mvtec_ad_pill, preliminary; limits=[]; not formal upstream PatchCore"
pc-lite-mvtec-screw-s130-20260823T152434Z-18420,completed_preliminary_single_category,2026-08-23T15:26:45+00:00,2026-08-23T15:28:32+00:00,UNAVAILABLE,true,67ccb6095ec545aa34e5133d84bca8e5ceab8b0f5fcfc7b9359aba26727c1e64,6069c761f5ad36c25f9cbd461d11eb1805686a3020a8bd9f494e25570b9cbcd9,b384b4e4d976b0f39339de019b1f2a40e03f01a3c7de8576b1b89b97658f0d90,130,RTX 3090 physical GPU 4; Linux-5.4.0-150-generic-x86_64-with-glibc2.27; torch 2.6.0+cu124,patchcore-lite-wrn50-random-coreset+logreg,official_style_up_to_100_normal_30_seen_anomaly,/home/CuiMinghao/projects/AOI2026/EvoInspect_130_Research_Kit/reports/experiments/pc-lite-mvtec15-3seed-8gpu-20260823T152434Z-18420/runs/pc-lite-mvtec-screw-s130-20260823T152434Z-18420/metrics.json,/home/CuiMinghao/projects/AOI2026/EvoInspect_130_Research_Kit/reports/experiments/pc-lite-mvtec15-3seed-8gpu-20260823T152434Z-18420/runs/pc-lite-mvtec-screw-s130-20260823T152434Z-18420/model.pt,,"Dataset MVTec_AD_direct_archive, category mvtec_ad_screw, preliminary; limits=[]; not formal upstream PatchCore"
pc-lite-mvtec-screw-s131-20260823T152434Z-18420,completed_preliminary_single_category,2026-08-23T15:26:47+00:00,2026-08-23T15:28:37+00:00,UNAVAILABLE,true,67ccb6095ec545aa34e5133d84bca8e5ceab8b0f5fcfc7b9359aba26727c1e64,6069c761f5ad36c25f9cbd461d11eb1805686a3020a8bd9f494e25570b9cbcd9,c4ab43c8b2105686d63e3aa9e8f04240319547267bcf98c4620aef2d3e1cb4b7,131,RTX 3090 physical GPU 5; Linux-5.4.0-150-generic-x86_64-with-glibc2.27; torch 2.6.0+cu124,patchcore-lite-wrn50-random-coreset+logreg,official_style_up_to_100_normal_30_seen_anomaly,/home/CuiMinghao/projects/AOI2026/EvoInspect_130_Research_Kit/reports/experiments/pc-lite-mvtec15-3seed-8gpu-20260823T152434Z-18420/runs/pc-lite-mvtec-screw-s131-20260823T152434Z-18420/metrics.json,/home/CuiMinghao/projects/AOI2026/EvoInspect_130_Research_Kit/reports/experiments/pc-lite-mvtec15-3seed-8gpu-20260823T152434Z-18420/runs/pc-lite-mvtec-screw-s131-20260823T152434Z-18420/model.pt,,"Dataset MVTec_AD_direct_archive, category mvtec_ad_screw, preliminary; limits=[]; not formal upstream PatchCore"
pc-lite-mvtec-screw-s132-20260823T152434Z-18420,completed_preliminary_single_category,2026-08-23T15:26:46+00:00,2026-08-23T15:28:37+00:00,UNAVAILABLE,true,67ccb6095ec545aa34e5133d84bca8e5ceab8b0f5fcfc7b9359aba26727c1e64,6069c761f5ad36c25f9cbd461d11eb1805686a3020a8bd9f494e25570b9cbcd9,a28d2037fe58478cec2797003f1723c3c2e90ac27e5985b97be1534d0881030c,132,RTX 3090 physical GPU 6; Linux-5.4.0-150-generic-x86_64-with-glibc2.27; torch 2.6.0+cu124,patchcore-lite-wrn50-random-coreset+logreg,official_style_up_to_100_normal_30_seen_anomaly,/home/CuiMinghao/projects/AOI2026/EvoInspect_130_Research_Kit/reports/experiments/pc-lite-mvtec15-3seed-8gpu-20260823T152434Z-18420/runs/pc-lite-mvtec-screw-s132-20260823T152434Z-18420/metrics.json,/home/CuiMinghao/projects/AOI2026/EvoInspect_130_Research_Kit/reports/experiments/pc-lite-mvtec15-3seed-8gpu-20260823T152434Z-18420/runs/pc-lite-mvtec-screw-s132-20260823T152434Z-18420/model.pt,,"Dataset MVTec_AD_direct_archive, category mvtec_ad_screw, preliminary; limits=[]; not formal upstream PatchCore"
pc-lite-mvtec-tile-s130-20260823T152434Z-18420,completed_preliminary_single_category,2026-08-23T15:28:45+00:00,2026-08-23T15:30:24+00:00,UNAVAILABLE,true,67ccb6095ec545aa34e5133d84bca8e5ceab8b0f5fcfc7b9359aba26727c1e64,6069c761f5ad36c25f9cbd461d11eb1805686a3020a8bd9f494e25570b9cbcd9,e9c1e04f6c1d90b38be4261669a0a178e6f3a7b9ba983571bf980473af48f639,130,RTX 3090 physical GPU 5; Linux-5.4.0-150-generic-x86_64-with-glibc2.27; torch 2.6.0+cu124,patchcore-lite-wrn50-random-coreset+logreg,official_style_up_to_100_normal_30_seen_anomaly,/home/CuiMinghao/projects/AOI2026/EvoInspect_130_Research_Kit/reports/experiments/pc-lite-mvtec15-3seed-8gpu-20260823T152434Z-18420/runs/pc-lite-mvtec-tile-s130-20260823T152434Z-18420/metrics.json,/home/CuiMinghao/projects/AOI2026/EvoInspect_130_Research_Kit/reports/experiments/pc-lite-mvtec15-3seed-8gpu-20260823T152434Z-18420/runs/pc-lite-mvtec-tile-s130-20260823T152434Z-18420/model.pt,,"Dataset MVTec_AD_direct_archive, category mvtec_ad_tile, preliminary; limits=[]; not formal upstream PatchCore"
pc-lite-mvtec-tile-s131-20260823T152434Z-18420,completed_preliminary_single_category,2026-08-23T15:28:45+00:00,2026-08-23T15:30:24+00:00,UNAVAILABLE,true,67ccb6095ec545aa34e5133d84bca8e5ceab8b0f5fcfc7b9359aba26727c1e64,6069c761f5ad36c25f9cbd461d11eb1805686a3020a8bd9f494e25570b9cbcd9,454670882e5bae1df8b58da6968f8f2061962c1af900c71f3837fe6a03cfff0e,131,RTX 3090 physical GPU 6; Linux-5.4.0-150-generic-x86_64-with-glibc2.27; torch 2.6.0+cu124,patchcore-lite-wrn50-random-coreset+logreg,official_style_up_to_100_normal_30_seen_anomaly,/home/CuiMinghao/projects/AOI2026/EvoInspect_130_Research_Kit/reports/experiments/pc-lite-mvtec15-3seed-8gpu-20260823T152434Z-18420/runs/pc-lite-mvtec-tile-s131-20260823T152434Z-18420/metrics.json,/home/CuiMinghao/projects/AOI2026/EvoInspect_130_Research_Kit/reports/experiments/pc-lite-mvtec15-3seed-8gpu-20260823T152434Z-18420/runs/pc-lite-mvtec-tile-s131-20260823T152434Z-18420/model.pt,,"Dataset MVTec_AD_direct_archive, category mvtec_ad_tile, preliminary; limits=[]; not formal upstream PatchCore"
pc-lite-mvtec-tile-s132-20260823T152434Z-18420,completed_preliminary_single_category,2026-08-23T15:28:28+00:00,2026-08-23T15:29:47+00:00,UNAVAILABLE,true,67ccb6095ec545aa34e5133d84bca8e5ceab8b0f5fcfc7b9359aba26727c1e64,6069c761f5ad36c25f9cbd461d11eb1805686a3020a8bd9f494e25570b9cbcd9,833b68df57a09f7b16b64606e16bd20c24e51e32b90bf3ef2ea0d3799aa54fe6,132,RTX 3090 physical GPU 7; Linux-5.4.0-150-generic-x86_64-with-glibc2.27; torch 2.6.0+cu124,patchcore-lite-wrn50-random-coreset+logreg,official_style_up_to_100_normal_30_seen_anomaly,/home/CuiMinghao/projects/AOI2026/EvoInspect_130_Research_Kit/reports/experiments/pc-lite-mvtec15-3seed-8gpu-20260823T152434Z-18420/runs/pc-lite-mvtec-tile-s132-20260823T152434Z-18420/metrics.json,/home/CuiMinghao/projects/AOI2026/EvoInspect_130_Research_Kit/reports/experiments/pc-lite-mvtec15-3seed-8gpu-20260823T152434Z-18420/runs/pc-lite-mvtec-tile-s132-20260823T152434Z-18420/model.pt,,"Dataset MVTec_AD_direct_archive, category mvtec_ad_tile, preliminary; limits=[]; not formal upstream PatchCore"
pc-lite-mvtec-toothbrush-s130-20260823T152434Z-18420,completed_preliminary_single_category,2026-08-23T15:33:37+00:00,2026-08-23T15:34:11+00:00,UNAVAILABLE,true,67ccb6095ec545aa34e5133d84bca8e5ceab8b0f5fcfc7b9359aba26727c1e64,6069c761f5ad36c25f9cbd461d11eb1805686a3020a8bd9f494e25570b9cbcd9,3446a99d241ca50968ede59d155e7d799f092b963dd620e811bb44ac78d9048e,130,RTX 3090 physical GPU 2; Linux-5.4.0-150-generic-x86_64-with-glibc2.27; torch 2.6.0+cu124,patchcore-lite-wrn50-random-coreset+logreg,official_style_up_to_100_normal_30_seen_anomaly,/home/CuiMinghao/projects/AOI2026/EvoInspect_130_Research_Kit/reports/experiments/pc-lite-mvtec15-3seed-8gpu-20260823T152434Z-18420/runs/pc-lite-mvtec-toothbrush-s130-20260823T152434Z-18420/metrics.json,/home/CuiMinghao/projects/AOI2026/EvoInspect_130_Research_Kit/reports/experiments/pc-lite-mvtec15-3seed-8gpu-20260823T152434Z-18420/runs/pc-lite-mvtec-toothbrush-s130-20260823T152434Z-18420/model.pt,,"Dataset MVTec_AD_direct_archive, category mvtec_ad_toothbrush, preliminary; limits=['normal support reduced because category has <120 train normals', 'anomaly support reduced to retain development and final-test anomalies', 'unseen-defect holdout unavailable because category has one defect type']; not formal upstream PatchCore"
pc-lite-mvtec-toothbrush-s131-20260823T152434Z-18420,completed_preliminary_single_category,2026-08-23T15:33:30+00:00,2026-08-23T15:34:04+00:00,UNAVAILABLE,true,67ccb6095ec545aa34e5133d84bca8e5ceab8b0f5fcfc7b9359aba26727c1e64,6069c761f5ad36c25f9cbd461d11eb1805686a3020a8bd9f494e25570b9cbcd9,c1fb4b7abdcc5c0c7fe2aaca56ab0cdf53220929a926a422dab2050f05f777f9,131,RTX 3090 physical GPU 3; Linux-5.4.0-150-generic-x86_64-with-glibc2.27; torch 2.6.0+cu124,patchcore-lite-wrn50-random-coreset+logreg,official_style_up_to_100_normal_30_seen_anomaly,/home/CuiMinghao/projects/AOI2026/EvoInspect_130_Research_Kit/reports/experiments/pc-lite-mvtec15-3seed-8gpu-20260823T152434Z-18420/runs/pc-lite-mvtec-toothbrush-s131-20260823T152434Z-18420/metrics.json,/home/CuiMinghao/projects/AOI2026/EvoInspect_130_Research_Kit/reports/experiments/pc-lite-mvtec15-3seed-8gpu-20260823T152434Z-18420/runs/pc-lite-mvtec-toothbrush-s131-20260823T152434Z-18420/model.pt,,"Dataset MVTec_AD_direct_archive, category mvtec_ad_toothbrush, preliminary; limits=['normal support reduced because category has <120 train normals', 'anomaly support reduced to retain development and final-test anomalies', 'unseen-defect holdout unavailable because category has one defect type']; not formal upstream PatchCore"
pc-lite-mvtec-toothbrush-s132-20260823T152434Z-18420,completed_preliminary_single_category,2026-08-23T15:33:29+00:00,2026-08-23T15:34:01+00:00,UNAVAILABLE,true,67ccb6095ec545aa34e5133d84bca8e5ceab8b0f5fcfc7b9359aba26727c1e64,6069c761f5ad36c25f9cbd461d11eb1805686a3020a8bd9f494e25570b9cbcd9,a75015d4d96da2bfe9152dc5bab7ccf64ebbe17c81ede02b11f262504e167131,132,RTX 3090 physical GPU 4; Linux-5.4.0-150-generic-x86_64-with-glibc2.27; torch 2.6.0+cu124,patchcore-lite-wrn50-random-coreset+logreg,official_style_up_to_100_normal_30_seen_anomaly,/home/CuiMinghao/projects/AOI2026/EvoInspect_130_Research_Kit/reports/experiments/pc-lite-mvtec15-3seed-8gpu-20260823T152434Z-18420/runs/pc-lite-mvtec-toothbrush-s132-20260823T152434Z-18420/metrics.json,/home/CuiMinghao/projects/AOI2026/EvoInspect_130_Research_Kit/reports/experiments/pc-lite-mvtec15-3seed-8gpu-20260823T152434Z-18420/runs/pc-lite-mvtec-toothbrush-s132-20260823T152434Z-18420/model.pt,,"Dataset MVTec_AD_direct_archive, category mvtec_ad_toothbrush, preliminary; limits=['normal support reduced because category has <120 train normals', 'anomaly support reduced to retain development and final-test anomalies', 'unseen-defect holdout unavailable because category has one defect type']; not formal upstream PatchCore"
pc-lite-mvtec-transistor-s130-20260823T152434Z-18420,completed_preliminary_single_category,2026-08-23T15:31:58+00:00,2026-08-23T15:33:19+00:00,UNAVAILABLE,true,67ccb6095ec545aa34e5133d84bca8e5ceab8b0f5fcfc7b9359aba26727c1e64,6069c761f5ad36c25f9cbd461d11eb1805686a3020a8bd9f494e25570b9cbcd9,082bd5b34d88e81bd44e130f03a8731fa3f291d7331fd5f8c1701510d87e1faf,130,RTX 3090 physical GPU 4; Linux-5.4.0-150-generic-x86_64-with-glibc2.27; torch 2.6.0+cu124,patchcore-lite-wrn50-random-coreset+logreg,official_style_up_to_100_normal_30_seen_anomaly,/home/CuiMinghao/projects/AOI2026/EvoInspect_130_Research_Kit/reports/experiments/pc-lite-mvtec15-3seed-8gpu-20260823T152434Z-18420/runs/pc-lite-mvtec-transistor-s130-20260823T152434Z-18420/metrics.json,/home/CuiMinghao/projects/AOI2026/EvoInspect_130_Research_Kit/reports/experiments/pc-lite-mvtec15-3seed-8gpu-20260823T152434Z-18420/runs/pc-lite-mvtec-transistor-s130-20260823T152434Z-18420/model.pt,,"Dataset MVTec_AD_direct_archive, category mvtec_ad_transistor, preliminary; limits=['anomaly support reduced to retain development and final-test anomalies']; not formal upstream PatchCore"
pc-lite-mvtec-transistor-s131-20260823T152434Z-18420,completed_preliminary_single_category,2026-08-23T15:32:09+00:00,2026-08-23T15:33:32+00:00,UNAVAILABLE,true,67ccb6095ec545aa34e5133d84bca8e5ceab8b0f5fcfc7b9359aba26727c1e64,6069c761f5ad36c25f9cbd461d11eb1805686a3020a8bd9f494e25570b9cbcd9,f11c1e50874d5b2b80dd72ca9669e6e21ec8d34aaeec94bd5afe722e6387a218,131,RTX 3090 physical GPU 5; Linux-5.4.0-150-generic-x86_64-with-glibc2.27; torch 2.6.0+cu124,patchcore-lite-wrn50-random-coreset+logreg,official_style_up_to_100_normal_30_seen_anomaly,/home/CuiMinghao/projects/AOI2026/EvoInspect_130_Research_Kit/reports/experiments/pc-lite-mvtec15-3seed-8gpu-20260823T152434Z-18420/runs/pc-lite-mvtec-transistor-s131-20260823T152434Z-18420/metrics.json,/home/CuiMinghao/projects/AOI2026/EvoInspect_130_Research_Kit/reports/experiments/pc-lite-mvtec15-3seed-8gpu-20260823T152434Z-18420/runs/pc-lite-mvtec-transistor-s131-20260823T152434Z-18420/model.pt,,"Dataset MVTec_AD_direct_archive, category mvtec_ad_transistor, preliminary; limits=['anomaly support reduced to retain development and final-test anomalies']; not formal upstream PatchCore"
pc-lite-mvtec-transistor-s132-20260823T152434Z-18420,completed_preliminary_single_category,2026-08-23T15:32:09+00:00,2026-08-23T15:33:31+00:00,UNAVAILABLE,true,67ccb6095ec545aa34e5133d84bca8e5ceab8b0f5fcfc7b9359aba26727c1e64,6069c761f5ad36c25f9cbd461d11eb1805686a3020a8bd9f494e25570b9cbcd9,a499e2dc57d22620fa61f3aa5731d657f1a1d7e32168d4c1223beac2b0b515e2,132,RTX 3090 physical GPU 6; Linux-5.4.0-150-generic-x86_64-with-glibc2.27; torch 2.6.0+cu124,patchcore-lite-wrn50-random-coreset+logreg,official_style_up_to_100_normal_30_seen_anomaly,/home/CuiMinghao/projects/AOI2026/EvoInspect_130_Research_Kit/reports/experiments/pc-lite-mvtec15-3seed-8gpu-20260823T152434Z-18420/runs/pc-lite-mvtec-transistor-s132-20260823T152434Z-18420/metrics.json,/home/CuiMinghao/projects/AOI2026/EvoInspect_130_Research_Kit/reports/experiments/pc-lite-mvtec15-3seed-8gpu-20260823T152434Z-18420/runs/pc-lite-mvtec-transistor-s132-20260823T152434Z-18420/model.pt,,"Dataset MVTec_AD_direct_archive, category mvtec_ad_transistor, preliminary; limits=['anomaly support reduced to retain development and final-test anomalies']; not formal upstream PatchCore"
pc-lite-mvtec-wood-s130-20260823T152434Z-18420,completed_preliminary_single_category,2026-08-23T15:31:22+00:00,2026-08-23T15:32:39+00:00,UNAVAILABLE,true,67ccb6095ec545aa34e5133d84bca8e5ceab8b0f5fcfc7b9359aba26727c1e64,6069c761f5ad36c25f9cbd461d11eb1805686a3020a8bd9f494e25570b9cbcd9,229c68a425d3176f58940e8406226f4f79d6d376882b361c4a6087f080ba112a,130,RTX 3090 physical GPU 7; Linux-5.4.0-150-generic-x86_64-with-glibc2.27; torch 2.6.0+cu124,patchcore-lite-wrn50-random-coreset+logreg,official_style_up_to_100_normal_30_seen_anomaly,/home/CuiMinghao/projects/AOI2026/EvoInspect_130_Research_Kit/reports/experiments/pc-lite-mvtec15-3seed-8gpu-20260823T152434Z-18420/runs/pc-lite-mvtec-wood-s130-20260823T152434Z-18420/metrics.json,/home/CuiMinghao/projects/AOI2026/EvoInspect_130_Research_Kit/reports/experiments/pc-lite-mvtec15-3seed-8gpu-20260823T152434Z-18420/runs/pc-lite-mvtec-wood-s130-20260823T152434Z-18420/model.pt,,"Dataset MVTec_AD_direct_archive, category mvtec_ad_wood, preliminary; limits=[]; not formal upstream PatchCore"
pc-lite-mvtec-wood-s131-20260823T152434Z-18420,completed_preliminary_single_category,2026-08-23T15:33:42+00:00,2026-08-23T15:34:25+00:00,UNAVAILABLE,true,67ccb6095ec545aa34e5133d84bca8e5ceab8b0f5fcfc7b9359aba26727c1e64,6069c761f5ad36c25f9cbd461d11eb1805686a3020a8bd9f494e25570b9cbcd9,b4ff6ca81d70c6c47d3911f80083e18fc5dfafb35e2a2ad67bc8d6d7a8a41876,131,RTX 3090 physical GPU 0; Linux-5.4.0-150-generic-x86_64-with-glibc2.27; torch 2.6.0+cu124,patchcore-lite-wrn50-random-coreset+logreg,official_style_up_to_100_normal_30_seen_anomaly,/home/CuiMinghao/projects/AOI2026/EvoInspect_130_Research_Kit/reports/experiments/pc-lite-mvtec15-3seed-8gpu-20260823T152434Z-18420/runs/pc-lite-mvtec-wood-s131-20260823T152434Z-18420/metrics.json,/home/CuiMinghao/projects/AOI2026/EvoInspect_130_Research_Kit/reports/experiments/pc-lite-mvtec15-3seed-8gpu-20260823T152434Z-18420/runs/pc-lite-mvtec-wood-s131-20260823T152434Z-18420/model.pt,,"Dataset MVTec_AD_direct_archive, category mvtec_ad_wood, preliminary; limits=[]; not formal upstream PatchCore"
pc-lite-mvtec-wood-s132-20260823T152434Z-18420,completed_preliminary_single_category,2026-08-23T15:33:38+00:00,2026-08-23T15:34:22+00:00,UNAVAILABLE,true,67ccb6095ec545aa34e5133d84bca8e5ceab8b0f5fcfc7b9359aba26727c1e64,6069c761f5ad36c25f9cbd461d11eb1805686a3020a8bd9f494e25570b9cbcd9,ae17326cd8ff78afc7c88ae73979d2f48b23fb7db82b650156abd2381dc21994,132,RTX 3090 physical GPU 1; Linux-5.4.0-150-generic-x86_64-with-glibc2.27; torch 2.6.0+cu124,patchcore-lite-wrn50-random-coreset+logreg,official_style_up_to_100_normal_30_seen_anomaly,/home/CuiMinghao/projects/AOI2026/EvoInspect_130_Research_Kit/reports/experiments/pc-lite-mvtec15-3seed-8gpu-20260823T152434Z-18420/runs/pc-lite-mvtec-wood-s132-20260823T152434Z-18420/metrics.json,/home/CuiMinghao/projects/AOI2026/EvoInspect_130_Research_Kit/reports/experiments/pc-lite-mvtec15-3seed-8gpu-20260823T152434Z-18420/runs/pc-lite-mvtec-wood-s132-20260823T152434Z-18420/model.pt,,"Dataset MVTec_AD_direct_archive, category mvtec_ad_wood, preliminary; limits=[]; not formal upstream PatchCore"
pc-lite-mvtec-zipper-s130-20260823T152434Z-18420,completed_preliminary_single_category,2026-08-23T15:26:46+00:00,2026-08-23T15:28:36+00:00,UNAVAILABLE,true,67ccb6095ec545aa34e5133d84bca8e5ceab8b0f5fcfc7b9359aba26727c1e64,6069c761f5ad36c25f9cbd461d11eb1805686a3020a8bd9f494e25570b9cbcd9,9f4de898edb50ad1d6be4660fbdddaca791d5402eeb25c80a10472e1ad74a3a1,130,RTX 3090 physical GPU 1; Linux-5.4.0-150-generic-x86_64-with-glibc2.27; torch 2.6.0+cu124,patchcore-lite-wrn50-random-coreset+logreg,official_style_up_to_100_normal_30_seen_anomaly,/home/CuiMinghao/projects/AOI2026/EvoInspect_130_Research_Kit/reports/experiments/pc-lite-mvtec15-3seed-8gpu-20260823T152434Z-18420/runs/pc-lite-mvtec-zipper-s130-20260823T152434Z-18420/metrics.json,/home/CuiMinghao/projects/AOI2026/EvoInspect_130_Research_Kit/reports/experiments/pc-lite-mvtec15-3seed-8gpu-20260823T152434Z-18420/runs/pc-lite-mvtec-zipper-s130-20260823T152434Z-18420/model.pt,,"Dataset MVTec_AD_direct_archive, category mvtec_ad_zipper, preliminary; limits=[]; not formal upstream PatchCore"
pc-lite-mvtec-zipper-s131-20260823T152434Z-18420,completed_preliminary_single_category,2026-08-23T15:26:47+00:00,2026-08-23T15:28:36+00:00,UNAVAILABLE,true,67ccb6095ec545aa34e5133d84bca8e5ceab8b0f5fcfc7b9359aba26727c1e64,6069c761f5ad36c25f9cbd461d11eb1805686a3020a8bd9f494e25570b9cbcd9,0896d85f1105c44afe9beebf7f6c042f01cfd9d3c55c54758100e30c3f11dc6c,131,RTX 3090 physical GPU 2; Linux-5.4.0-150-generic-x86_64-with-glibc2.27; torch 2.6.0+cu124,patchcore-lite-wrn50-random-coreset+logreg,official_style_up_to_100_normal_30_seen_anomaly,/home/CuiMinghao/projects/AOI2026/EvoInspect_130_Research_Kit/reports/experiments/pc-lite-mvtec15-3seed-8gpu-20260823T152434Z-18420/runs/pc-lite-mvtec-zipper-s131-20260823T152434Z-18420/metrics.json,/home/CuiMinghao/projects/AOI2026/EvoInspect_130_Research_Kit/reports/experiments/pc-lite-mvtec15-3seed-8gpu-20260823T152434Z-18420/runs/pc-lite-mvtec-zipper-s131-20260823T152434Z-18420/model.pt,,"Dataset MVTec_AD_direct_archive, category mvtec_ad_zipper, preliminary; limits=[]; not formal upstream PatchCore"
pc-lite-mvtec-zipper-s132-20260823T152434Z-18420,completed_preliminary_single_category,2026-08-23T15:26:45+00:00,2026-08-23T15:28:36+00:00,UNAVAILABLE,true,67ccb6095ec545aa34e5133d84bca8e5ceab8b0f5fcfc7b9359aba26727c1e64,6069c761f5ad36c25f9cbd461d11eb1805686a3020a8bd9f494e25570b9cbcd9,a6a0e18ade3e36866727c1b1e5308652cf68ebb72b8cfe202a1ca2edbfd24cd5,132,RTX 3090 physical GPU 3; Linux-5.4.0-150-generic-x86_64-with-glibc2.27; torch 2.6.0+cu124,patchcore-lite-wrn50-random-coreset+logreg,official_style_up_to_100_normal_30_seen_anomaly,/home/CuiMinghao/projects/AOI2026/EvoInspect_130_Research_Kit/reports/experiments/pc-lite-mvtec15-3seed-8gpu-20260823T152434Z-18420/runs/pc-lite-mvtec-zipper-s132-20260823T152434Z-18420/metrics.json,/home/CuiMinghao/projects/AOI2026/EvoInspect_130_Research_Kit/reports/experiments/pc-lite-mvtec15-3seed-8gpu-20260823T152434Z-18420/runs/pc-lite-mvtec-zipper-s132-20260823T152434Z-18420/model.pt,,"Dataset MVTec_AD_direct_archive, category mvtec_ad_zipper, preliminary; limits=[]; not formal upstream PatchCore"
pc-lite-mvtec-cable-s130-20260823T154056Z-8800,completed_preliminary_single_category,2026-08-23T15:41:06+00:00,2026-08-23T15:42:51+00:00,UNAVAILABLE,true,b0d8cc44bac1dd024ebc83e4cb7edd4ecc371ba6ca91d28a01549b7bb0f2191d,6069c761f5ad36c25f9cbd461d11eb1805686a3020a8bd9f494e25570b9cbcd9,6fb626627575d9ccb5fc820d7dbbbec05b39e1f8118a2058a45b0464414a9bf4,130,RTX 3090 physical GPU 5; Linux-5.4.0-150-generic-x86_64-with-glibc2.27; torch 2.6.0+cu124,heteromemory-v1-wrn50-random-coreset,official_style_up_to_100_normal_30_seen_anomaly,/home/CuiMinghao/projects/AOI2026/EvoInspect_130_Research_Kit/reports/experiments/heteromemory-v1-pilot-8gpu-20260823T154056Z-8800/runs/pc-lite-mvtec-cable-s130-20260823T154056Z-8800/metrics.json,/home/CuiMinghao/projects/AOI2026/EvoInspect_130_Research_Kit/reports/experiments/heteromemory-v1-pilot-8gpu-20260823T154056Z-8800/runs/pc-lite-mvtec-cable-s130-20260823T154056Z-8800/model.pt,,"Dataset MVTec_AD_direct_archive, category mvtec_ad_cable, preliminary; limits=[]; not formal upstream PatchCore"
pc-lite-mvtec-capsule-s130-20260823T154056Z-8800,completed_preliminary_single_category,2026-08-23T15:41:06+00:00,2026-08-23T15:42:49+00:00,UNAVAILABLE,true,b0d8cc44bac1dd024ebc83e4cb7edd4ecc371ba6ca91d28a01549b7bb0f2191d,6069c761f5ad36c25f9cbd461d11eb1805686a3020a8bd9f494e25570b9cbcd9,664320350ffef736d2a4f1f67e89256908e25131beecfb58c487060340788994,130,RTX 3090 physical GPU 1; Linux-5.4.0-150-generic-x86_64-with-glibc2.27; torch 2.6.0+cu124,heteromemory-v1-wrn50-random-coreset,official_style_up_to_100_normal_30_seen_anomaly,/home/CuiMinghao/projects/AOI2026/EvoInspect_130_Research_Kit/reports/experiments/heteromemory-v1-pilot-8gpu-20260823T154056Z-8800/runs/pc-lite-mvtec-capsule-s130-20260823T154056Z-8800/metrics.json,/home/CuiMinghao/projects/AOI2026/EvoInspect_130_Research_Kit/reports/experiments/heteromemory-v1-pilot-8gpu-20260823T154056Z-8800/runs/pc-lite-mvtec-capsule-s130-20260823T154056Z-8800/model.pt,,"Dataset MVTec_AD_direct_archive, category mvtec_ad_capsule, preliminary; limits=[]; not formal upstream PatchCore"
pc-lite-mvtec-carpet-s130-20260823T154056Z-8800,completed_preliminary_single_category,2026-08-23T15:41:07+00:00,2026-08-23T15:42:47+00:00,UNAVAILABLE,true,b0d8cc44bac1dd024ebc83e4cb7edd4ecc371ba6ca91d28a01549b7bb0f2191d,6069c761f5ad36c25f9cbd461d11eb1805686a3020a8bd9f494e25570b9cbcd9,37c74aa87c2c95aa2ef5a2b4ba611ba52f6b2e8c8bc4c3a38a14beb41d3925bb,130,RTX 3090 physical GPU 7; Linux-5.4.0-150-generic-x86_64-with-glibc2.27; torch 2.6.0+cu124,heteromemory-v1-wrn50-random-coreset,official_style_up_to_100_normal_30_seen_anomaly,/home/CuiMinghao/projects/AOI2026/EvoInspect_130_Research_Kit/reports/experiments/heteromemory-v1-pilot-8gpu-20260823T154056Z-8800/runs/pc-lite-mvtec-carpet-s130-20260823T154056Z-8800/metrics.json,/home/CuiMinghao/projects/AOI2026/EvoInspect_130_Research_Kit/reports/experiments/heteromemory-v1-pilot-8gpu-20260823T154056Z-8800/runs/pc-lite-mvtec-carpet-s130-20260823T154056Z-8800/model.pt,,"Dataset MVTec_AD_direct_archive, category mvtec_ad_carpet, preliminary; limits=[]; not formal upstream PatchCore"
pc-lite-mvtec-grid-s130-20260823T154056Z-8800,completed_preliminary_single_category,2026-08-23T15:41:07+00:00,2026-08-23T15:42:37+00:00,UNAVAILABLE,true,b0d8cc44bac1dd024ebc83e4cb7edd4ecc371ba6ca91d28a01549b7bb0f2191d,6069c761f5ad36c25f9cbd461d11eb1805686a3020a8bd9f494e25570b9cbcd9,2d733fdc472cbd7ec9b77e05fe42c5b034d12f41cadb78b63128c9befb4612c5,130,RTX 3090 physical GPU 3; Linux-5.4.0-150-generic-x86_64-with-glibc2.27; torch 2.6.0+cu124,heteromemory-v1-wrn50-random-coreset,official_style_up_to_100_normal_30_seen_anomaly,/home/CuiMinghao/projects/AOI2026/EvoInspect_130_Research_Kit/reports/experiments/heteromemory-v1-pilot-8gpu-20260823T154056Z-8800/runs/pc-lite-mvtec-grid-s130-20260823T154056Z-8800/metrics.json,/home/CuiMinghao/projects/AOI2026/EvoInspect_130_Research_Kit/reports/experiments/heteromemory-v1-pilot-8gpu-20260823T154056Z-8800/runs/pc-lite-mvtec-grid-s130-20260823T154056Z-8800/model.pt,,"Dataset MVTec_AD_direct_archive, category mvtec_ad_grid, preliminary; limits=[]; not formal upstream PatchCore"
pc-lite-mvtec-leather-s130-20260823T154056Z-8800,completed_preliminary_single_category,2026-08-23T15:41:06+00:00,2026-08-23T15:42:46+00:00,UNAVAILABLE,true,b0d8cc44bac1dd024ebc83e4cb7edd4ecc371ba6ca91d28a01549b7bb0f2191d,6069c761f5ad36c25f9cbd461d11eb1805686a3020a8bd9f494e25570b9cbcd9,9fcb871b5f2740254a4f2a3769cc7c2ec8ed13cae77fffce8c4671912ceb54a0,130,RTX 3090 physical GPU 6; Linux-5.4.0-150-generic-x86_64-with-glibc2.27; torch 2.6.0+cu124,heteromemory-v1-wrn50-random-coreset,official_style_up_to_100_normal_30_seen_anomaly,/home/CuiMinghao/projects/AOI2026/EvoInspect_130_Research_Kit/reports/experiments/heteromemory-v1-pilot-8gpu-20260823T154056Z-8800/runs/pc-lite-mvtec-leather-s130-20260823T154056Z-8800/metrics.json,/home/CuiMinghao/projects/AOI2026/EvoInspect_130_Research_Kit/reports/experiments/heteromemory-v1-pilot-8gpu-20260823T154056Z-8800/runs/pc-lite-mvtec-leather-s130-20260823T154056Z-8800/model.pt,,"Dataset MVTec_AD_direct_archive, category mvtec_ad_leather, preliminary; limits=[]; not formal upstream PatchCore"
pc-lite-mvtec-pill-s130-20260823T154056Z-8800,completed_preliminary_single_category,2026-08-23T15:41:07+00:00,2026-08-23T15:42:50+00:00,UNAVAILABLE,true,b0d8cc44bac1dd024ebc83e4cb7edd4ecc371ba6ca91d28a01549b7bb0f2191d,6069c761f5ad36c25f9cbd461d11eb1805686a3020a8bd9f494e25570b9cbcd9,21371aca3cc89c84e39cf75e7d53628cf5e822cc41cd9fe4e937196ac4902e93,130,RTX 3090 physical GPU 4; Linux-5.4.0-150-generic-x86_64-with-glibc2.27; torch 2.6.0+cu124,heteromemory-v1-wrn50-random-coreset,official_style_up_to_100_normal_30_seen_anomaly,/home/CuiMinghao/projects/AOI2026/EvoInspect_130_Research_Kit/reports/experiments/heteromemory-v1-pilot-8gpu-20260823T154056Z-8800/runs/pc-lite-mvtec-pill-s130-20260823T154056Z-8800/metrics.json,/home/CuiMinghao/projects/AOI2026/EvoInspect_130_Research_Kit/reports/experiments/heteromemory-v1-pilot-8gpu-20260823T154056Z-8800/runs/pc-lite-mvtec-pill-s130-20260823T154056Z-8800/model.pt,,"Dataset MVTec_AD_direct_archive, category mvtec_ad_pill, preliminary; limits=[]; not formal upstream PatchCore"
pc-lite-mvtec-screw-s130-20260823T154056Z-8800,completed_preliminary_single_category,2026-08-23T15:41:06+00:00,2026-08-23T15:42:44+00:00,UNAVAILABLE,true,b0d8cc44bac1dd024ebc83e4cb7edd4ecc371ba6ca91d28a01549b7bb0f2191d,6069c761f5ad36c25f9cbd461d11eb1805686a3020a8bd9f494e25570b9cbcd9,b384b4e4d976b0f39339de019b1f2a40e03f01a3c7de8576b1b89b97658f0d90,130,RTX 3090 physical GPU 0; Linux-5.4.0-150-generic-x86_64-with-glibc2.27; torch 2.6.0+cu124,heteromemory-v1-wrn50-random-coreset,official_style_up_to_100_normal_30_seen_anomaly,/home/CuiMinghao/projects/AOI2026/EvoInspect_130_Research_Kit/reports/experiments/heteromemory-v1-pilot-8gpu-20260823T154056Z-8800/runs/pc-lite-mvtec-screw-s130-20260823T154056Z-8800/metrics.json,/home/CuiMinghao/projects/AOI2026/EvoInspect_130_Research_Kit/reports/experiments/heteromemory-v1-pilot-8gpu-20260823T154056Z-8800/runs/pc-lite-mvtec-screw-s130-20260823T154056Z-8800/model.pt,,"Dataset MVTec_AD_direct_archive, category mvtec_ad_screw, preliminary; limits=[]; not formal upstream PatchCore"
pc-lite-mvtec-toothbrush-s130-20260823T154056Z-8800,completed_preliminary_single_category,2026-08-23T15:41:07+00:00,2026-08-23T15:42:15+00:00,UNAVAILABLE,true,b0d8cc44bac1dd024ebc83e4cb7edd4ecc371ba6ca91d28a01549b7bb0f2191d,6069c761f5ad36c25f9cbd461d11eb1805686a3020a8bd9f494e25570b9cbcd9,3446a99d241ca50968ede59d155e7d799f092b963dd620e811bb44ac78d9048e,130,RTX 3090 physical GPU 2; Linux-5.4.0-150-generic-x86_64-with-glibc2.27; torch 2.6.0+cu124,heteromemory-v1-wrn50-random-coreset,official_style_up_to_100_normal_30_seen_anomaly,/home/CuiMinghao/projects/AOI2026/EvoInspect_130_Research_Kit/reports/experiments/heteromemory-v1-pilot-8gpu-20260823T154056Z-8800/runs/pc-lite-mvtec-toothbrush-s130-20260823T154056Z-8800/metrics.json,/home/CuiMinghao/projects/AOI2026/EvoInspect_130_Research_Kit/reports/experiments/heteromemory-v1-pilot-8gpu-20260823T154056Z-8800/runs/pc-lite-mvtec-toothbrush-s130-20260823T154056Z-8800/model.pt,,"Dataset MVTec_AD_direct_archive, category mvtec_ad_toothbrush, preliminary; limits=['normal support reduced because category has <120 train normals', 'anomaly support reduced to retain development and final-test anomalies', 'unseen-defect holdout unavailable because category has one defect type']; not formal upstream PatchCore"
pc-lite-mvtec-cable-s130-20260823T154634Z-14240,completed_preliminary_single_category,2026-08-23T15:46:45+00:00,2026-08-23T15:48:30+00:00,UNAVAILABLE,true,5467d275ec8e19a0bf167f4dd36f3ccfdc3c3ec37588c97060845e63b4685a0f,6069c761f5ad36c25f9cbd461d11eb1805686a3020a8bd9f494e25570b9cbcd9,6fb626627575d9ccb5fc820d7dbbbec05b39e1f8118a2058a45b0464414a9bf4,130,RTX 3090 physical GPU 5; Linux-5.4.0-150-generic-x86_64-with-glibc2.27; torch 2.6.0+cu124,heteromemory-v2-guarded-wrn50-random-coreset,official_style_up_to_100_normal_30_seen_anomaly,/home/CuiMinghao/projects/AOI2026/EvoInspect_130_Research_Kit/reports/experiments/heteromemory-v2-dev-8gpu-20260823T154634Z-14240/runs/pc-lite-mvtec-cable-s130-20260823T154634Z-14240/metrics.json,/home/CuiMinghao/projects/AOI2026/EvoInspect_130_Research_Kit/reports/experiments/heteromemory-v2-dev-8gpu-20260823T154634Z-14240/runs/pc-lite-mvtec-cable-s130-20260823T154634Z-14240/model.pt,,"Dataset MVTec_AD_direct_archive, category mvtec_ad_cable, preliminary; limits=[]; not formal upstream PatchCore"
pc-lite-mvtec-capsule-s130-20260823T154634Z-14240,completed_preliminary_single_category,2026-08-23T15:46:45+00:00,2026-08-23T15:48:29+00:00,UNAVAILABLE,true,5467d275ec8e19a0bf167f4dd36f3ccfdc3c3ec37588c97060845e63b4685a0f,6069c761f5ad36c25f9cbd461d11eb1805686a3020a8bd9f494e25570b9cbcd9,664320350ffef736d2a4f1f67e89256908e25131beecfb58c487060340788994,130,RTX 3090 physical GPU 1; Linux-5.4.0-150-generic-x86_64-with-glibc2.27; torch 2.6.0+cu124,heteromemory-v2-guarded-wrn50-random-coreset,official_style_up_to_100_normal_30_seen_anomaly,/home/CuiMinghao/projects/AOI2026/EvoInspect_130_Research_Kit/reports/experiments/heteromemory-v2-dev-8gpu-20260823T154634Z-14240/runs/pc-lite-mvtec-capsule-s130-20260823T154634Z-14240/metrics.json,/home/CuiMinghao/projects/AOI2026/EvoInspect_130_Research_Kit/reports/experiments/heteromemory-v2-dev-8gpu-20260823T154634Z-14240/runs/pc-lite-mvtec-capsule-s130-20260823T154634Z-14240/model.pt,,"Dataset MVTec_AD_direct_archive, category mvtec_ad_capsule, preliminary; limits=[]; not formal upstream PatchCore"
pc-lite-mvtec-carpet-s130-20260823T154634Z-14240,completed_preliminary_single_category,2026-08-23T15:46:45+00:00,2026-08-23T15:48:25+00:00,UNAVAILABLE,true,5467d275ec8e19a0bf167f4dd36f3ccfdc3c3ec37588c97060845e63b4685a0f,6069c761f5ad36c25f9cbd461d11eb1805686a3020a8bd9f494e25570b9cbcd9,37c74aa87c2c95aa2ef5a2b4ba611ba52f6b2e8c8bc4c3a38a14beb41d3925bb,130,RTX 3090 physical GPU 7; Linux-5.4.0-150-generic-x86_64-with-glibc2.27; torch 2.6.0+cu124,heteromemory-v2-guarded-wrn50-random-coreset,official_style_up_to_100_normal_30_seen_anomaly,/home/CuiMinghao/projects/AOI2026/EvoInspect_130_Research_Kit/reports/experiments/heteromemory-v2-dev-8gpu-20260823T154634Z-14240/runs/pc-lite-mvtec-carpet-s130-20260823T154634Z-14240/metrics.json,/home/CuiMinghao/projects/AOI2026/EvoInspect_130_Research_Kit/reports/experiments/heteromemory-v2-dev-8gpu-20260823T154634Z-14240/runs/pc-lite-mvtec-carpet-s130-20260823T154634Z-14240/model.pt,,"Dataset MVTec_AD_direct_archive, category mvtec_ad_carpet, preliminary; limits=[]; not formal upstream PatchCore"
pc-lite-mvtec-grid-s130-20260823T154634Z-14240,completed_preliminary_single_category,2026-08-23T15:46:46+00:00,2026-08-23T15:48:14+00:00,UNAVAILABLE,true,5467d275ec8e19a0bf167f4dd36f3ccfdc3c3ec37588c97060845e63b4685a0f,6069c761f5ad36c25f9cbd461d11eb1805686a3020a8bd9f494e25570b9cbcd9,2d733fdc472cbd7ec9b77e05fe42c5b034d12f41cadb78b63128c9befb4612c5,130,RTX 3090 physical GPU 3; Linux-5.4.0-150-generic-x86_64-with-glibc2.27; torch 2.6.0+cu124,heteromemory-v2-guarded-wrn50-random-coreset,official_style_up_to_100_normal_30_seen_anomaly,/home/CuiMinghao/projects/AOI2026/EvoInspect_130_Research_Kit/reports/experiments/heteromemory-v2-dev-8gpu-20260823T154634Z-14240/runs/pc-lite-mvtec-grid-s130-20260823T154634Z-14240/metrics.json,/home/CuiMinghao/projects/AOI2026/EvoInspect_130_Research_Kit/reports/experiments/heteromemory-v2-dev-8gpu-20260823T154634Z-14240/runs/pc-lite-mvtec-grid-s130-20260823T154634Z-14240/model.pt,,"Dataset MVTec_AD_direct_archive, category mvtec_ad_grid, preliminary; limits=[]; not formal upstream PatchCore"
pc-lite-mvtec-leather-s130-20260823T154634Z-14240,completed_preliminary_single_category,2026-08-23T15:46:45+00:00,2026-08-23T15:48:28+00:00,UNAVAILABLE,true,5467d275ec8e19a0bf167f4dd36f3ccfdc3c3ec37588c97060845e63b4685a0f,6069c761f5ad36c25f9cbd461d11eb1805686a3020a8bd9f494e25570b9cbcd9,9fcb871b5f2740254a4f2a3769cc7c2ec8ed13cae77fffce8c4671912ceb54a0,130,RTX 3090 physical GPU 6; Linux-5.4.0-150-generic-x86_64-with-glibc2.27; torch 2.6.0+cu124,heteromemory-v2-guarded-wrn50-random-coreset,official_style_up_to_100_normal_30_seen_anomaly,/home/CuiMinghao/projects/AOI2026/EvoInspect_130_Research_Kit/reports/experiments/heteromemory-v2-dev-8gpu-20260823T154634Z-14240/runs/pc-lite-mvtec-leather-s130-20260823T154634Z-14240/metrics.json,/home/CuiMinghao/projects/AOI2026/EvoInspect_130_Research_Kit/reports/experiments/heteromemory-v2-dev-8gpu-20260823T154634Z-14240/runs/pc-lite-mvtec-leather-s130-20260823T154634Z-14240/model.pt,,"Dataset MVTec_AD_direct_archive, category mvtec_ad_leather, preliminary; limits=[]; not formal upstream PatchCore"
pc-lite-mvtec-pill-s130-20260823T154634Z-14240,completed_preliminary_single_category,2026-08-23T15:46:45+00:00,2026-08-23T15:48:31+00:00,UNAVAILABLE,true,5467d275ec8e19a0bf167f4dd36f3ccfdc3c3ec37588c97060845e63b4685a0f,6069c761f5ad36c25f9cbd461d11eb1805686a3020a8bd9f494e25570b9cbcd9,21371aca3cc89c84e39cf75e7d53628cf5e822cc41cd9fe4e937196ac4902e93,130,RTX 3090 physical GPU 4; Linux-5.4.0-150-generic-x86_64-with-glibc2.27; torch 2.6.0+cu124,heteromemory-v2-guarded-wrn50-random-coreset,official_style_up_to_100_normal_30_seen_anomaly,/home/CuiMinghao/projects/AOI2026/EvoInspect_130_Research_Kit/reports/experiments/heteromemory-v2-dev-8gpu-20260823T154634Z-14240/runs/pc-lite-mvtec-pill-s130-20260823T154634Z-14240/metrics.json,/home/CuiMinghao/projects/AOI2026/EvoInspect_130_Research_Kit/reports/experiments/heteromemory-v2-dev-8gpu-20260823T154634Z-14240/runs/pc-lite-mvtec-pill-s130-20260823T154634Z-14240/model.pt,,"Dataset MVTec_AD_direct_archive, category mvtec_ad_pill, preliminary; limits=[]; not formal upstream PatchCore"
pc-lite-mvtec-screw-s130-20260823T154634Z-14240,completed_preliminary_single_category,2026-08-23T15:46:45+00:00,2026-08-23T15:48:28+00:00,UNAVAILABLE,true,5467d275ec8e19a0bf167f4dd36f3ccfdc3c3ec37588c97060845e63b4685a0f,6069c761f5ad36c25f9cbd461d11eb1805686a3020a8bd9f494e25570b9cbcd9,b384b4e4d976b0f39339de019b1f2a40e03f01a3c7de8576b1b89b97658f0d90,130,RTX 3090 physical GPU 0; Linux-5.4.0-150-generic-x86_64-with-glibc2.27; torch 2.6.0+cu124,heteromemory-v2-guarded-wrn50-random-coreset,official_style_up_to_100_normal_30_seen_anomaly,/home/CuiMinghao/projects/AOI2026/EvoInspect_130_Research_Kit/reports/experiments/heteromemory-v2-dev-8gpu-20260823T154634Z-14240/runs/pc-lite-mvtec-screw-s130-20260823T154634Z-14240/metrics.json,/home/CuiMinghao/projects/AOI2026/EvoInspect_130_Research_Kit/reports/experiments/heteromemory-v2-dev-8gpu-20260823T154634Z-14240/runs/pc-lite-mvtec-screw-s130-20260823T154634Z-14240/model.pt,,"Dataset MVTec_AD_direct_archive, category mvtec_ad_screw, preliminary; limits=[]; not formal upstream PatchCore"
pc-lite-mvtec-toothbrush-s130-20260823T154634Z-14240,completed_preliminary_single_category,2026-08-23T15:46:45+00:00,2026-08-23T15:47:53+00:00,UNAVAILABLE,true,5467d275ec8e19a0bf167f4dd36f3ccfdc3c3ec37588c97060845e63b4685a0f,6069c761f5ad36c25f9cbd461d11eb1805686a3020a8bd9f494e25570b9cbcd9,3446a99d241ca50968ede59d155e7d799f092b963dd620e811bb44ac78d9048e,130,RTX 3090 physical GPU 2; Linux-5.4.0-150-generic-x86_64-with-glibc2.27; torch 2.6.0+cu124,heteromemory-v2-guarded-wrn50-random-coreset,official_style_up_to_100_normal_30_seen_anomaly,/home/CuiMinghao/projects/AOI2026/EvoInspect_130_Research_Kit/reports/experiments/heteromemory-v2-dev-8gpu-20260823T154634Z-14240/runs/pc-lite-mvtec-toothbrush-s130-20260823T154634Z-14240/metrics.json,/home/CuiMinghao/projects/AOI2026/EvoInspect_130_Research_Kit/reports/experiments/heteromemory-v2-dev-8gpu-20260823T154634Z-14240/runs/pc-lite-mvtec-toothbrush-s130-20260823T154634Z-14240/model.pt,,"Dataset MVTec_AD_direct_archive, category mvtec_ad_toothbrush, preliminary; limits=['normal support reduced because category has <120 train normals', 'anomaly support reduced to retain development and final-test anomalies', 'unseen-defect holdout unavailable because category has one defect type']; not formal upstream PatchCore"
pc-lite-mvtec-cable-s130-20260823T155143Z-19168,completed_preliminary_single_category,2026-08-23T15:51:54+00:00,2026-08-23T15:53:38+00:00,UNAVAILABLE,true,94c9396ae535b33f48ea9597fdf3c9e16fd56a2b2109cdcb6d8c1abe5903504a,6069c761f5ad36c25f9cbd461d11eb1805686a3020a8bd9f494e25570b9cbcd9,6fb626627575d9ccb5fc820d7dbbbec05b39e1f8118a2058a45b0464414a9bf4,130,RTX 3090 physical GPU 5; Linux-5.4.0-150-generic-x86_64-with-glibc2.27; torch 2.6.0+cu124,guarded-fusion-v1-wrn50-random-coreset,official_style_up_to_100_normal_30_seen_anomaly,/home/CuiMinghao/projects/AOI2026/EvoInspect_130_Research_Kit/reports/experiments/guarded-fusion-v1-dev-8gpu-20260823T155143Z-19168/runs/pc-lite-mvtec-cable-s130-20260823T155143Z-19168/metrics.json,/home/CuiMinghao/projects/AOI2026/EvoInspect_130_Research_Kit/reports/experiments/guarded-fusion-v1-dev-8gpu-20260823T155143Z-19168/runs/pc-lite-mvtec-cable-s130-20260823T155143Z-19168/model.pt,,"Dataset MVTec_AD_direct_archive, category mvtec_ad_cable, preliminary; limits=[]; not formal upstream PatchCore"
pc-lite-mvtec-capsule-s130-20260823T155143Z-19168,completed_preliminary_single_category,2026-08-23T15:51:54+00:00,2026-08-23T15:53:38+00:00,UNAVAILABLE,true,94c9396ae535b33f48ea9597fdf3c9e16fd56a2b2109cdcb6d8c1abe5903504a,6069c761f5ad36c25f9cbd461d11eb1805686a3020a8bd9f494e25570b9cbcd9,664320350ffef736d2a4f1f67e89256908e25131beecfb58c487060340788994,130,RTX 3090 physical GPU 1; Linux-5.4.0-150-generic-x86_64-with-glibc2.27; torch 2.6.0+cu124,guarded-fusion-v1-wrn50-random-coreset,official_style_up_to_100_normal_30_seen_anomaly,/home/CuiMinghao/projects/AOI2026/EvoInspect_130_Research_Kit/reports/experiments/guarded-fusion-v1-dev-8gpu-20260823T155143Z-19168/runs/pc-lite-mvtec-capsule-s130-20260823T155143Z-19168/metrics.json,/home/CuiMinghao/projects/AOI2026/EvoInspect_130_Research_Kit/reports/experiments/guarded-fusion-v1-dev-8gpu-20260823T155143Z-19168/runs/pc-lite-mvtec-capsule-s130-20260823T155143Z-19168/model.pt,,"Dataset MVTec_AD_direct_archive, category mvtec_ad_capsule, preliminary; limits=[]; not formal upstream PatchCore"
pc-lite-mvtec-carpet-s130-20260823T155143Z-19168,completed_preliminary_single_category,2026-08-23T15:51:54+00:00,2026-08-23T15:53:34+00:00,UNAVAILABLE,true,94c9396ae535b33f48ea9597fdf3c9e16fd56a2b2109cdcb6d8c1abe5903504a,6069c761f5ad36c25f9cbd461d11eb1805686a3020a8bd9f494e25570b9cbcd9,37c74aa87c2c95aa2ef5a2b4ba611ba52f6b2e8c8bc4c3a38a14beb41d3925bb,130,RTX 3090 physical GPU 7; Linux-5.4.0-150-generic-x86_64-with-glibc2.27; torch 2.6.0+cu124,guarded-fusion-v1-wrn50-random-coreset,official_style_up_to_100_normal_30_seen_anomaly,/home/CuiMinghao/projects/AOI2026/EvoInspect_130_Research_Kit/reports/experiments/guarded-fusion-v1-dev-8gpu-20260823T155143Z-19168/runs/pc-lite-mvtec-carpet-s130-20260823T155143Z-19168/metrics.json,/home/CuiMinghao/projects/AOI2026/EvoInspect_130_Research_Kit/reports/experiments/guarded-fusion-v1-dev-8gpu-20260823T155143Z-19168/runs/pc-lite-mvtec-carpet-s130-20260823T155143Z-19168/model.pt,,"Dataset MVTec_AD_direct_archive, category mvtec_ad_carpet, preliminary; limits=[]; not formal upstream PatchCore"
pc-lite-mvtec-grid-s130-20260823T155143Z-19168,completed_preliminary_single_category,2026-08-23T15:51:54+00:00,2026-08-23T15:53:20+00:00,UNAVAILABLE,true,94c9396ae535b33f48ea9597fdf3c9e16fd56a2b2109cdcb6d8c1abe5903504a,6069c761f5ad36c25f9cbd461d11eb1805686a3020a8bd9f494e25570b9cbcd9,2d733fdc472cbd7ec9b77e05fe42c5b034d12f41cadb78b63128c9befb4612c5,130,RTX 3090 physical GPU 3; Linux-5.4.0-150-generic-x86_64-with-glibc2.27; torch 2.6.0+cu124,guarded-fusion-v1-wrn50-random-coreset,official_style_up_to_100_normal_30_seen_anomaly,/home/CuiMinghao/projects/AOI2026/EvoInspect_130_Research_Kit/reports/experiments/guarded-fusion-v1-dev-8gpu-20260823T155143Z-19168/runs/pc-lite-mvtec-grid-s130-20260823T155143Z-19168/metrics.json,/home/CuiMinghao/projects/AOI2026/EvoInspect_130_Research_Kit/reports/experiments/guarded-fusion-v1-dev-8gpu-20260823T155143Z-19168/runs/pc-lite-mvtec-grid-s130-20260823T155143Z-19168/model.pt,,"Dataset MVTec_AD_direct_archive, category mvtec_ad_grid, preliminary; limits=[]; not formal upstream PatchCore"
pc-lite-mvtec-leather-s130-20260823T155143Z-19168,completed_preliminary_single_category,2026-08-23T15:51:54+00:00,2026-08-23T15:53:36+00:00,UNAVAILABLE,true,94c9396ae535b33f48ea9597fdf3c9e16fd56a2b2109cdcb6d8c1abe5903504a,6069c761f5ad36c25f9cbd461d11eb1805686a3020a8bd9f494e25570b9cbcd9,9fcb871b5f2740254a4f2a3769cc7c2ec8ed13cae77fffce8c4671912ceb54a0,130,RTX 3090 physical GPU 6; Linux-5.4.0-150-generic-x86_64-with-glibc2.27; torch 2.6.0+cu124,guarded-fusion-v1-wrn50-random-coreset,official_style_up_to_100_normal_30_seen_anomaly,/home/CuiMinghao/projects/AOI2026/EvoInspect_130_Research_Kit/reports/experiments/guarded-fusion-v1-dev-8gpu-20260823T155143Z-19168/runs/pc-lite-mvtec-leather-s130-20260823T155143Z-19168/metrics.json,/home/CuiMinghao/projects/AOI2026/EvoInspect_130_Research_Kit/reports/experiments/guarded-fusion-v1-dev-8gpu-20260823T155143Z-19168/runs/pc-lite-mvtec-leather-s130-20260823T155143Z-19168/model.pt,,"Dataset MVTec_AD_direct_archive, category mvtec_ad_leather, preliminary; limits=[]; not formal upstream PatchCore"
pc-lite-mvtec-pill-s130-20260823T155143Z-19168,completed_preliminary_single_category,2026-08-23T15:51:54+00:00,2026-08-23T15:53:36+00:00,UNAVAILABLE,true,94c9396ae535b33f48ea9597fdf3c9e16fd56a2b2109cdcb6d8c1abe5903504a,6069c761f5ad36c25f9cbd461d11eb1805686a3020a8bd9f494e25570b9cbcd9,21371aca3cc89c84e39cf75e7d53628cf5e822cc41cd9fe4e937196ac4902e93,130,RTX 3090 physical GPU 4; Linux-5.4.0-150-generic-x86_64-with-glibc2.27; torch 2.6.0+cu124,guarded-fusion-v1-wrn50-random-coreset,official_style_up_to_100_normal_30_seen_anomaly,/home/CuiMinghao/projects/AOI2026/EvoInspect_130_Research_Kit/reports/experiments/guarded-fusion-v1-dev-8gpu-20260823T155143Z-19168/runs/pc-lite-mvtec-pill-s130-20260823T155143Z-19168/metrics.json,/home/CuiMinghao/projects/AOI2026/EvoInspect_130_Research_Kit/reports/experiments/guarded-fusion-v1-dev-8gpu-20260823T155143Z-19168/runs/pc-lite-mvtec-pill-s130-20260823T155143Z-19168/model.pt,,"Dataset MVTec_AD_direct_archive, category mvtec_ad_pill, preliminary; limits=[]; not formal upstream PatchCore"
pc-lite-mvtec-screw-s130-20260823T155143Z-19168,completed_preliminary_single_category,2026-08-23T15:51:54+00:00,2026-08-23T15:53:34+00:00,UNAVAILABLE,true,94c9396ae535b33f48ea9597fdf3c9e16fd56a2b2109cdcb6d8c1abe5903504a,6069c761f5ad36c25f9cbd461d11eb1805686a3020a8bd9f494e25570b9cbcd9,b384b4e4d976b0f39339de019b1f2a40e03f01a3c7de8576b1b89b97658f0d90,130,RTX 3090 physical GPU 0; Linux-5.4.0-150-generic-x86_64-with-glibc2.27; torch 2.6.0+cu124,guarded-fusion-v1-wrn50-random-coreset,official_style_up_to_100_normal_30_seen_anomaly,/home/CuiMinghao/projects/AOI2026/EvoInspect_130_Research_Kit/reports/experiments/guarded-fusion-v1-dev-8gpu-20260823T155143Z-19168/runs/pc-lite-mvtec-screw-s130-20260823T155143Z-19168/metrics.json,/home/CuiMinghao/projects/AOI2026/EvoInspect_130_Research_Kit/reports/experiments/guarded-fusion-v1-dev-8gpu-20260823T155143Z-19168/runs/pc-lite-mvtec-screw-s130-20260823T155143Z-19168/model.pt,,"Dataset MVTec_AD_direct_archive, category mvtec_ad_screw, preliminary; limits=[]; not formal upstream PatchCore"
pc-lite-mvtec-toothbrush-s130-20260823T155143Z-19168,completed_preliminary_single_category,2026-08-23T15:51:54+00:00,2026-08-23T15:53:01+00:00,UNAVAILABLE,true,94c9396ae535b33f48ea9597fdf3c9e16fd56a2b2109cdcb6d8c1abe5903504a,6069c761f5ad36c25f9cbd461d11eb1805686a3020a8bd9f494e25570b9cbcd9,3446a99d241ca50968ede59d155e7d799f092b963dd620e811bb44ac78d9048e,130,RTX 3090 physical GPU 2; Linux-5.4.0-150-generic-x86_64-with-glibc2.27; torch 2.6.0+cu124,guarded-fusion-v1-wrn50-random-coreset,official_style_up_to_100_normal_30_seen_anomaly,/home/CuiMinghao/projects/AOI2026/EvoInspect_130_Research_Kit/reports/experiments/guarded-fusion-v1-dev-8gpu-20260823T155143Z-19168/runs/pc-lite-mvtec-toothbrush-s130-20260823T155143Z-19168/metrics.json,/home/CuiMinghao/projects/AOI2026/EvoInspect_130_Research_Kit/reports/experiments/guarded-fusion-v1-dev-8gpu-20260823T155143Z-19168/runs/pc-lite-mvtec-toothbrush-s130-20260823T155143Z-19168/model.pt,,"Dataset MVTec_AD_direct_archive, category mvtec_ad_toothbrush, preliminary; limits=['normal support reduced because category has <120 train normals', 'anomaly support reduced to retain development and final-test anomalies', 'unseen-defect holdout unavailable because category has one defect type']; not formal upstream PatchCore"
pc-lite-mvtec-bottle-s130-20260823T155420Z-22970,completed_preliminary_single_category,2026-08-23T15:56:25+00:00,2026-08-23T15:58:00+00:00,UNAVAILABLE,true,94c9396ae535b33f48ea9597fdf3c9e16fd56a2b2109cdcb6d8c1abe5903504a,6069c761f5ad36c25f9cbd461d11eb1805686a3020a8bd9f494e25570b9cbcd9,f25898486f80435cb7800f9dfd88b27c871ee9c2ea57a0884df3412668535921,130,RTX 3090 physical GPU 4; Linux-5.4.0-150-generic-x86_64-with-glibc2.27; torch 2.6.0+cu124,guarded-fusion-v1-wrn50-random-coreset,official_style_up_to_100_normal_30_seen_anomaly,/home/CuiMinghao/projects/AOI2026/EvoInspect_130_Research_Kit/reports/experiments/guarded-fusion-v1-heldout7-3seed-8gpu-20260823T155420Z-22970/runs/pc-lite-mvtec-bottle-s130-20260823T155420Z-22970/metrics.json,/home/CuiMinghao/projects/AOI2026/EvoInspect_130_Research_Kit/reports/experiments/guarded-fusion-v1-heldout7-3seed-8gpu-20260823T155420Z-22970/runs/pc-lite-mvtec-bottle-s130-20260823T155420Z-22970/model.pt,,"Dataset MVTec_AD_direct_archive, category mvtec_ad_bottle, preliminary; limits=[]; not formal upstream PatchCore"
pc-lite-mvtec-bottle-s131-20260823T155420Z-22970,completed_preliminary_single_category,2026-08-23T15:56:26+00:00,2026-08-23T15:58:01+00:00,UNAVAILABLE,true,94c9396ae535b33f48ea9597fdf3c9e16fd56a2b2109cdcb6d8c1abe5903504a,6069c761f5ad36c25f9cbd461d11eb1805686a3020a8bd9f494e25570b9cbcd9,b208d154a89776d4962b65e3d4a4f87ab1dfdcc0d0ea5fc73802e2ed95e3f130,131,RTX 3090 physical GPU 5; Linux-5.4.0-150-generic-x86_64-with-glibc2.27; torch 2.6.0+cu124,guarded-fusion-v1-wrn50-random-coreset,official_style_up_to_100_normal_30_seen_anomaly,/home/CuiMinghao/projects/AOI2026/EvoInspect_130_Research_Kit/reports/experiments/guarded-fusion-v1-heldout7-3seed-8gpu-20260823T155420Z-22970/runs/pc-lite-mvtec-bottle-s131-20260823T155420Z-22970/metrics.json,/home/CuiMinghao/projects/AOI2026/EvoInspect_130_Research_Kit/reports/experiments/guarded-fusion-v1-heldout7-3seed-8gpu-20260823T155420Z-22970/runs/pc-lite-mvtec-bottle-s131-20260823T155420Z-22970/model.pt,,"Dataset MVTec_AD_direct_archive, category mvtec_ad_bottle, preliminary; limits=[]; not formal upstream PatchCore"
pc-lite-mvtec-bottle-s132-20260823T155420Z-22970,completed_preliminary_single_category,2026-08-23T15:56:25+00:00,2026-08-23T15:58:00+00:00,UNAVAILABLE,true,94c9396ae535b33f48ea9597fdf3c9e16fd56a2b2109cdcb6d8c1abe5903504a,6069c761f5ad36c25f9cbd461d11eb1805686a3020a8bd9f494e25570b9cbcd9,c33a78cf10dd19d4a3adf69941f4479520ab1fc64eb90f1718e5fd8c8e00ee73,132,RTX 3090 physical GPU 6; Linux-5.4.0-150-generic-x86_64-with-glibc2.27; torch 2.6.0+cu124,guarded-fusion-v1-wrn50-random-coreset,official_style_up_to_100_normal_30_seen_anomaly,/home/CuiMinghao/projects/AOI2026/EvoInspect_130_Research_Kit/reports/experiments/guarded-fusion-v1-heldout7-3seed-8gpu-20260823T155420Z-22970/runs/pc-lite-mvtec-bottle-s132-20260823T155420Z-22970/metrics.json,/home/CuiMinghao/projects/AOI2026/EvoInspect_130_Research_Kit/reports/experiments/guarded-fusion-v1-heldout7-3seed-8gpu-20260823T155420Z-22970/runs/pc-lite-mvtec-bottle-s132-20260823T155420Z-22970/model.pt,,"Dataset MVTec_AD_direct_archive, category mvtec_ad_bottle, preliminary; limits=[]; not formal upstream PatchCore"
pc-lite-mvtec-hazelnut-s130-20260823T155420Z-22970,completed_preliminary_single_category,2026-08-23T15:54:30+00:00,2026-08-23T15:56:18+00:00,UNAVAILABLE,true,94c9396ae535b33f48ea9597fdf3c9e16fd56a2b2109cdcb6d8c1abe5903504a,6069c761f5ad36c25f9cbd461d11eb1805686a3020a8bd9f494e25570b9cbcd9,1cbb9442ba440de357c075042d122f3d54100be65036738410e11cafe0f47861,130,RTX 3090 physical GPU 6; Linux-5.4.0-150-generic-x86_64-with-glibc2.27; torch 2.6.0+cu124,guarded-fusion-v1-wrn50-random-coreset,official_style_up_to_100_normal_30_seen_anomaly,/home/CuiMinghao/projects/AOI2026/EvoInspect_130_Research_Kit/reports/experiments/guarded-fusion-v1-heldout7-3seed-8gpu-20260823T155420Z-22970/runs/pc-lite-mvtec-hazelnut-s130-20260823T155420Z-22970/metrics.json,/home/CuiMinghao/projects/AOI2026/EvoInspect_130_Research_Kit/reports/experiments/guarded-fusion-v1-heldout7-3seed-8gpu-20260823T155420Z-22970/runs/pc-lite-mvtec-hazelnut-s130-20260823T155420Z-22970/model.pt,,"Dataset MVTec_AD_direct_archive, category mvtec_ad_hazelnut, preliminary; limits=[]; not formal upstream PatchCore"
pc-lite-mvtec-hazelnut-s131-20260823T155420Z-22970,completed_preliminary_single_category,2026-08-23T15:54:30+00:00,2026-08-23T15:56:16+00:00,UNAVAILABLE,true,94c9396ae535b33f48ea9597fdf3c9e16fd56a2b2109cdcb6d8c1abe5903504a,6069c761f5ad36c25f9cbd461d11eb1805686a3020a8bd9f494e25570b9cbcd9,0a225ead1468b84bb4cb6fb8d1b17be04808a37f31c3b4856b4801a91b36fd23,131,RTX 3090 physical GPU 7; Linux-5.4.0-150-generic-x86_64-with-glibc2.27; torch 2.6.0+cu124,guarded-fusion-v1-wrn50-random-coreset,official_style_up_to_100_normal_30_seen_anomaly,/home/CuiMinghao/projects/AOI2026/EvoInspect_130_Research_Kit/reports/experiments/guarded-fusion-v1-heldout7-3seed-8gpu-20260823T155420Z-22970/runs/pc-lite-mvtec-hazelnut-s131-20260823T155420Z-22970/metrics.json,/home/CuiMinghao/projects/AOI2026/EvoInspect_130_Research_Kit/reports/experiments/guarded-fusion-v1-heldout7-3seed-8gpu-20260823T155420Z-22970/runs/pc-lite-mvtec-hazelnut-s131-20260823T155420Z-22970/model.pt,,"Dataset MVTec_AD_direct_archive, category mvtec_ad_hazelnut, preliminary; limits=[]; not formal upstream PatchCore"
pc-lite-mvtec-hazelnut-s132-20260823T155420Z-22970,completed_preliminary_single_category,2026-08-23T15:56:27+00:00,2026-08-23T15:58:06+00:00,UNAVAILABLE,true,94c9396ae535b33f48ea9597fdf3c9e16fd56a2b2109cdcb6d8c1abe5903504a,6069c761f5ad36c25f9cbd461d11eb1805686a3020a8bd9f494e25570b9cbcd9,a6776ae02ae39e81b87960c27fbc3a0db7014362ba08e50acf714e69b3ac4cf9,132,RTX 3090 physical GPU 0; Linux-5.4.0-150-generic-x86_64-with-glibc2.27; torch 2.6.0+cu124,guarded-fusion-v1-wrn50-random-coreset,official_style_up_to_100_normal_30_seen_anomaly,/home/CuiMinghao/projects/AOI2026/EvoInspect_130_Research_Kit/reports/experiments/guarded-fusion-v1-heldout7-3seed-8gpu-20260823T155420Z-22970/runs/pc-lite-mvtec-hazelnut-s132-20260823T155420Z-22970/metrics.json,/home/CuiMinghao/projects/AOI2026/EvoInspect_130_Research_Kit/reports/experiments/guarded-fusion-v1-heldout7-3seed-8gpu-20260823T155420Z-22970/runs/pc-lite-mvtec-hazelnut-s132-20260823T155420Z-22970/model.pt,,"Dataset MVTec_AD_direct_archive, category mvtec_ad_hazelnut, preliminary; limits=[]; not formal upstream PatchCore"
pc-lite-mvtec-metal_nut-s130-20260823T155420Z-22970,completed_preliminary_single_category,2026-08-23T15:56:24+00:00,2026-08-23T15:58:00+00:00,UNAVAILABLE,true,94c9396ae535b33f48ea9597fdf3c9e16fd56a2b2109cdcb6d8c1abe5903504a,6069c761f5ad36c25f9cbd461d11eb1805686a3020a8bd9f494e25570b9cbcd9,d3f2435e242144c5897adc24b13d57e16d595c48dda4e2f20360b58fa1f2c71e,130,RTX 3090 physical GPU 1; Linux-5.4.0-150-generic-x86_64-with-glibc2.27; torch 2.6.0+cu124,guarded-fusion-v1-wrn50-random-coreset,official_style_up_to_100_normal_30_seen_anomaly,/home/CuiMinghao/projects/AOI2026/EvoInspect_130_Research_Kit/reports/experiments/guarded-fusion-v1-heldout7-3seed-8gpu-20260823T155420Z-22970/runs/pc-lite-mvtec-metal_nut-s130-20260823T155420Z-22970/metrics.json,/home/CuiMinghao/projects/AOI2026/EvoInspect_130_Research_Kit/reports/experiments/guarded-fusion-v1-heldout7-3seed-8gpu-20260823T155420Z-22970/runs/pc-lite-mvtec-metal_nut-s130-20260823T155420Z-22970/model.pt,,"Dataset MVTec_AD_direct_archive, category mvtec_ad_metal_nut, preliminary; limits=[]; not formal upstream PatchCore"
pc-lite-mvtec-metal_nut-s131-20260823T155420Z-22970,completed_preliminary_single_category,2026-08-23T15:56:26+00:00,2026-08-23T15:58:03+00:00,UNAVAILABLE,true,94c9396ae535b33f48ea9597fdf3c9e16fd56a2b2109cdcb6d8c1abe5903504a,6069c761f5ad36c25f9cbd461d11eb1805686a3020a8bd9f494e25570b9cbcd9,dcdf5ff5d622f6fafb5050c79208c520928593195604785e348c909aed7859b0,131,RTX 3090 physical GPU 2; Linux-5.4.0-150-generic-x86_64-with-glibc2.27; torch 2.6.0+cu124,guarded-fusion-v1-wrn50-random-coreset,official_style_up_to_100_normal_30_seen_anomaly,/home/CuiMinghao/projects/AOI2026/EvoInspect_130_Research_Kit/reports/experiments/guarded-fusion-v1-heldout7-3seed-8gpu-20260823T155420Z-22970/runs/pc-lite-mvtec-metal_nut-s131-20260823T155420Z-22970/metrics.json,/home/CuiMinghao/projects/AOI2026/EvoInspect_130_Research_Kit/reports/experiments/guarded-fusion-v1-heldout7-3seed-8gpu-20260823T155420Z-22970/runs/pc-lite-mvtec-metal_nut-s131-20260823T155420Z-22970/model.pt,,"Dataset MVTec_AD_direct_archive, category mvtec_ad_metal_nut, preliminary; limits=[]; not formal upstream PatchCore"
pc-lite-mvtec-metal_nut-s132-20260823T155420Z-22970,completed_preliminary_single_category,2026-08-23T15:56:25+00:00,2026-08-23T15:58:02+00:00,UNAVAILABLE,true,94c9396ae535b33f48ea9597fdf3c9e16fd56a2b2109cdcb6d8c1abe5903504a,6069c761f5ad36c25f9cbd461d11eb1805686a3020a8bd9f494e25570b9cbcd9,39248869a11c521f906a33d34061eb07b5eaa659e01756b1832851602239a8ed,132,RTX 3090 physical GPU 3; Linux-5.4.0-150-generic-x86_64-with-glibc2.27; torch 2.6.0+cu124,guarded-fusion-v1-wrn50-random-coreset,official_style_up_to_100_normal_30_seen_anomaly,/home/CuiMinghao/projects/AOI2026/EvoInspect_130_Research_Kit/reports/experiments/guarded-fusion-v1-heldout7-3seed-8gpu-20260823T155420Z-22970/runs/pc-lite-mvtec-metal_nut-s132-20260823T155420Z-22970/metrics.json,/home/CuiMinghao/projects/AOI2026/EvoInspect_130_Research_Kit/reports/experiments/guarded-fusion-v1-heldout7-3seed-8gpu-20260823T155420Z-22970/runs/pc-lite-mvtec-metal_nut-s132-20260823T155420Z-22970/model.pt,,"Dataset MVTec_AD_direct_archive, category mvtec_ad_metal_nut, preliminary; limits=[]; not formal upstream PatchCore"
pc-lite-mvtec-tile-s130-20260823T155420Z-22970,completed_preliminary_single_category,2026-08-23T15:54:30+00:00,2026-08-23T15:56:17+00:00,UNAVAILABLE,true,94c9396ae535b33f48ea9597fdf3c9e16fd56a2b2109cdcb6d8c1abe5903504a,6069c761f5ad36c25f9cbd461d11eb1805686a3020a8bd9f494e25570b9cbcd9,e9c1e04f6c1d90b38be4261669a0a178e6f3a7b9ba983571bf980473af48f639,130,RTX 3090 physical GPU 3; Linux-5.4.0-150-generic-x86_64-with-glibc2.27; torch 2.6.0+cu124,guarded-fusion-v1-wrn50-random-coreset,official_style_up_to_100_normal_30_seen_anomaly,/home/CuiMinghao/projects/AOI2026/EvoInspect_130_Research_Kit/reports/experiments/guarded-fusion-v1-heldout7-3seed-8gpu-20260823T155420Z-22970/runs/pc-lite-mvtec-tile-s130-20260823T155420Z-22970/metrics.json,/home/CuiMinghao/projects/AOI2026/EvoInspect_130_Research_Kit/reports/experiments/guarded-fusion-v1-heldout7-3seed-8gpu-20260823T155420Z-22970/runs/pc-lite-mvtec-tile-s130-20260823T155420Z-22970/model.pt,,"Dataset MVTec_AD_direct_archive, category mvtec_ad_tile, preliminary; limits=[]; not formal upstream PatchCore"
pc-lite-mvtec-tile-s131-20260823T155420Z-22970,completed_preliminary_single_category,2026-08-23T15:54:30+00:00,2026-08-23T15:56:17+00:00,UNAVAILABLE,true,94c9396ae535b33f48ea9597fdf3c9e16fd56a2b2109cdcb6d8c1abe5903504a,6069c761f5ad36c25f9cbd461d11eb1805686a3020a8bd9f494e25570b9cbcd9,454670882e5bae1df8b58da6968f8f2061962c1af900c71f3837fe6a03cfff0e,131,RTX 3090 physical GPU 4; Linux-5.4.0-150-generic-x86_64-with-glibc2.27; torch 2.6.0+cu124,guarded-fusion-v1-wrn50-random-coreset,official_style_up_to_100_normal_30_seen_anomaly,/home/CuiMinghao/projects/AOI2026/EvoInspect_130_Research_Kit/reports/experiments/guarded-fusion-v1-heldout7-3seed-8gpu-20260823T155420Z-22970/runs/pc-lite-mvtec-tile-s131-20260823T155420Z-22970/metrics.json,/home/CuiMinghao/projects/AOI2026/EvoInspect_130_Research_Kit/reports/experiments/guarded-fusion-v1-heldout7-3seed-8gpu-20260823T155420Z-22970/runs/pc-lite-mvtec-tile-s131-20260823T155420Z-22970/model.pt,,"Dataset MVTec_AD_direct_archive, category mvtec_ad_tile, preliminary; limits=[]; not formal upstream PatchCore"
pc-lite-mvtec-tile-s132-20260823T155420Z-22970,completed_preliminary_single_category,2026-08-23T15:54:31+00:00,2026-08-23T15:56:18+00:00,UNAVAILABLE,true,94c9396ae535b33f48ea9597fdf3c9e16fd56a2b2109cdcb6d8c1abe5903504a,6069c761f5ad36c25f9cbd461d11eb1805686a3020a8bd9f494e25570b9cbcd9,833b68df57a09f7b16b64606e16bd20c24e51e32b90bf3ef2ea0d3799aa54fe6,132,RTX 3090 physical GPU 5; Linux-5.4.0-150-generic-x86_64-with-glibc2.27; torch 2.6.0+cu124,guarded-fusion-v1-wrn50-random-coreset,official_style_up_to_100_normal_30_seen_anomaly,/home/CuiMinghao/projects/AOI2026/EvoInspect_130_Research_Kit/reports/experiments/guarded-fusion-v1-heldout7-3seed-8gpu-20260823T155420Z-22970/runs/pc-lite-mvtec-tile-s132-20260823T155420Z-22970/metrics.json,/home/CuiMinghao/projects/AOI2026/EvoInspect_130_Research_Kit/reports/experiments/guarded-fusion-v1-heldout7-3seed-8gpu-20260823T155420Z-22970/runs/pc-lite-mvtec-tile-s132-20260823T155420Z-22970/model.pt,,"Dataset MVTec_AD_direct_archive, category mvtec_ad_tile, preliminary; limits=[]; not formal upstream PatchCore"
pc-lite-mvtec-transistor-s130-20260823T155420Z-22970,completed_preliminary_single_category,2026-08-23T15:56:24+00:00,2026-08-23T15:58:05+00:00,UNAVAILABLE,true,94c9396ae535b33f48ea9597fdf3c9e16fd56a2b2109cdcb6d8c1abe5903504a,6069c761f5ad36c25f9cbd461d11eb1805686a3020a8bd9f494e25570b9cbcd9,082bd5b34d88e81bd44e130f03a8731fa3f291d7331fd5f8c1701510d87e1faf,130,RTX 3090 physical GPU 7; Linux-5.4.0-150-generic-x86_64-with-glibc2.27; torch 2.6.0+cu124,guarded-fusion-v1-wrn50-random-coreset,official_style_up_to_100_normal_30_seen_anomaly,/home/CuiMinghao/projects/AOI2026/EvoInspect_130_Research_Kit/reports/experiments/guarded-fusion-v1-heldout7-3seed-8gpu-20260823T155420Z-22970/runs/pc-lite-mvtec-transistor-s130-20260823T155420Z-22970/metrics.json,/home/CuiMinghao/projects/AOI2026/EvoInspect_130_Research_Kit/reports/experiments/guarded-fusion-v1-heldout7-3seed-8gpu-20260823T155420Z-22970/runs/pc-lite-mvtec-transistor-s130-20260823T155420Z-22970/model.pt,,"Dataset MVTec_AD_direct_archive, category mvtec_ad_transistor, preliminary; limits=['anomaly support reduced to retain development and final-test anomalies']; not formal upstream PatchCore"
pc-lite-mvtec-transistor-s131-20260823T155420Z-22970,completed_preliminary_single_category,2026-08-23T15:58:14+00:00,2026-08-23T15:59:14+00:00,UNAVAILABLE,true,94c9396ae535b33f48ea9597fdf3c9e16fd56a2b2109cdcb6d8c1abe5903504a,6069c761f5ad36c25f9cbd461d11eb1805686a3020a8bd9f494e25570b9cbcd9,f11c1e50874d5b2b80dd72ca9669e6e21ec8d34aaeec94bd5afe722e6387a218,131,RTX 3090 physical GPU 0; Linux-5.4.0-150-generic-x86_64-with-glibc2.27; torch 2.6.0+cu124,guarded-fusion-v1-wrn50-random-coreset,official_style_up_to_100_normal_30_seen_anomaly,/home/CuiMinghao/projects/AOI2026/EvoInspect_130_Research_Kit/reports/experiments/guarded-fusion-v1-heldout7-3seed-8gpu-20260823T155420Z-22970/runs/pc-lite-mvtec-transistor-s131-20260823T155420Z-22970/metrics.json,/home/CuiMinghao/projects/AOI2026/EvoInspect_130_Research_Kit/reports/experiments/guarded-fusion-v1-heldout7-3seed-8gpu-20260823T155420Z-22970/runs/pc-lite-mvtec-transistor-s131-20260823T155420Z-22970/model.pt,,"Dataset MVTec_AD_direct_archive, category mvtec_ad_transistor, preliminary; limits=['anomaly support reduced to retain development and final-test anomalies']; not formal upstream PatchCore"
pc-lite-mvtec-transistor-s132-20260823T155420Z-22970,completed_preliminary_single_category,2026-08-23T15:58:08+00:00,2026-08-23T15:59:10+00:00,UNAVAILABLE,true,94c9396ae535b33f48ea9597fdf3c9e16fd56a2b2109cdcb6d8c1abe5903504a,6069c761f5ad36c25f9cbd461d11eb1805686a3020a8bd9f494e25570b9cbcd9,a499e2dc57d22620fa61f3aa5731d657f1a1d7e32168d4c1223beac2b0b515e2,132,RTX 3090 physical GPU 1; Linux-5.4.0-150-generic-x86_64-with-glibc2.27; torch 2.6.0+cu124,guarded-fusion-v1-wrn50-random-coreset,official_style_up_to_100_normal_30_seen_anomaly,/home/CuiMinghao/projects/AOI2026/EvoInspect_130_Research_Kit/reports/experiments/guarded-fusion-v1-heldout7-3seed-8gpu-20260823T155420Z-22970/runs/pc-lite-mvtec-transistor-s132-20260823T155420Z-22970/metrics.json,/home/CuiMinghao/projects/AOI2026/EvoInspect_130_Research_Kit/reports/experiments/guarded-fusion-v1-heldout7-3seed-8gpu-20260823T155420Z-22970/runs/pc-lite-mvtec-transistor-s132-20260823T155420Z-22970/model.pt,,"Dataset MVTec_AD_direct_archive, category mvtec_ad_transistor, preliminary; limits=['anomaly support reduced to retain development and final-test anomalies']; not formal upstream PatchCore"
pc-lite-mvtec-wood-s130-20260823T155420Z-22970,completed_preliminary_single_category,2026-08-23T15:58:11+00:00,2026-08-23T15:59:10+00:00,UNAVAILABLE,true,94c9396ae535b33f48ea9597fdf3c9e16fd56a2b2109cdcb6d8c1abe5903504a,6069c761f5ad36c25f9cbd461d11eb1805686a3020a8bd9f494e25570b9cbcd9,229c68a425d3176f58940e8406226f4f79d6d376882b361c4a6087f080ba112a,130,RTX 3090 physical GPU 2; Linux-5.4.0-150-generic-x86_64-with-glibc2.27; torch 2.6.0+cu124,guarded-fusion-v1-wrn50-random-coreset,official_style_up_to_100_normal_30_seen_anomaly,/home/CuiMinghao/projects/AOI2026/EvoInspect_130_Research_Kit/reports/experiments/guarded-fusion-v1-heldout7-3seed-8gpu-20260823T155420Z-22970/runs/pc-lite-mvtec-wood-s130-20260823T155420Z-22970/metrics.json,/home/CuiMinghao/projects/AOI2026/EvoInspect_130_Research_Kit/reports/experiments/guarded-fusion-v1-heldout7-3seed-8gpu-20260823T155420Z-22970/runs/pc-lite-mvtec-wood-s130-20260823T155420Z-22970/model.pt,,"Dataset MVTec_AD_direct_archive, category mvtec_ad_wood, preliminary; limits=[]; not formal upstream PatchCore"
pc-lite-mvtec-wood-s131-20260823T155420Z-22970,completed_preliminary_single_category,2026-08-23T15:58:09+00:00,2026-08-23T15:59:10+00:00,UNAVAILABLE,true,94c9396ae535b33f48ea9597fdf3c9e16fd56a2b2109cdcb6d8c1abe5903504a,6069c761f5ad36c25f9cbd461d11eb1805686a3020a8bd9f494e25570b9cbcd9,b4ff6ca81d70c6c47d3911f80083e18fc5dfafb35e2a2ad67bc8d6d7a8a41876,131,RTX 3090 physical GPU 3; Linux-5.4.0-150-generic-x86_64-with-glibc2.27; torch 2.6.0+cu124,guarded-fusion-v1-wrn50-random-coreset,official_style_up_to_100_normal_30_seen_anomaly,/home/CuiMinghao/projects/AOI2026/EvoInspect_130_Research_Kit/reports/experiments/guarded-fusion-v1-heldout7-3seed-8gpu-20260823T155420Z-22970/runs/pc-lite-mvtec-wood-s131-20260823T155420Z-22970/metrics.json,/home/CuiMinghao/projects/AOI2026/EvoInspect_130_Research_Kit/reports/experiments/guarded-fusion-v1-heldout7-3seed-8gpu-20260823T155420Z-22970/runs/pc-lite-mvtec-wood-s131-20260823T155420Z-22970/model.pt,,"Dataset MVTec_AD_direct_archive, category mvtec_ad_wood, preliminary; limits=[]; not formal upstream PatchCore"
pc-lite-mvtec-wood-s132-20260823T155420Z-22970,completed_preliminary_single_category,2026-08-23T15:58:08+00:00,2026-08-23T15:59:06+00:00,UNAVAILABLE,true,94c9396ae535b33f48ea9597fdf3c9e16fd56a2b2109cdcb6d8c1abe5903504a,6069c761f5ad36c25f9cbd461d11eb1805686a3020a8bd9f494e25570b9cbcd9,ae17326cd8ff78afc7c88ae73979d2f48b23fb7db82b650156abd2381dc21994,132,RTX 3090 physical GPU 4; Linux-5.4.0-150-generic-x86_64-with-glibc2.27; torch 2.6.0+cu124,guarded-fusion-v1-wrn50-random-coreset,official_style_up_to_100_normal_30_seen_anomaly,/home/CuiMinghao/projects/AOI2026/EvoInspect_130_Research_Kit/reports/experiments/guarded-fusion-v1-heldout7-3seed-8gpu-20260823T155420Z-22970/runs/pc-lite-mvtec-wood-s132-20260823T155420Z-22970/metrics.json,/home/CuiMinghao/projects/AOI2026/EvoInspect_130_Research_Kit/reports/experiments/guarded-fusion-v1-heldout7-3seed-8gpu-20260823T155420Z-22970/runs/pc-lite-mvtec-wood-s132-20260823T155420Z-22970/model.pt,,"Dataset MVTec_AD_direct_archive, category mvtec_ad_wood, preliminary; limits=[]; not formal upstream PatchCore"
pc-lite-mvtec-zipper-s130-20260823T155420Z-22970,completed_preliminary_single_category,2026-08-23T15:54:31+00:00,2026-08-23T15:56:19+00:00,UNAVAILABLE,true,94c9396ae535b33f48ea9597fdf3c9e16fd56a2b2109cdcb6d8c1abe5903504a,6069c761f5ad36c25f9cbd461d11eb1805686a3020a8bd9f494e25570b9cbcd9,9f4de898edb50ad1d6be4660fbdddaca791d5402eeb25c80a10472e1ad74a3a1,130,RTX 3090 physical GPU 0; Linux-5.4.0-150-generic-x86_64-with-glibc2.27; torch 2.6.0+cu124,guarded-fusion-v1-wrn50-random-coreset,official_style_up_to_100_normal_30_seen_anomaly,/home/CuiMinghao/projects/AOI2026/EvoInspect_130_Research_Kit/reports/experiments/guarded-fusion-v1-heldout7-3seed-8gpu-20260823T155420Z-22970/runs/pc-lite-mvtec-zipper-s130-20260823T155420Z-22970/metrics.json,/home/CuiMinghao/projects/AOI2026/EvoInspect_130_Research_Kit/reports/experiments/guarded-fusion-v1-heldout7-3seed-8gpu-20260823T155420Z-22970/runs/pc-lite-mvtec-zipper-s130-20260823T155420Z-22970/model.pt,,"Dataset MVTec_AD_direct_archive, category mvtec_ad_zipper, preliminary; limits=[]; not formal upstream PatchCore"
pc-lite-mvtec-zipper-s131-20260823T155420Z-22970,completed_preliminary_single_category,2026-08-23T15:54:30+00:00,2026-08-23T15:56:16+00:00,UNAVAILABLE,true,94c9396ae535b33f48ea9597fdf3c9e16fd56a2b2109cdcb6d8c1abe5903504a,6069c761f5ad36c25f9cbd461d11eb1805686a3020a8bd9f494e25570b9cbcd9,0896d85f1105c44afe9beebf7f6c042f01cfd9d3c55c54758100e30c3f11dc6c,131,RTX 3090 physical GPU 1; Linux-5.4.0-150-generic-x86_64-with-glibc2.27; torch 2.6.0+cu124,guarded-fusion-v1-wrn50-random-coreset,official_style_up_to_100_normal_30_seen_anomaly,/home/CuiMinghao/projects/AOI2026/EvoInspect_130_Research_Kit/reports/experiments/guarded-fusion-v1-heldout7-3seed-8gpu-20260823T155420Z-22970/runs/pc-lite-mvtec-zipper-s131-20260823T155420Z-22970/metrics.json,/home/CuiMinghao/projects/AOI2026/EvoInspect_130_Research_Kit/reports/experiments/guarded-fusion-v1-heldout7-3seed-8gpu-20260823T155420Z-22970/runs/pc-lite-mvtec-zipper-s131-20260823T155420Z-22970/model.pt,,"Dataset MVTec_AD_direct_archive, category mvtec_ad_zipper, preliminary; limits=[]; not formal upstream PatchCore"
pc-lite-mvtec-zipper-s132-20260823T155420Z-22970,completed_preliminary_single_category,2026-08-23T15:54:31+00:00,2026-08-23T15:56:18+00:00,UNAVAILABLE,true,94c9396ae535b33f48ea9597fdf3c9e16fd56a2b2109cdcb6d8c1abe5903504a,6069c761f5ad36c25f9cbd461d11eb1805686a3020a8bd9f494e25570b9cbcd9,a6a0e18ade3e36866727c1b1e5308652cf68ebb72b8cfe202a1ca2edbfd24cd5,132,RTX 3090 physical GPU 2; Linux-5.4.0-150-generic-x86_64-with-glibc2.27; torch 2.6.0+cu124,guarded-fusion-v1-wrn50-random-coreset,official_style_up_to_100_normal_30_seen_anomaly,/home/CuiMinghao/projects/AOI2026/EvoInspect_130_Research_Kit/reports/experiments/guarded-fusion-v1-heldout7-3seed-8gpu-20260823T155420Z-22970/runs/pc-lite-mvtec-zipper-s132-20260823T155420Z-22970/metrics.json,/home/CuiMinghao/projects/AOI2026/EvoInspect_130_Research_Kit/reports/experiments/guarded-fusion-v1-heldout7-3seed-8gpu-20260823T155420Z-22970/runs/pc-lite-mvtec-zipper-s132-20260823T155420Z-22970/model.pt,,"Dataset MVTec_AD_direct_archive, category mvtec_ad_zipper, preliminary; limits=[]; not formal upstream PatchCore"
pc-lite-mvtec-cable-s130-20260823T160049Z-575,completed_preliminary_single_category,2026-08-23T16:01:00+00:00,2026-08-23T16:02:45+00:00,UNAVAILABLE,true,ea3b9cbcc38e1d6cca616cf20bb6545f34af916580b0a7009aa5ec556a18df60,6069c761f5ad36c25f9cbd461d11eb1805686a3020a8bd9f494e25570b9cbcd9,6fb626627575d9ccb5fc820d7dbbbec05b39e1f8118a2058a45b0464414a9bf4,130,RTX 3090 physical GPU 5; Linux-5.4.0-150-generic-x86_64-with-glibc2.27; torch 2.6.0+cu124,patchcore-lite-wrn50-layer2-random-coreset+logreg,official_style_up_to_100_normal_30_seen_anomaly,/home/CuiMinghao/projects/AOI2026/EvoInspect_130_Research_Kit/reports/experiments/pc-lite-layer2-dev-8gpu-20260823T160049Z-575/runs/pc-lite-mvtec-cable-s130-20260823T160049Z-575/metrics.json,/home/CuiMinghao/projects/AOI2026/EvoInspect_130_Research_Kit/reports/experiments/pc-lite-layer2-dev-8gpu-20260823T160049Z-575/runs/pc-lite-mvtec-cable-s130-20260823T160049Z-575/model.pt,,"Dataset MVTec_AD_direct_archive, category mvtec_ad_cable, preliminary; limits=[]; not formal upstream PatchCore"
pc-lite-mvtec-capsule-s130-20260823T160049Z-575,completed_preliminary_single_category,2026-08-23T16:00:59+00:00,2026-08-23T16:02:44+00:00,UNAVAILABLE,true,ea3b9cbcc38e1d6cca616cf20bb6545f34af916580b0a7009aa5ec556a18df60,6069c761f5ad36c25f9cbd461d11eb1805686a3020a8bd9f494e25570b9cbcd9,664320350ffef736d2a4f1f67e89256908e25131beecfb58c487060340788994,130,RTX 3090 physical GPU 1; Linux-5.4.0-150-generic-x86_64-with-glibc2.27; torch 2.6.0+cu124,patchcore-lite-wrn50-layer2-random-coreset+logreg,official_style_up_to_100_normal_30_seen_anomaly,/home/CuiMinghao/projects/AOI2026/EvoInspect_130_Research_Kit/reports/experiments/pc-lite-layer2-dev-8gpu-20260823T160049Z-575/runs/pc-lite-mvtec-capsule-s130-20260823T160049Z-575/metrics.json,/home/CuiMinghao/projects/AOI2026/EvoInspect_130_Research_Kit/reports/experiments/pc-lite-layer2-dev-8gpu-20260823T160049Z-575/runs/pc-lite-mvtec-capsule-s130-20260823T160049Z-575/model.pt,,"Dataset MVTec_AD_direct_archive, category mvtec_ad_capsule, preliminary; limits=[]; not formal upstream PatchCore"
pc-lite-mvtec-carpet-s130-20260823T160049Z-575,completed_preliminary_single_category,2026-08-23T16:01:00+00:00,2026-08-23T16:02:42+00:00,UNAVAILABLE,true,ea3b9cbcc38e1d6cca616cf20bb6545f34af916580b0a7009aa5ec556a18df60,6069c761f5ad36c25f9cbd461d11eb1805686a3020a8bd9f494e25570b9cbcd9,37c74aa87c2c95aa2ef5a2b4ba611ba52f6b2e8c8bc4c3a38a14beb41d3925bb,130,RTX 3090 physical GPU 7; Linux-5.4.0-150-generic-x86_64-with-glibc2.27; torch 2.6.0+cu124,patchcore-lite-wrn50-layer2-random-coreset+logreg,official_style_up_to_100_normal_30_seen_anomaly,/home/CuiMinghao/projects/AOI2026/EvoInspect_130_Research_Kit/reports/experiments/pc-lite-layer2-dev-8gpu-20260823T160049Z-575/runs/pc-lite-mvtec-carpet-s130-20260823T160049Z-575/metrics.json,/home/CuiMinghao/projects/AOI2026/EvoInspect_130_Research_Kit/reports/experiments/pc-lite-layer2-dev-8gpu-20260823T160049Z-575/runs/pc-lite-mvtec-carpet-s130-20260823T160049Z-575/model.pt,,"Dataset MVTec_AD_direct_archive, category mvtec_ad_carpet, preliminary; limits=[]; not formal upstream PatchCore"
pc-lite-mvtec-grid-s130-20260823T160049Z-575,completed_preliminary_single_category,2026-08-23T16:01:00+00:00,2026-08-23T16:02:29+00:00,UNAVAILABLE,true,ea3b9cbcc38e1d6cca616cf20bb6545f34af916580b0a7009aa5ec556a18df60,6069c761f5ad36c25f9cbd461d11eb1805686a3020a8bd9f494e25570b9cbcd9,2d733fdc472cbd7ec9b77e05fe42c5b034d12f41cadb78b63128c9befb4612c5,130,RTX 3090 physical GPU 3; Linux-5.4.0-150-generic-x86_64-with-glibc2.27; torch 2.6.0+cu124,patchcore-lite-wrn50-layer2-random-coreset+logreg,official_style_up_to_100_normal_30_seen_anomaly,/home/CuiMinghao/projects/AOI2026/EvoInspect_130_Research_Kit/reports/experiments/pc-lite-layer2-dev-8gpu-20260823T160049Z-575/runs/pc-lite-mvtec-grid-s130-20260823T160049Z-575/metrics.json,/home/CuiMinghao/projects/AOI2026/EvoInspect_130_Research_Kit/reports/experiments/pc-lite-layer2-dev-8gpu-20260823T160049Z-575/runs/pc-lite-mvtec-grid-s130-20260823T160049Z-575/model.pt,,"Dataset MVTec_AD_direct_archive, category mvtec_ad_grid, preliminary; limits=[]; not formal upstream PatchCore"
pc-lite-mvtec-leather-s130-20260823T160049Z-575,completed_preliminary_single_category,2026-08-23T16:01:00+00:00,2026-08-23T16:02:41+00:00,UNAVAILABLE,true,ea3b9cbcc38e1d6cca616cf20bb6545f34af916580b0a7009aa5ec556a18df60,6069c761f5ad36c25f9cbd461d11eb1805686a3020a8bd9f494e25570b9cbcd9,9fcb871b5f2740254a4f2a3769cc7c2ec8ed13cae77fffce8c4671912ceb54a0,130,RTX 3090 physical GPU 6; Linux-5.4.0-150-generic-x86_64-with-glibc2.27; torch 2.6.0+cu124,patchcore-lite-wrn50-layer2-random-coreset+logreg,official_style_up_to_100_normal_30_seen_anomaly,/home/CuiMinghao/projects/AOI2026/EvoInspect_130_Research_Kit/reports/experiments/pc-lite-layer2-dev-8gpu-20260823T160049Z-575/runs/pc-lite-mvtec-leather-s130-20260823T160049Z-575/metrics.json,/home/CuiMinghao/projects/AOI2026/EvoInspect_130_Research_Kit/reports/experiments/pc-lite-layer2-dev-8gpu-20260823T160049Z-575/runs/pc-lite-mvtec-leather-s130-20260823T160049Z-575/model.pt,,"Dataset MVTec_AD_direct_archive, category mvtec_ad_leather, preliminary; limits=[]; not formal upstream PatchCore"
pc-lite-mvtec-pill-s130-20260823T160049Z-575,completed_preliminary_single_category,2026-08-23T16:00:59+00:00,2026-08-23T16:02:39+00:00,UNAVAILABLE,true,ea3b9cbcc38e1d6cca616cf20bb6545f34af916580b0a7009aa5ec556a18df60,6069c761f5ad36c25f9cbd461d11eb1805686a3020a8bd9f494e25570b9cbcd9,21371aca3cc89c84e39cf75e7d53628cf5e822cc41cd9fe4e937196ac4902e93,130,RTX 3090 physical GPU 4; Linux-5.4.0-150-generic-x86_64-with-glibc2.27; torch 2.6.0+cu124,patchcore-lite-wrn50-layer2-random-coreset+logreg,official_style_up_to_100_normal_30_seen_anomaly,/home/CuiMinghao/projects/AOI2026/EvoInspect_130_Research_Kit/reports/experiments/pc-lite-layer2-dev-8gpu-20260823T160049Z-575/runs/pc-lite-mvtec-pill-s130-20260823T160049Z-575/metrics.json,/home/CuiMinghao/projects/AOI2026/EvoInspect_130_Research_Kit/reports/experiments/pc-lite-layer2-dev-8gpu-20260823T160049Z-575/runs/pc-lite-mvtec-pill-s130-20260823T160049Z-575/model.pt,,"Dataset MVTec_AD_direct_archive, category mvtec_ad_pill, preliminary; limits=[]; not formal upstream PatchCore"
pc-lite-mvtec-screw-s130-20260823T160049Z-575,completed_preliminary_single_category,2026-08-23T16:01:00+00:00,2026-08-23T16:02:41+00:00,UNAVAILABLE,true,ea3b9cbcc38e1d6cca616cf20bb6545f34af916580b0a7009aa5ec556a18df60,6069c761f5ad36c25f9cbd461d11eb1805686a3020a8bd9f494e25570b9cbcd9,b384b4e4d976b0f39339de019b1f2a40e03f01a3c7de8576b1b89b97658f0d90,130,RTX 3090 physical GPU 0; Linux-5.4.0-150-generic-x86_64-with-glibc2.27; torch 2.6.0+cu124,patchcore-lite-wrn50-layer2-random-coreset+logreg,official_style_up_to_100_normal_30_seen_anomaly,/home/CuiMinghao/projects/AOI2026/EvoInspect_130_Research_Kit/reports/experiments/pc-lite-layer2-dev-8gpu-20260823T160049Z-575/runs/pc-lite-mvtec-screw-s130-20260823T160049Z-575/metrics.json,/home/CuiMinghao/projects/AOI2026/EvoInspect_130_Research_Kit/reports/experiments/pc-lite-layer2-dev-8gpu-20260823T160049Z-575/runs/pc-lite-mvtec-screw-s130-20260823T160049Z-575/model.pt,,"Dataset MVTec_AD_direct_archive, category mvtec_ad_screw, preliminary; limits=[]; not formal upstream PatchCore"
pc-lite-mvtec-toothbrush-s130-20260823T160049Z-575,completed_preliminary_single_category,2026-08-23T16:01:00+00:00,2026-08-23T16:02:09+00:00,UNAVAILABLE,true,ea3b9cbcc38e1d6cca616cf20bb6545f34af916580b0a7009aa5ec556a18df60,6069c761f5ad36c25f9cbd461d11eb1805686a3020a8bd9f494e25570b9cbcd9,3446a99d241ca50968ede59d155e7d799f092b963dd620e811bb44ac78d9048e,130,RTX 3090 physical GPU 2; Linux-5.4.0-150-generic-x86_64-with-glibc2.27; torch 2.6.0+cu124,patchcore-lite-wrn50-layer2-random-coreset+logreg,official_style_up_to_100_normal_30_seen_anomaly,/home/CuiMinghao/projects/AOI2026/EvoInspect_130_Research_Kit/reports/experiments/pc-lite-layer2-dev-8gpu-20260823T160049Z-575/runs/pc-lite-mvtec-toothbrush-s130-20260823T160049Z-575/metrics.json,/home/CuiMinghao/projects/AOI2026/EvoInspect_130_Research_Kit/reports/experiments/pc-lite-layer2-dev-8gpu-20260823T160049Z-575/runs/pc-lite-mvtec-toothbrush-s130-20260823T160049Z-575/model.pt,,"Dataset MVTec_AD_direct_archive, category mvtec_ad_toothbrush, preliminary; limits=['normal support reduced because category has <120 train normals', 'anomaly support reduced to retain development and final-test anomalies', 'unseen-defect holdout unavailable because category has one defect type']; not formal upstream PatchCore"
pc-lite-mvtec-bottle-s133-20260823T160501Z-5533,completed_preliminary_single_category,2026-08-23T16:11:02+00:00,2026-08-23T16:12:31+00:00,UNAVAILABLE,true,9c3b94157d31d9ba5a0184010b512425da89b1e0a73d8507a26cbe94c7f5c9d0,6069c761f5ad36c25f9cbd461d11eb1805686a3020a8bd9f494e25570b9cbcd9,b21b262fcd3093dac28fd2b8248f6167aeb3d862fb3440b5f65bc168d0e0416b,133,RTX 3090 physical GPU 6; Linux-5.4.0-150-generic-x86_64-with-glibc2.27; torch 2.6.0+cu124,guarded-fusion-v2-safe-wrn50-random-coreset,official_style_up_to_100_normal_30_seen_anomaly,/home/CuiMinghao/projects/AOI2026/EvoInspect_130_Research_Kit/reports/experiments/guarded-fusion-v2-final15-3seed-8gpu-20260823T160501Z-5533/runs/pc-lite-mvtec-bottle-s133-20260823T160501Z-5533/metrics.json,/home/CuiMinghao/projects/AOI2026/EvoInspect_130_Research_Kit/reports/experiments/guarded-fusion-v2-final15-3seed-8gpu-20260823T160501Z-5533/runs/pc-lite-mvtec-bottle-s133-20260823T160501Z-5533/model.pt,,"Dataset MVTec_AD_direct_archive, category mvtec_ad_bottle, preliminary; limits=[]; not formal upstream PatchCore"
pc-lite-mvtec-bottle-s134-20260823T160501Z-5533,completed_preliminary_single_category,2026-08-23T16:10:57+00:00,2026-08-23T16:12:21+00:00,UNAVAILABLE,true,9c3b94157d31d9ba5a0184010b512425da89b1e0a73d8507a26cbe94c7f5c9d0,6069c761f5ad36c25f9cbd461d11eb1805686a3020a8bd9f494e25570b9cbcd9,4d3512b569faa271afb010d814c777028f16be2f94e6bb4ea0b941c7df96157d,134,RTX 3090 physical GPU 7; Linux-5.4.0-150-generic-x86_64-with-glibc2.27; torch 2.6.0+cu124,guarded-fusion-v2-safe-wrn50-random-coreset,official_style_up_to_100_normal_30_seen_anomaly,/home/CuiMinghao/projects/AOI2026/EvoInspect_130_Research_Kit/reports/experiments/guarded-fusion-v2-final15-3seed-8gpu-20260823T160501Z-5533/runs/pc-lite-mvtec-bottle-s134-20260823T160501Z-5533/metrics.json,/home/CuiMinghao/projects/AOI2026/EvoInspect_130_Research_Kit/reports/experiments/guarded-fusion-v2-final15-3seed-8gpu-20260823T160501Z-5533/runs/pc-lite-mvtec-bottle-s134-20260823T160501Z-5533/model.pt,,"Dataset MVTec_AD_direct_archive, category mvtec_ad_bottle, preliminary; limits=[]; not formal upstream PatchCore"
pc-lite-mvtec-bottle-s135-20260823T160501Z-5533,completed_preliminary_single_category,2026-08-23T16:12:52+00:00,2026-08-23T16:14:09+00:00,UNAVAILABLE,true,9c3b94157d31d9ba5a0184010b512425da89b1e0a73d8507a26cbe94c7f5c9d0,6069c761f5ad36c25f9cbd461d11eb1805686a3020a8bd9f494e25570b9cbcd9,0fdbb82bc62054125c0f641e335e5071d8454a91da7f468847ee709572192769,135,RTX 3090 physical GPU 0; Linux-5.4.0-150-generic-x86_64-with-glibc2.27; torch 2.6.0+cu124,guarded-fusion-v2-safe-wrn50-random-coreset,official_style_up_to_100_normal_30_seen_anomaly,/home/CuiMinghao/projects/AOI2026/EvoInspect_130_Research_Kit/reports/experiments/guarded-fusion-v2-final15-3seed-8gpu-20260823T160501Z-5533/runs/pc-lite-mvtec-bottle-s135-20260823T160501Z-5533/metrics.json,/home/CuiMinghao/projects/AOI2026/EvoInspect_130_Research_Kit/reports/experiments/guarded-fusion-v2-final15-3seed-8gpu-20260823T160501Z-5533/runs/pc-lite-mvtec-bottle-s135-20260823T160501Z-5533/model.pt,,"Dataset MVTec_AD_direct_archive, category mvtec_ad_bottle, preliminary; limits=[]; not formal upstream PatchCore"
pc-lite-mvtec-cable-s133-20260823T160501Z-5533,completed_preliminary_single_category,2026-08-23T16:05:11+00:00,2026-08-23T16:07:07+00:00,UNAVAILABLE,true,9c3b94157d31d9ba5a0184010b512425da89b1e0a73d8507a26cbe94c7f5c9d0,6069c761f5ad36c25f9cbd461d11eb1805686a3020a8bd9f494e25570b9cbcd9,44d250d515ab446b3e2eacb667bda3ab50be01ce280738673d5b7e2f373bdce3,133,RTX 3090 physical GPU 0; Linux-5.4.0-150-generic-x86_64-with-glibc2.27; torch 2.6.0+cu124,guarded-fusion-v2-safe-wrn50-random-coreset,official_style_up_to_100_normal_30_seen_anomaly,/home/CuiMinghao/projects/AOI2026/EvoInspect_130_Research_Kit/reports/experiments/guarded-fusion-v2-final15-3seed-8gpu-20260823T160501Z-5533/runs/pc-lite-mvtec-cable-s133-20260823T160501Z-5533/metrics.json,/home/CuiMinghao/projects/AOI2026/EvoInspect_130_Research_Kit/reports/experiments/guarded-fusion-v2-final15-3seed-8gpu-20260823T160501Z-5533/runs/pc-lite-mvtec-cable-s133-20260823T160501Z-5533/model.pt,,"Dataset MVTec_AD_direct_archive, category mvtec_ad_cable, preliminary; limits=[]; not formal upstream PatchCore"
pc-lite-mvtec-cable-s134-20260823T160501Z-5533,completed_preliminary_single_category,2026-08-23T16:05:11+00:00,2026-08-23T16:07:06+00:00,UNAVAILABLE,true,9c3b94157d31d9ba5a0184010b512425da89b1e0a73d8507a26cbe94c7f5c9d0,6069c761f5ad36c25f9cbd461d11eb1805686a3020a8bd9f494e25570b9cbcd9,74d20e1ddf657289767e52a0d11015fb60a0c9b4f5190aece7c0db8d599f5103,134,RTX 3090 physical GPU 1; Linux-5.4.0-150-generic-x86_64-with-glibc2.27; torch 2.6.0+cu124,guarded-fusion-v2-safe-wrn50-random-coreset,official_style_up_to_100_normal_30_seen_anomaly,/home/CuiMinghao/projects/AOI2026/EvoInspect_130_Research_Kit/reports/experiments/guarded-fusion-v2-final15-3seed-8gpu-20260823T160501Z-5533/runs/pc-lite-mvtec-cable-s134-20260823T160501Z-5533/metrics.json,/home/CuiMinghao/projects/AOI2026/EvoInspect_130_Research_Kit/reports/experiments/guarded-fusion-v2-final15-3seed-8gpu-20260823T160501Z-5533/runs/pc-lite-mvtec-cable-s134-20260823T160501Z-5533/model.pt,,"Dataset MVTec_AD_direct_archive, category mvtec_ad_cable, preliminary; limits=[]; not formal upstream PatchCore"
pc-lite-mvtec-cable-s135-20260823T160501Z-5533,completed_preliminary_single_category,2026-08-23T16:05:11+00:00,2026-08-23T16:07:08+00:00,UNAVAILABLE,true,9c3b94157d31d9ba5a0184010b512425da89b1e0a73d8507a26cbe94c7f5c9d0,6069c761f5ad36c25f9cbd461d11eb1805686a3020a8bd9f494e25570b9cbcd9,0e5197fd819ea11529ff6b215a3c922176ac3dc3d40dc94334bd93fd2053f247,135,RTX 3090 physical GPU 2; Linux-5.4.0-150-generic-x86_64-with-glibc2.27; torch 2.6.0+cu124,guarded-fusion-v2-safe-wrn50-random-coreset,official_style_up_to_100_normal_30_seen_anomaly,/home/CuiMinghao/projects/AOI2026/EvoInspect_130_Research_Kit/reports/experiments/guarded-fusion-v2-final15-3seed-8gpu-20260823T160501Z-5533/runs/pc-lite-mvtec-cable-s135-20260823T160501Z-5533/metrics.json,/home/CuiMinghao/projects/AOI2026/EvoInspect_130_Research_Kit/reports/experiments/guarded-fusion-v2-final15-3seed-8gpu-20260823T160501Z-5533/runs/pc-lite-mvtec-cable-s135-20260823T160501Z-5533/model.pt,,"Dataset MVTec_AD_direct_archive, category mvtec_ad_cable, preliminary; limits=[]; not formal upstream PatchCore"
pc-lite-mvtec-capsule-s133-20260823T160501Z-5533,completed_preliminary_single_category,2026-08-23T16:05:11+00:00,2026-08-23T16:07:04+00:00,UNAVAILABLE,true,9c3b94157d31d9ba5a0184010b512425da89b1e0a73d8507a26cbe94c7f5c9d0,6069c761f5ad36c25f9cbd461d11eb1805686a3020a8bd9f494e25570b9cbcd9,873c63b8ee4f928eca06351184f473bbebe9d9835156f009a1c076e5350c4adc,133,RTX 3090 physical GPU 3; Linux-5.4.0-150-generic-x86_64-with-glibc2.27; torch 2.6.0+cu124,guarded-fusion-v2-safe-wrn50-random-coreset,official_style_up_to_100_normal_30_seen_anomaly,/home/CuiMinghao/projects/AOI2026/EvoInspect_130_Research_Kit/reports/experiments/guarded-fusion-v2-final15-3seed-8gpu-20260823T160501Z-5533/runs/pc-lite-mvtec-capsule-s133-20260823T160501Z-5533/metrics.json,/home/CuiMinghao/projects/AOI2026/EvoInspect_130_Research_Kit/reports/experiments/guarded-fusion-v2-final15-3seed-8gpu-20260823T160501Z-5533/runs/pc-lite-mvtec-capsule-s133-20260823T160501Z-5533/model.pt,,"Dataset MVTec_AD_direct_archive, category mvtec_ad_capsule, preliminary; limits=[]; not formal upstream PatchCore"
pc-lite-mvtec-capsule-s134-20260823T160501Z-5533,completed_preliminary_single_category,2026-08-23T16:05:12+00:00,2026-08-23T16:07:06+00:00,UNAVAILABLE,true,9c3b94157d31d9ba5a0184010b512425da89b1e0a73d8507a26cbe94c7f5c9d0,6069c761f5ad36c25f9cbd461d11eb1805686a3020a8bd9f494e25570b9cbcd9,e2b2829f495a760233ac47fddd35d69e0d80bae453052173f7a3c10fc340dc3c,134,RTX 3090 physical GPU 4; Linux-5.4.0-150-generic-x86_64-with-glibc2.27; torch 2.6.0+cu124,guarded-fusion-v2-safe-wrn50-random-coreset,official_style_up_to_100_normal_30_seen_anomaly,/home/CuiMinghao/projects/AOI2026/EvoInspect_130_Research_Kit/reports/experiments/guarded-fusion-v2-final15-3seed-8gpu-20260823T160501Z-5533/runs/pc-lite-mvtec-capsule-s134-20260823T160501Z-5533/metrics.json,/home/CuiMinghao/projects/AOI2026/EvoInspect_130_Research_Kit/reports/experiments/guarded-fusion-v2-final15-3seed-8gpu-20260823T160501Z-5533/runs/pc-lite-mvtec-capsule-s134-20260823T160501Z-5533/model.pt,,"Dataset MVTec_AD_direct_archive, category mvtec_ad_capsule, preliminary; limits=[]; not formal upstream PatchCore"
pc-lite-mvtec-capsule-s135-20260823T160501Z-5533,completed_preliminary_single_category,2026-08-23T16:05:11+00:00,2026-08-23T16:07:06+00:00,UNAVAILABLE,true,9c3b94157d31d9ba5a0184010b512425da89b1e0a73d8507a26cbe94c7f5c9d0,6069c761f5ad36c25f9cbd461d11eb1805686a3020a8bd9f494e25570b9cbcd9,2d30fd4758572ba7824e38eb526a450cf122adbf161316266da9e8cf9fa56348,135,RTX 3090 physical GPU 5; Linux-5.4.0-150-generic-x86_64-with-glibc2.27; torch 2.6.0+cu124,guarded-fusion-v2-safe-wrn50-random-coreset,official_style_up_to_100_normal_30_seen_anomaly,/home/CuiMinghao/projects/AOI2026/EvoInspect_130_Research_Kit/reports/experiments/guarded-fusion-v2-final15-3seed-8gpu-20260823T160501Z-5533/runs/pc-lite-mvtec-capsule-s135-20260823T160501Z-5533/metrics.json,/home/CuiMinghao/projects/AOI2026/EvoInspect_130_Research_Kit/reports/experiments/guarded-fusion-v2-final15-3seed-8gpu-20260823T160501Z-5533/runs/pc-lite-mvtec-capsule-s135-20260823T160501Z-5533/model.pt,,"Dataset MVTec_AD_direct_archive, category mvtec_ad_capsule, preliminary; limits=[]; not formal upstream PatchCore"
pc-lite-mvtec-carpet-s133-20260823T160501Z-5533,completed_preliminary_single_category,2026-08-23T16:07:14+00:00,2026-08-23T16:09:04+00:00,UNAVAILABLE,true,9c3b94157d31d9ba5a0184010b512425da89b1e0a73d8507a26cbe94c7f5c9d0,6069c761f5ad36c25f9cbd461d11eb1805686a3020a8bd9f494e25570b9cbcd9,6130cf3a7856e02e878e3d3c02649992860a71231faa7eff5a5475342107be13,133,RTX 3090 physical GPU 7; Linux-5.4.0-150-generic-x86_64-with-glibc2.27; torch 2.6.0+cu124,guarded-fusion-v2-safe-wrn50-random-coreset,official_style_up_to_100_normal_30_seen_anomaly,/home/CuiMinghao/projects/AOI2026/EvoInspect_130_Research_Kit/reports/experiments/guarded-fusion-v2-final15-3seed-8gpu-20260823T160501Z-5533/runs/pc-lite-mvtec-carpet-s133-20260823T160501Z-5533/metrics.json,/home/CuiMinghao/projects/AOI2026/EvoInspect_130_Research_Kit/reports/experiments/guarded-fusion-v2-final15-3seed-8gpu-20260823T160501Z-5533/runs/pc-lite-mvtec-carpet-s133-20260823T160501Z-5533/model.pt,,"Dataset MVTec_AD_direct_archive, category mvtec_ad_carpet, preliminary; limits=[]; not formal upstream PatchCore"
pc-lite-mvtec-carpet-s134-20260823T160501Z-5533,completed_preliminary_single_category,2026-08-23T16:09:18+00:00,2026-08-23T16:10:58+00:00,UNAVAILABLE,true,9c3b94157d31d9ba5a0184010b512425da89b1e0a73d8507a26cbe94c7f5c9d0,6069c761f5ad36c25f9cbd461d11eb1805686a3020a8bd9f494e25570b9cbcd9,69ce451134b08db3b6b37c8b954aa7ba3784eece73df1a26830bea458ff926b6,134,RTX 3090 physical GPU 0; Linux-5.4.0-150-generic-x86_64-with-glibc2.27; torch 2.6.0+cu124,guarded-fusion-v2-safe-wrn50-random-coreset,official_style_up_to_100_normal_30_seen_anomaly,/home/CuiMinghao/projects/AOI2026/EvoInspect_130_Research_Kit/reports/experiments/guarded-fusion-v2-final15-3seed-8gpu-20260823T160501Z-5533/runs/pc-lite-mvtec-carpet-s134-20260823T160501Z-5533/metrics.json,/home/CuiMinghao/projects/AOI2026/EvoInspect_130_Research_Kit/reports/experiments/guarded-fusion-v2-final15-3seed-8gpu-20260823T160501Z-5533/runs/pc-lite-mvtec-carpet-s134-20260823T160501Z-5533/model.pt,,"Dataset MVTec_AD_direct_archive, category mvtec_ad_carpet, preliminary; limits=[]; not formal upstream PatchCore"
pc-lite-mvtec-carpet-s135-20260823T160501Z-5533,completed_preliminary_single_category,2026-08-23T16:09:12+00:00,2026-08-23T16:10:53+00:00,UNAVAILABLE,true,9c3b94157d31d9ba5a0184010b512425da89b1e0a73d8507a26cbe94c7f5c9d0,6069c761f5ad36c25f9cbd461d11eb1805686a3020a8bd9f494e25570b9cbcd9,b6b5ff425bb9322d4f424e7e70f676203a35d316f1b6715b7820976273d513ed,135,RTX 3090 physical GPU 1; Linux-5.4.0-150-generic-x86_64-with-glibc2.27; torch 2.6.0+cu124,guarded-fusion-v2-safe-wrn50-random-coreset,official_style_up_to_100_normal_30_seen_anomaly,/home/CuiMinghao/projects/AOI2026/EvoInspect_130_Research_Kit/reports/experiments/guarded-fusion-v2-final15-3seed-8gpu-20260823T160501Z-5533/runs/pc-lite-mvtec-carpet-s135-20260823T160501Z-5533/metrics.json,/home/CuiMinghao/projects/AOI2026/EvoInspect_130_Research_Kit/reports/experiments/guarded-fusion-v2-final15-3seed-8gpu-20260823T160501Z-5533/runs/pc-lite-mvtec-carpet-s135-20260823T160501Z-5533/model.pt,,"Dataset MVTec_AD_direct_archive, category mvtec_ad_carpet, preliminary; limits=[]; not formal upstream PatchCore"
pc-lite-mvtec-grid-s133-20260823T160501Z-5533,completed_preliminary_single_category,2026-08-23T16:12:45+00:00,2026-08-23T16:14:03+00:00,UNAVAILABLE,true,9c3b94157d31d9ba5a0184010b512425da89b1e0a73d8507a26cbe94c7f5c9d0,6069c761f5ad36c25f9cbd461d11eb1805686a3020a8bd9f494e25570b9cbcd9,9e843af588bde84c033721eb56d5fb654f467e72eab330c51b25dae0db17b07a,133,RTX 3090 physical GPU 1; Linux-5.4.0-150-generic-x86_64-with-glibc2.27; torch 2.6.0+cu124,guarded-fusion-v2-safe-wrn50-random-coreset,official_style_up_to_100_normal_30_seen_anomaly,/home/CuiMinghao/projects/AOI2026/EvoInspect_130_Research_Kit/reports/experiments/guarded-fusion-v2-final15-3seed-8gpu-20260823T160501Z-5533/runs/pc-lite-mvtec-grid-s133-20260823T160501Z-5533/metrics.json,/home/CuiMinghao/projects/AOI2026/EvoInspect_130_Research_Kit/reports/experiments/guarded-fusion-v2-final15-3seed-8gpu-20260823T160501Z-5533/runs/pc-lite-mvtec-grid-s133-20260823T160501Z-5533/model.pt,,"Dataset MVTec_AD_direct_archive, category mvtec_ad_grid, preliminary; limits=[]; not formal upstream PatchCore"
pc-lite-mvtec-grid-s134-20260823T160501Z-5533,completed_preliminary_single_category,2026-08-23T16:12:46+00:00,2026-08-23T16:14:03+00:00,UNAVAILABLE,true,9c3b94157d31d9ba5a0184010b512425da89b1e0a73d8507a26cbe94c7f5c9d0,6069c761f5ad36c25f9cbd461d11eb1805686a3020a8bd9f494e25570b9cbcd9,2d4323ab808719e5fd065501c9ff4dd9bfd93e18868e607a5c02a344f8c9769e,134,RTX 3090 physical GPU 2; Linux-5.4.0-150-generic-x86_64-with-glibc2.27; torch 2.6.0+cu124,guarded-fusion-v2-safe-wrn50-random-coreset,official_style_up_to_100_normal_30_seen_anomaly,/home/CuiMinghao/projects/AOI2026/EvoInspect_130_Research_Kit/reports/experiments/guarded-fusion-v2-final15-3seed-8gpu-20260823T160501Z-5533/runs/pc-lite-mvtec-grid-s134-20260823T160501Z-5533/metrics.json,/home/CuiMinghao/projects/AOI2026/EvoInspect_130_Research_Kit/reports/experiments/guarded-fusion-v2-final15-3seed-8gpu-20260823T160501Z-5533/runs/pc-lite-mvtec-grid-s134-20260823T160501Z-5533/model.pt,,"Dataset MVTec_AD_direct_archive, category mvtec_ad_grid, preliminary; limits=[]; not formal upstream PatchCore"
pc-lite-mvtec-grid-s135-20260823T160501Z-5533,completed_preliminary_single_category,2026-08-23T16:12:12+00:00,2026-08-23T16:13:23+00:00,UNAVAILABLE,true,9c3b94157d31d9ba5a0184010b512425da89b1e0a73d8507a26cbe94c7f5c9d0,6069c761f5ad36c25f9cbd461d11eb1805686a3020a8bd9f494e25570b9cbcd9,c92937d8ddc1c68c56a04a5936104b7e5cf27aff94bb521309130f7ccd196d49,135,RTX 3090 physical GPU 3; Linux-5.4.0-150-generic-x86_64-with-glibc2.27; torch 2.6.0+cu124,guarded-fusion-v2-safe-wrn50-random-coreset,official_style_up_to_100_normal_30_seen_anomaly,/home/CuiMinghao/projects/AOI2026/EvoInspect_130_Research_Kit/reports/experiments/guarded-fusion-v2-final15-3seed-8gpu-20260823T160501Z-5533/runs/pc-lite-mvtec-grid-s135-20260823T160501Z-5533/metrics.json,/home/CuiMinghao/projects/AOI2026/EvoInspect_130_Research_Kit/reports/experiments/guarded-fusion-v2-final15-3seed-8gpu-20260823T160501Z-5533/runs/pc-lite-mvtec-grid-s135-20260823T160501Z-5533/model.pt,,"Dataset MVTec_AD_direct_archive, category mvtec_ad_grid, preliminary; limits=[]; not formal upstream PatchCore"
pc-lite-mvtec-hazelnut-s133-20260823T160501Z-5533,completed_preliminary_single_category,2026-08-23T16:11:09+00:00,2026-08-23T16:12:40+00:00,UNAVAILABLE,true,9c3b94157d31d9ba5a0184010b512425da89b1e0a73d8507a26cbe94c7f5c9d0,6069c761f5ad36c25f9cbd461d11eb1805686a3020a8bd9f494e25570b9cbcd9,e3141de4087d57330ce2ab284484a3ee18cecd0ed2e3501dd07d0c501e992735,133,RTX 3090 physical GPU 0; Linux-5.4.0-150-generic-x86_64-with-glibc2.27; torch 2.6.0+cu124,guarded-fusion-v2-safe-wrn50-random-coreset,official_style_up_to_100_normal_30_seen_anomaly,/home/CuiMinghao/projects/AOI2026/EvoInspect_130_Research_Kit/reports/experiments/guarded-fusion-v2-final15-3seed-8gpu-20260823T160501Z-5533/runs/pc-lite-mvtec-hazelnut-s133-20260823T160501Z-5533/metrics.json,/home/CuiMinghao/projects/AOI2026/EvoInspect_130_Research_Kit/reports/experiments/guarded-fusion-v2-final15-3seed-8gpu-20260823T160501Z-5533/runs/pc-lite-mvtec-hazelnut-s133-20260823T160501Z-5533/model.pt,,"Dataset MVTec_AD_direct_archive, category mvtec_ad_hazelnut, preliminary; limits=[]; not formal upstream PatchCore"
pc-lite-mvtec-hazelnut-s134-20260823T160501Z-5533,completed_preliminary_single_category,2026-08-23T16:11:02+00:00,2026-08-23T16:12:36+00:00,UNAVAILABLE,true,9c3b94157d31d9ba5a0184010b512425da89b1e0a73d8507a26cbe94c7f5c9d0,6069c761f5ad36c25f9cbd461d11eb1805686a3020a8bd9f494e25570b9cbcd9,afdf63afe6e08fba38e1295b0932c90d4ec92bd142488678134040635de7b99e,134,RTX 3090 physical GPU 1; Linux-5.4.0-150-generic-x86_64-with-glibc2.27; torch 2.6.0+cu124,guarded-fusion-v2-safe-wrn50-random-coreset,official_style_up_to_100_normal_30_seen_anomaly,/home/CuiMinghao/projects/AOI2026/EvoInspect_130_Research_Kit/reports/experiments/guarded-fusion-v2-final15-3seed-8gpu-20260823T160501Z-5533/runs/pc-lite-mvtec-hazelnut-s134-20260823T160501Z-5533/metrics.json,/home/CuiMinghao/projects/AOI2026/EvoInspect_130_Research_Kit/reports/experiments/guarded-fusion-v2-final15-3seed-8gpu-20260823T160501Z-5533/runs/pc-lite-mvtec-hazelnut-s134-20260823T160501Z-5533/model.pt,,"Dataset MVTec_AD_direct_archive, category mvtec_ad_hazelnut, preliminary; limits=[]; not formal upstream PatchCore"
pc-lite-mvtec-hazelnut-s135-20260823T160501Z-5533,completed_preliminary_single_category,2026-08-23T16:11:02+00:00,2026-08-23T16:12:36+00:00,UNAVAILABLE,true,9c3b94157d31d9ba5a0184010b512425da89b1e0a73d8507a26cbe94c7f5c9d0,6069c761f5ad36c25f9cbd461d11eb1805686a3020a8bd9f494e25570b9cbcd9,a9dd93fe9d88e1636c46c12b1d9bfffd82ec9e02d00a99eb6977d11fa171ca7a,135,RTX 3090 physical GPU 2; Linux-5.4.0-150-generic-x86_64-with-glibc2.27; torch 2.6.0+cu124,guarded-fusion-v2-safe-wrn50-random-coreset,official_style_up_to_100_normal_30_seen_anomaly,/home/CuiMinghao/projects/AOI2026/EvoInspect_130_Research_Kit/reports/experiments/guarded-fusion-v2-final15-3seed-8gpu-20260823T160501Z-5533/runs/pc-lite-mvtec-hazelnut-s135-20260823T160501Z-5533/metrics.json,/home/CuiMinghao/projects/AOI2026/EvoInspect_130_Research_Kit/reports/experiments/guarded-fusion-v2-final15-3seed-8gpu-20260823T160501Z-5533/runs/pc-lite-mvtec-hazelnut-s135-20260823T160501Z-5533/model.pt,,"Dataset MVTec_AD_direct_archive, category mvtec_ad_hazelnut, preliminary; limits=[]; not formal upstream PatchCore"
pc-lite-mvtec-leather-s133-20260823T160501Z-5533,completed_preliminary_single_category,2026-08-23T16:09:15+00:00,2026-08-23T16:10:53+00:00,UNAVAILABLE,true,9c3b94157d31d9ba5a0184010b512425da89b1e0a73d8507a26cbe94c7f5c9d0,6069c761f5ad36c25f9cbd461d11eb1805686a3020a8bd9f494e25570b9cbcd9,e908cb92de17b55f96acfdf13ee4380ddb501cbf64079dea01bac9f9e92a5720,133,RTX 3090 physical GPU 2; Linux-5.4.0-150-generic-x86_64-with-glibc2.27; torch 2.6.0+cu124,guarded-fusion-v2-safe-wrn50-random-coreset,official_style_up_to_100_normal_30_seen_anomaly,/home/CuiMinghao/projects/AOI2026/EvoInspect_130_Research_Kit/reports/experiments/guarded-fusion-v2-final15-3seed-8gpu-20260823T160501Z-5533/runs/pc-lite-mvtec-leather-s133-20260823T160501Z-5533/metrics.json,/home/CuiMinghao/projects/AOI2026/EvoInspect_130_Research_Kit/reports/experiments/guarded-fusion-v2-final15-3seed-8gpu-20260823T160501Z-5533/runs/pc-lite-mvtec-leather-s133-20260823T160501Z-5533/model.pt,,"Dataset MVTec_AD_direct_archive, category mvtec_ad_leather, preliminary; limits=[]; not formal upstream PatchCore"
pc-lite-mvtec-leather-s134-20260823T160501Z-5533,completed_preliminary_single_category,2026-08-23T16:09:03+00:00,2026-08-23T16:10:28+00:00,UNAVAILABLE,true,9c3b94157d31d9ba5a0184010b512425da89b1e0a73d8507a26cbe94c7f5c9d0,6069c761f5ad36c25f9cbd461d11eb1805686a3020a8bd9f494e25570b9cbcd9,76bcf1ed9fc54fdc15f27f68920c7150303ad223f965d745f33465eb76bd5661,134,RTX 3090 physical GPU 3; Linux-5.4.0-150-generic-x86_64-with-glibc2.27; torch 2.6.0+cu124,guarded-fusion-v2-safe-wrn50-random-coreset,official_style_up_to_100_normal_30_seen_anomaly,/home/CuiMinghao/projects/AOI2026/EvoInspect_130_Research_Kit/reports/experiments/guarded-fusion-v2-final15-3seed-8gpu-20260823T160501Z-5533/runs/pc-lite-mvtec-leather-s134-20260823T160501Z-5533/metrics.json,/home/CuiMinghao/projects/AOI2026/EvoInspect_130_Research_Kit/reports/experiments/guarded-fusion-v2-final15-3seed-8gpu-20260823T160501Z-5533/runs/pc-lite-mvtec-leather-s134-20260823T160501Z-5533/model.pt,,"Dataset MVTec_AD_direct_archive, category mvtec_ad_leather, preliminary; limits=[]; not formal upstream PatchCore"
pc-lite-mvtec-leather-s135-20260823T160501Z-5533,completed_preliminary_single_category,2026-08-23T16:09:12+00:00,2026-08-23T16:10:54+00:00,UNAVAILABLE,true,9c3b94157d31d9ba5a0184010b512425da89b1e0a73d8507a26cbe94c7f5c9d0,6069c761f5ad36c25f9cbd461d11eb1805686a3020a8bd9f494e25570b9cbcd9,85d56a14d42266a19723355c970da1ec58ccf1cf99d235069df62cd89837efd8,135,RTX 3090 physical GPU 4; Linux-5.4.0-150-generic-x86_64-with-glibc2.27; torch 2.6.0+cu124,guarded-fusion-v2-safe-wrn50-random-coreset,official_style_up_to_100_normal_30_seen_anomaly,/home/CuiMinghao/projects/AOI2026/EvoInspect_130_Research_Kit/reports/experiments/guarded-fusion-v2-final15-3seed-8gpu-20260823T160501Z-5533/runs/pc-lite-mvtec-leather-s135-20260823T160501Z-5533/metrics.json,/home/CuiMinghao/projects/AOI2026/EvoInspect_130_Research_Kit/reports/experiments/guarded-fusion-v2-final15-3seed-8gpu-20260823T160501Z-5533/runs/pc-lite-mvtec-leather-s135-20260823T160501Z-5533/model.pt,,"Dataset MVTec_AD_direct_archive, category mvtec_ad_leather, preliminary; limits=[]; not formal upstream PatchCore"
pc-lite-mvtec-metal_nut-s133-20260823T160501Z-5533,completed_preliminary_single_category,2026-08-23T16:10:43+00:00,2026-08-23T16:12:02+00:00,UNAVAILABLE,true,9c3b94157d31d9ba5a0184010b512425da89b1e0a73d8507a26cbe94c7f5c9d0,6069c761f5ad36c25f9cbd461d11eb1805686a3020a8bd9f494e25570b9cbcd9,d630edfe76182547abbd603bdfe22e53f576efc3d9acab23266bae6b1a51eb31,133,RTX 3090 physical GPU 3; Linux-5.4.0-150-generic-x86_64-with-glibc2.27; torch 2.6.0+cu124,guarded-fusion-v2-safe-wrn50-random-coreset,official_style_up_to_100_normal_30_seen_anomaly,/home/CuiMinghao/projects/AOI2026/EvoInspect_130_Research_Kit/reports/experiments/guarded-fusion-v2-final15-3seed-8gpu-20260823T160501Z-5533/runs/pc-lite-mvtec-metal_nut-s133-20260823T160501Z-5533/metrics.json,/home/CuiMinghao/projects/AOI2026/EvoInspect_130_Research_Kit/reports/experiments/guarded-fusion-v2-final15-3seed-8gpu-20260823T160501Z-5533/runs/pc-lite-mvtec-metal_nut-s133-20260823T160501Z-5533/model.pt,,"Dataset MVTec_AD_direct_archive, category mvtec_ad_metal_nut, preliminary; limits=[]; not formal upstream PatchCore"
pc-lite-mvtec-metal_nut-s134-20260823T160501Z-5533,completed_preliminary_single_category,2026-08-23T16:11:02+00:00,2026-08-23T16:12:35+00:00,UNAVAILABLE,true,9c3b94157d31d9ba5a0184010b512425da89b1e0a73d8507a26cbe94c7f5c9d0,6069c761f5ad36c25f9cbd461d11eb1805686a3020a8bd9f494e25570b9cbcd9,d690fae322ea388b0385d38a15c045f132748fc139ad3571225619c689eaffc2,134,RTX 3090 physical GPU 4; Linux-5.4.0-150-generic-x86_64-with-glibc2.27; torch 2.6.0+cu124,guarded-fusion-v2-safe-wrn50-random-coreset,official_style_up_to_100_normal_30_seen_anomaly,/home/CuiMinghao/projects/AOI2026/EvoInspect_130_Research_Kit/reports/experiments/guarded-fusion-v2-final15-3seed-8gpu-20260823T160501Z-5533/runs/pc-lite-mvtec-metal_nut-s134-20260823T160501Z-5533/metrics.json,/home/CuiMinghao/projects/AOI2026/EvoInspect_130_Research_Kit/reports/experiments/guarded-fusion-v2-final15-3seed-8gpu-20260823T160501Z-5533/runs/pc-lite-mvtec-metal_nut-s134-20260823T160501Z-5533/model.pt,,"Dataset MVTec_AD_direct_archive, category mvtec_ad_metal_nut, preliminary; limits=[]; not formal upstream PatchCore"
pc-lite-mvtec-metal_nut-s135-20260823T160501Z-5533,completed_preliminary_single_category,2026-08-23T16:10:54+00:00,2026-08-23T16:12:17+00:00,UNAVAILABLE,true,9c3b94157d31d9ba5a0184010b512425da89b1e0a73d8507a26cbe94c7f5c9d0,6069c761f5ad36c25f9cbd461d11eb1805686a3020a8bd9f494e25570b9cbcd9,58ec82677a6b028505459c9b1697efdf70180cbf4d3df9123d09a039478a3f06,135,RTX 3090 physical GPU 5; Linux-5.4.0-150-generic-x86_64-with-glibc2.27; torch 2.6.0+cu124,guarded-fusion-v2-safe-wrn50-random-coreset,official_style_up_to_100_normal_30_seen_anomaly,/home/CuiMinghao/projects/AOI2026/EvoInspect_130_Research_Kit/reports/experiments/guarded-fusion-v2-final15-3seed-8gpu-20260823T160501Z-5533/runs/pc-lite-mvtec-metal_nut-s135-20260823T160501Z-5533/metrics.json,/home/CuiMinghao/projects/AOI2026/EvoInspect_130_Research_Kit/reports/experiments/guarded-fusion-v2-final15-3seed-8gpu-20260823T160501Z-5533/runs/pc-lite-mvtec-metal_nut-s135-20260823T160501Z-5533/model.pt,,"Dataset MVTec_AD_direct_archive, category mvtec_ad_metal_nut, preliminary; limits=[]; not formal upstream PatchCore"
pc-lite-mvtec-pill-s133-20260823T160501Z-5533,completed_preliminary_single_category,2026-08-23T16:05:11+00:00,2026-08-23T16:07:07+00:00,UNAVAILABLE,true,9c3b94157d31d9ba5a0184010b512425da89b1e0a73d8507a26cbe94c7f5c9d0,6069c761f5ad36c25f9cbd461d11eb1805686a3020a8bd9f494e25570b9cbcd9,e43683313357d12b2dd730090e22f6f8d5e81491bd1cd478cf4c100452c36bbc,133,RTX 3090 physical GPU 6; Linux-5.4.0-150-generic-x86_64-with-glibc2.27; torch 2.6.0+cu124,guarded-fusion-v2-safe-wrn50-random-coreset,official_style_up_to_100_normal_30_seen_anomaly,/home/CuiMinghao/projects/AOI2026/EvoInspect_130_Research_Kit/reports/experiments/guarded-fusion-v2-final15-3seed-8gpu-20260823T160501Z-5533/runs/pc-lite-mvtec-pill-s133-20260823T160501Z-5533/metrics.json,/home/CuiMinghao/projects/AOI2026/EvoInspect_130_Research_Kit/reports/experiments/guarded-fusion-v2-final15-3seed-8gpu-20260823T160501Z-5533/runs/pc-lite-mvtec-pill-s133-20260823T160501Z-5533/model.pt,,"Dataset MVTec_AD_direct_archive, category mvtec_ad_pill, preliminary; limits=[]; not formal upstream PatchCore"
pc-lite-mvtec-pill-s134-20260823T160501Z-5533,completed_preliminary_single_category,2026-08-23T16:05:11+00:00,2026-08-23T16:07:06+00:00,UNAVAILABLE,true,9c3b94157d31d9ba5a0184010b512425da89b1e0a73d8507a26cbe94c7f5c9d0,6069c761f5ad36c25f9cbd461d11eb1805686a3020a8bd9f494e25570b9cbcd9,ff6272fc48a2156ccbf58df97779275e965e548ae37e464b1796c4b66baf53be,134,RTX 3090 physical GPU 7; Linux-5.4.0-150-generic-x86_64-with-glibc2.27; torch 2.6.0+cu124,guarded-fusion-v2-safe-wrn50-random-coreset,official_style_up_to_100_normal_30_seen_anomaly,/home/CuiMinghao/projects/AOI2026/EvoInspect_130_Research_Kit/reports/experiments/guarded-fusion-v2-final15-3seed-8gpu-20260823T160501Z-5533/runs/pc-lite-mvtec-pill-s134-20260823T160501Z-5533/metrics.json,/home/CuiMinghao/projects/AOI2026/EvoInspect_130_Research_Kit/reports/experiments/guarded-fusion-v2-final15-3seed-8gpu-20260823T160501Z-5533/runs/pc-lite-mvtec-pill-s134-20260823T160501Z-5533/model.pt,,"Dataset MVTec_AD_direct_archive, category mvtec_ad_pill, preliminary; limits=[]; not formal upstream PatchCore"
pc-lite-mvtec-pill-s135-20260823T160501Z-5533,completed_preliminary_single_category,2026-08-23T16:07:15+00:00,2026-08-23T16:09:09+00:00,UNAVAILABLE,true,9c3b94157d31d9ba5a0184010b512425da89b1e0a73d8507a26cbe94c7f5c9d0,6069c761f5ad36c25f9cbd461d11eb1805686a3020a8bd9f494e25570b9cbcd9,4df7f4545e0765aabaff7152a32be622c26a51222222c0b58e54296fd05cbe19,135,RTX 3090 physical GPU 0; Linux-5.4.0-150-generic-x86_64-with-glibc2.27; torch 2.6.0+cu124,guarded-fusion-v2-safe-wrn50-random-coreset,official_style_up_to_100_normal_30_seen_anomaly,/home/CuiMinghao/projects/AOI2026/EvoInspect_130_Research_Kit/reports/experiments/guarded-fusion-v2-final15-3seed-8gpu-20260823T160501Z-5533/runs/pc-lite-mvtec-pill-s135-20260823T160501Z-5533/metrics.json,/home/CuiMinghao/projects/AOI2026/EvoInspect_130_Research_Kit/reports/experiments/guarded-fusion-v2-final15-3seed-8gpu-20260823T160501Z-5533/runs/pc-lite-mvtec-pill-s135-20260823T160501Z-5533/model.pt,,"Dataset MVTec_AD_direct_archive, category mvtec_ad_pill, preliminary; limits=[]; not formal upstream PatchCore"
pc-lite-mvtec-screw-s133-20260823T160501Z-5533,completed_preliminary_single_category,2026-08-23T16:07:13+00:00,2026-08-23T16:09:04+00:00,UNAVAILABLE,true,9c3b94157d31d9ba5a0184010b512425da89b1e0a73d8507a26cbe94c7f5c9d0,6069c761f5ad36c25f9cbd461d11eb1805686a3020a8bd9f494e25570b9cbcd9,b6c45ed57be4dc6ef6903f8cbd4045f8588390b8de355560aeec7a5160952bd7,133,RTX 3090 physical GPU 4; Linux-5.4.0-150-generic-x86_64-with-glibc2.27; torch 2.6.0+cu124,guarded-fusion-v2-safe-wrn50-random-coreset,official_style_up_to_100_normal_30_seen_anomaly,/home/CuiMinghao/projects/AOI2026/EvoInspect_130_Research_Kit/reports/experiments/guarded-fusion-v2-final15-3seed-8gpu-20260823T160501Z-5533/runs/pc-lite-mvtec-screw-s133-20260823T160501Z-5533/metrics.json,/home/CuiMinghao/projects/AOI2026/EvoInspect_130_Research_Kit/reports/experiments/guarded-fusion-v2-final15-3seed-8gpu-20260823T160501Z-5533/runs/pc-lite-mvtec-screw-s133-20260823T160501Z-5533/model.pt,,"Dataset MVTec_AD_direct_archive, category mvtec_ad_screw, preliminary; limits=[]; not formal upstream PatchCore"
pc-lite-mvtec-screw-s134-20260823T160501Z-5533,completed_preliminary_single_category,2026-08-23T16:07:14+00:00,2026-08-23T16:09:04+00:00,UNAVAILABLE,true,9c3b94157d31d9ba5a0184010b512425da89b1e0a73d8507a26cbe94c7f5c9d0,6069c761f5ad36c25f9cbd461d11eb1805686a3020a8bd9f494e25570b9cbcd9,ea6251c501cedd34a5760ffd42253d69b1b1d97d6baea2e4872e5d620422514f,134,RTX 3090 physical GPU 5; Linux-5.4.0-150-generic-x86_64-with-glibc2.27; torch 2.6.0+cu124,guarded-fusion-v2-safe-wrn50-random-coreset,official_style_up_to_100_normal_30_seen_anomaly,/home/CuiMinghao/projects/AOI2026/EvoInspect_130_Research_Kit/reports/experiments/guarded-fusion-v2-final15-3seed-8gpu-20260823T160501Z-5533/runs/pc-lite-mvtec-screw-s134-20260823T160501Z-5533/metrics.json,/home/CuiMinghao/projects/AOI2026/EvoInspect_130_Research_Kit/reports/experiments/guarded-fusion-v2-final15-3seed-8gpu-20260823T160501Z-5533/runs/pc-lite-mvtec-screw-s134-20260823T160501Z-5533/model.pt,,"Dataset MVTec_AD_direct_archive, category mvtec_ad_screw, preliminary; limits=[]; not formal upstream PatchCore"
pc-lite-mvtec-screw-s135-20260823T160501Z-5533,completed_preliminary_single_category,2026-08-23T16:07:15+00:00,2026-08-23T16:09:08+00:00,UNAVAILABLE,true,9c3b94157d31d9ba5a0184010b512425da89b1e0a73d8507a26cbe94c7f5c9d0,6069c761f5ad36c25f9cbd461d11eb1805686a3020a8bd9f494e25570b9cbcd9,59629f4b882fe8f579b494e430f2361e3b3fa3b1080559e785ce28bb60896837,135,RTX 3090 physical GPU 6; Linux-5.4.0-150-generic-x86_64-with-glibc2.27; torch 2.6.0+cu124,guarded-fusion-v2-safe-wrn50-random-coreset,official_style_up_to_100_normal_30_seen_anomaly,/home/CuiMinghao/projects/AOI2026/EvoInspect_130_Research_Kit/reports/experiments/guarded-fusion-v2-final15-3seed-8gpu-20260823T160501Z-5533/runs/pc-lite-mvtec-screw-s135-20260823T160501Z-5533/metrics.json,/home/CuiMinghao/projects/AOI2026/EvoInspect_130_Research_Kit/reports/experiments/guarded-fusion-v2-final15-3seed-8gpu-20260823T160501Z-5533/runs/pc-lite-mvtec-screw-s135-20260823T160501Z-5533/model.pt,,"Dataset MVTec_AD_direct_archive, category mvtec_ad_screw, preliminary; limits=[]; not formal upstream PatchCore"
pc-lite-mvtec-tile-s133-20260823T160501Z-5533,completed_preliminary_single_category,2026-08-23T16:09:12+00:00,2026-08-23T16:10:43+00:00,UNAVAILABLE,true,9c3b94157d31d9ba5a0184010b512425da89b1e0a73d8507a26cbe94c7f5c9d0,6069c761f5ad36c25f9cbd461d11eb1805686a3020a8bd9f494e25570b9cbcd9,1be51c92b68bad7d28525846a1e531c95f235619de5c1e57e552d52bf07a32b0,133,RTX 3090 physical GPU 5; Linux-5.4.0-150-generic-x86_64-with-glibc2.27; torch 2.6.0+cu124,guarded-fusion-v2-safe-wrn50-random-coreset,official_style_up_to_100_normal_30_seen_anomaly,/home/CuiMinghao/projects/AOI2026/EvoInspect_130_Research_Kit/reports/experiments/guarded-fusion-v2-final15-3seed-8gpu-20260823T160501Z-5533/runs/pc-lite-mvtec-tile-s133-20260823T160501Z-5533/metrics.json,/home/CuiMinghao/projects/AOI2026/EvoInspect_130_Research_Kit/reports/experiments/guarded-fusion-v2-final15-3seed-8gpu-20260823T160501Z-5533/runs/pc-lite-mvtec-tile-s133-20260823T160501Z-5533/model.pt,,"Dataset MVTec_AD_direct_archive, category mvtec_ad_tile, preliminary; limits=[]; not formal upstream PatchCore"
pc-lite-mvtec-tile-s134-20260823T160501Z-5533,completed_preliminary_single_category,2026-08-23T16:09:17+00:00,2026-08-23T16:10:54+00:00,UNAVAILABLE,true,9c3b94157d31d9ba5a0184010b512425da89b1e0a73d8507a26cbe94c7f5c9d0,6069c761f5ad36c25f9cbd461d11eb1805686a3020a8bd9f494e25570b9cbcd9,690c73fdcbd818c0adb2fb125c089c28502f55a06f4a9da98488853951b3bbcd,134,RTX 3090 physical GPU 6; Linux-5.4.0-150-generic-x86_64-with-glibc2.27; torch 2.6.0+cu124,guarded-fusion-v2-safe-wrn50-random-coreset,official_style_up_to_100_normal_30_seen_anomaly,/home/CuiMinghao/projects/AOI2026/EvoInspect_130_Research_Kit/reports/experiments/guarded-fusion-v2-final15-3seed-8gpu-20260823T160501Z-5533/runs/pc-lite-mvtec-tile-s134-20260823T160501Z-5533/metrics.json,/home/CuiMinghao/projects/AOI2026/EvoInspect_130_Research_Kit/reports/experiments/guarded-fusion-v2-final15-3seed-8gpu-20260823T160501Z-5533/runs/pc-lite-mvtec-tile-s134-20260823T160501Z-5533/model.pt,,"Dataset MVTec_AD_direct_archive, category mvtec_ad_tile, preliminary; limits=[]; not formal upstream PatchCore"
pc-lite-mvtec-tile-s135-20260823T160501Z-5533,completed_preliminary_single_category,2026-08-23T16:09:12+00:00,2026-08-23T16:10:49+00:00,UNAVAILABLE,true,9c3b94157d31d9ba5a0184010b512425da89b1e0a73d8507a26cbe94c7f5c9d0,6069c761f5ad36c25f9cbd461d11eb1805686a3020a8bd9f494e25570b9cbcd9,10677689f8e255b8616ce312b53b275c853e88af09d502bdc444d93bd6f5227c,135,RTX 3090 physical GPU 7; Linux-5.4.0-150-generic-x86_64-with-glibc2.27; torch 2.6.0+cu124,guarded-fusion-v2-safe-wrn50-random-coreset,official_style_up_to_100_normal_30_seen_anomaly,/home/CuiMinghao/projects/AOI2026/EvoInspect_130_Research_Kit/reports/experiments/guarded-fusion-v2-final15-3seed-8gpu-20260823T160501Z-5533/runs/pc-lite-mvtec-tile-s135-20260823T160501Z-5533/metrics.json,/home/CuiMinghao/projects/AOI2026/EvoInspect_130_Research_Kit/reports/experiments/guarded-fusion-v2-final15-3seed-8gpu-20260823T160501Z-5533/runs/pc-lite-mvtec-tile-s135-20260823T160501Z-5533/model.pt,,"Dataset MVTec_AD_direct_archive, category mvtec_ad_tile, preliminary; limits=[]; not formal upstream PatchCore"
pc-lite-mvtec-toothbrush-s133-20260823T160501Z-5533,completed_preliminary_single_category,2026-08-23T16:14:11+00:00,2026-08-23T16:14:42+00:00,UNAVAILABLE,true,9c3b94157d31d9ba5a0184010b512425da89b1e0a73d8507a26cbe94c7f5c9d0,6069c761f5ad36c25f9cbd461d11eb1805686a3020a8bd9f494e25570b9cbcd9,e3100ec8efb0cb699a87e4a79109cf6c7743b9b7e6c07b1cb7ae15551cd07489,133,RTX 3090 physical GPU 2; Linux-5.4.0-150-generic-x86_64-with-glibc2.27; torch 2.6.0+cu124,guarded-fusion-v2-safe-wrn50-random-coreset,official_style_up_to_100_normal_30_seen_anomaly,/home/CuiMinghao/projects/AOI2026/EvoInspect_130_Research_Kit/reports/experiments/guarded-fusion-v2-final15-3seed-8gpu-20260823T160501Z-5533/runs/pc-lite-mvtec-toothbrush-s133-20260823T160501Z-5533/metrics.json,/home/CuiMinghao/projects/AOI2026/EvoInspect_130_Research_Kit/reports/experiments/guarded-fusion-v2-final15-3seed-8gpu-20260823T160501Z-5533/runs/pc-lite-mvtec-toothbrush-s133-20260823T160501Z-5533/model.pt,,"Dataset MVTec_AD_direct_archive, category mvtec_ad_toothbrush, preliminary; limits=['normal support reduced because category has <120 train normals', 'anomaly support reduced to retain development and final-test anomalies', 'unseen-defect holdout unavailable because category has one defect type']; not formal upstream PatchCore"
pc-lite-mvtec-toothbrush-s134-20260823T160501Z-5533,completed_preliminary_single_category,2026-08-23T16:13:36+00:00,2026-08-23T16:14:14+00:00,UNAVAILABLE,true,9c3b94157d31d9ba5a0184010b512425da89b1e0a73d8507a26cbe94c7f5c9d0,6069c761f5ad36c25f9cbd461d11eb1805686a3020a8bd9f494e25570b9cbcd9,48c931cbdde9b6fcb6e3f79af672184185a816b52b56c2595eeca22907696d42,134,RTX 3090 physical GPU 3; Linux-5.4.0-150-generic-x86_64-with-glibc2.27; torch 2.6.0+cu124,guarded-fusion-v2-safe-wrn50-random-coreset,official_style_up_to_100_normal_30_seen_anomaly,/home/CuiMinghao/projects/AOI2026/EvoInspect_130_Research_Kit/reports/experiments/guarded-fusion-v2-final15-3seed-8gpu-20260823T160501Z-5533/runs/pc-lite-mvtec-toothbrush-s134-20260823T160501Z-5533/metrics.json,/home/CuiMinghao/projects/AOI2026/EvoInspect_130_Research_Kit/reports/experiments/guarded-fusion-v2-final15-3seed-8gpu-20260823T160501Z-5533/runs/pc-lite-mvtec-toothbrush-s134-20260823T160501Z-5533/model.pt,,"Dataset MVTec_AD_direct_archive, category mvtec_ad_toothbrush, preliminary; limits=['normal support reduced because category has <120 train normals', 'anomaly support reduced to retain development and final-test anomalies', 'unseen-defect holdout unavailable because category has one defect type']; not formal upstream PatchCore"
pc-lite-mvtec-toothbrush-s135-20260823T160501Z-5533,completed_preliminary_single_category,2026-08-23T16:14:18+00:00,2026-08-23T16:14:50+00:00,UNAVAILABLE,true,9c3b94157d31d9ba5a0184010b512425da89b1e0a73d8507a26cbe94c7f5c9d0,6069c761f5ad36c25f9cbd461d11eb1805686a3020a8bd9f494e25570b9cbcd9,21babc797dc18c0d00ad4a4554441cff7fdbeba9a6ee89a9b422264f911edf5e,135,RTX 3090 physical GPU 4; Linux-5.4.0-150-generic-x86_64-with-glibc2.27; torch 2.6.0+cu124,guarded-fusion-v2-safe-wrn50-random-coreset,official_style_up_to_100_normal_30_seen_anomaly,/home/CuiMinghao/projects/AOI2026/EvoInspect_130_Research_Kit/reports/experiments/guarded-fusion-v2-final15-3seed-8gpu-20260823T160501Z-5533/runs/pc-lite-mvtec-toothbrush-s135-20260823T160501Z-5533/metrics.json,/home/CuiMinghao/projects/AOI2026/EvoInspect_130_Research_Kit/reports/experiments/guarded-fusion-v2-final15-3seed-8gpu-20260823T160501Z-5533/runs/pc-lite-mvtec-toothbrush-s135-20260823T160501Z-5533/model.pt,,"Dataset MVTec_AD_direct_archive, category mvtec_ad_toothbrush, preliminary; limits=['normal support reduced because category has <120 train normals', 'anomaly support reduced to retain development and final-test anomalies', 'unseen-defect holdout unavailable because category has one defect type']; not formal upstream PatchCore"
pc-lite-mvtec-transistor-s133-20260823T160501Z-5533,completed_preliminary_single_category,2026-08-23T16:12:45+00:00,2026-08-23T16:14:10+00:00,UNAVAILABLE,true,9c3b94157d31d9ba5a0184010b512425da89b1e0a73d8507a26cbe94c7f5c9d0,6069c761f5ad36c25f9cbd461d11eb1805686a3020a8bd9f494e25570b9cbcd9,64980dc7eb47a1bf8e9c3ee403330b8e5fb5451a4c0e4dbbad71533e895ea395,133,RTX 3090 physical GPU 4; Linux-5.4.0-150-generic-x86_64-with-glibc2.27; torch 2.6.0+cu124,guarded-fusion-v2-safe-wrn50-random-coreset,official_style_up_to_100_normal_30_seen_anomaly,/home/CuiMinghao/projects/AOI2026/EvoInspect_130_Research_Kit/reports/experiments/guarded-fusion-v2-final15-3seed-8gpu-20260823T160501Z-5533/runs/pc-lite-mvtec-transistor-s133-20260823T160501Z-5533/metrics.json,/home/CuiMinghao/projects/AOI2026/EvoInspect_130_Research_Kit/reports/experiments/guarded-fusion-v2-final15-3seed-8gpu-20260823T160501Z-5533/runs/pc-lite-mvtec-transistor-s133-20260823T160501Z-5533/model.pt,,"Dataset MVTec_AD_direct_archive, category mvtec_ad_transistor, preliminary; limits=['anomaly support reduced to retain development and final-test anomalies']; not formal upstream PatchCore"
pc-lite-mvtec-transistor-s134-20260823T160501Z-5533,completed_preliminary_single_category,2026-08-23T16:12:30+00:00,2026-08-23T16:13:52+00:00,UNAVAILABLE,true,9c3b94157d31d9ba5a0184010b512425da89b1e0a73d8507a26cbe94c7f5c9d0,6069c761f5ad36c25f9cbd461d11eb1805686a3020a8bd9f494e25570b9cbcd9,fafa68c3427f0922d4fcf8e45854888abdc1912271377c6fa646bf4332004480,134,RTX 3090 physical GPU 5; Linux-5.4.0-150-generic-x86_64-with-glibc2.27; torch 2.6.0+cu124,guarded-fusion-v2-safe-wrn50-random-coreset,official_style_up_to_100_normal_30_seen_anomaly,/home/CuiMinghao/projects/AOI2026/EvoInspect_130_Research_Kit/reports/experiments/guarded-fusion-v2-final15-3seed-8gpu-20260823T160501Z-5533/runs/pc-lite-mvtec-transistor-s134-20260823T160501Z-5533/metrics.json,/home/CuiMinghao/projects/AOI2026/EvoInspect_130_Research_Kit/reports/experiments/guarded-fusion-v2-final15-3seed-8gpu-20260823T160501Z-5533/runs/pc-lite-mvtec-transistor-s134-20260823T160501Z-5533/model.pt,,"Dataset MVTec_AD_direct_archive, category mvtec_ad_transistor, preliminary; limits=['anomaly support reduced to retain development and final-test anomalies']; not formal upstream PatchCore"
pc-lite-mvtec-transistor-s135-20260823T160501Z-5533,completed_preliminary_single_category,2026-08-23T16:12:41+00:00,2026-08-23T16:14:09+00:00,UNAVAILABLE,true,9c3b94157d31d9ba5a0184010b512425da89b1e0a73d8507a26cbe94c7f5c9d0,6069c761f5ad36c25f9cbd461d11eb1805686a3020a8bd9f494e25570b9cbcd9,a9164854fb269d79dee20ed219590f3c62fee9bad4290ba6bba4be16e6079483,135,RTX 3090 physical GPU 6; Linux-5.4.0-150-generic-x86_64-with-glibc2.27; torch 2.6.0+cu124,guarded-fusion-v2-safe-wrn50-random-coreset,official_style_up_to_100_normal_30_seen_anomaly,/home/CuiMinghao/projects/AOI2026/EvoInspect_130_Research_Kit/reports/experiments/guarded-fusion-v2-final15-3seed-8gpu-20260823T160501Z-5533/runs/pc-lite-mvtec-transistor-s135-20260823T160501Z-5533/metrics.json,/home/CuiMinghao/projects/AOI2026/EvoInspect_130_Research_Kit/reports/experiments/guarded-fusion-v2-final15-3seed-8gpu-20260823T160501Z-5533/runs/pc-lite-mvtec-transistor-s135-20260823T160501Z-5533/model.pt,,"Dataset MVTec_AD_direct_archive, category mvtec_ad_transistor, preliminary; limits=['anomaly support reduced to retain development and final-test anomalies']; not formal upstream PatchCore"
pc-lite-mvtec-wood-s133-20260823T160501Z-5533,completed_preliminary_single_category,2026-08-23T16:12:33+00:00,2026-08-23T16:13:52+00:00,UNAVAILABLE,true,9c3b94157d31d9ba5a0184010b512425da89b1e0a73d8507a26cbe94c7f5c9d0,6069c761f5ad36c25f9cbd461d11eb1805686a3020a8bd9f494e25570b9cbcd9,572ce720d6f0778e1bbefc72a2abe35df3b3039a1b0cc6d8655da4dd01545cf7,133,RTX 3090 physical GPU 7; Linux-5.4.0-150-generic-x86_64-with-glibc2.27; torch 2.6.0+cu124,guarded-fusion-v2-safe-wrn50-random-coreset,official_style_up_to_100_normal_30_seen_anomaly,/home/CuiMinghao/projects/AOI2026/EvoInspect_130_Research_Kit/reports/experiments/guarded-fusion-v2-final15-3seed-8gpu-20260823T160501Z-5533/runs/pc-lite-mvtec-wood-s133-20260823T160501Z-5533/metrics.json,/home/CuiMinghao/projects/AOI2026/EvoInspect_130_Research_Kit/reports/experiments/guarded-fusion-v2-final15-3seed-8gpu-20260823T160501Z-5533/runs/pc-lite-mvtec-wood-s133-20260823T160501Z-5533/model.pt,,"Dataset MVTec_AD_direct_archive, category mvtec_ad_wood, preliminary; limits=[]; not formal upstream PatchCore"
pc-lite-mvtec-wood-s134-20260823T160501Z-5533,completed_preliminary_single_category,2026-08-23T16:14:17+00:00,2026-08-23T16:14:58+00:00,UNAVAILABLE,true,9c3b94157d31d9ba5a0184010b512425da89b1e0a73d8507a26cbe94c7f5c9d0,6069c761f5ad36c25f9cbd461d11eb1805686a3020a8bd9f494e25570b9cbcd9,7307bd2264265c70df86ebf42656cef62d984f378b336809237c9462eac4202a,134,RTX 3090 physical GPU 0; Linux-5.4.0-150-generic-x86_64-with-glibc2.27; torch 2.6.0+cu124,guarded-fusion-v2-safe-wrn50-random-coreset,official_style_up_to_100_normal_30_seen_anomaly,/home/CuiMinghao/projects/AOI2026/EvoInspect_130_Research_Kit/reports/experiments/guarded-fusion-v2-final15-3seed-8gpu-20260823T160501Z-5533/runs/pc-lite-mvtec-wood-s134-20260823T160501Z-5533/metrics.json,/home/CuiMinghao/projects/AOI2026/EvoInspect_130_Research_Kit/reports/experiments/guarded-fusion-v2-final15-3seed-8gpu-20260823T160501Z-5533/runs/pc-lite-mvtec-wood-s134-20260823T160501Z-5533/model.pt,,"Dataset MVTec_AD_direct_archive, category mvtec_ad_wood, preliminary; limits=[]; not formal upstream PatchCore"
pc-lite-mvtec-wood-s135-20260823T160501Z-5533,completed_preliminary_single_category,2026-08-23T16:14:11+00:00,2026-08-23T16:14:55+00:00,UNAVAILABLE,true,9c3b94157d31d9ba5a0184010b512425da89b1e0a73d8507a26cbe94c7f5c9d0,6069c761f5ad36c25f9cbd461d11eb1805686a3020a8bd9f494e25570b9cbcd9,b16211d78e899df839036d72bbdee7acb52126b17425f302f80226f2876ee59e,135,RTX 3090 physical GPU 1; Linux-5.4.0-150-generic-x86_64-with-glibc2.27; torch 2.6.0+cu124,guarded-fusion-v2-safe-wrn50-random-coreset,official_style_up_to_100_normal_30_seen_anomaly,/home/CuiMinghao/projects/AOI2026/EvoInspect_130_Research_Kit/reports/experiments/guarded-fusion-v2-final15-3seed-8gpu-20260823T160501Z-5533/runs/pc-lite-mvtec-wood-s135-20260823T160501Z-5533/metrics.json,/home/CuiMinghao/projects/AOI2026/EvoInspect_130_Research_Kit/reports/experiments/guarded-fusion-v2-final15-3seed-8gpu-20260823T160501Z-5533/runs/pc-lite-mvtec-wood-s135-20260823T160501Z-5533/model.pt,,"Dataset MVTec_AD_direct_archive, category mvtec_ad_wood, preliminary; limits=[]; not formal upstream PatchCore"
pc-lite-mvtec-zipper-s133-20260823T160501Z-5533,completed_preliminary_single_category,2026-08-23T16:07:14+00:00,2026-08-23T16:09:03+00:00,UNAVAILABLE,true,9c3b94157d31d9ba5a0184010b512425da89b1e0a73d8507a26cbe94c7f5c9d0,6069c761f5ad36c25f9cbd461d11eb1805686a3020a8bd9f494e25570b9cbcd9,5c3918a586b8abae3478486376347fd0e80894082e0af1ff97fedbaf1cb24aef,133,RTX 3090 physical GPU 1; Linux-5.4.0-150-generic-x86_64-with-glibc2.27; torch 2.6.0+cu124,guarded-fusion-v2-safe-wrn50-random-coreset,official_style_up_to_100_normal_30_seen_anomaly,/home/CuiMinghao/projects/AOI2026/EvoInspect_130_Research_Kit/reports/experiments/guarded-fusion-v2-final15-3seed-8gpu-20260823T160501Z-5533/runs/pc-lite-mvtec-zipper-s133-20260823T160501Z-5533/metrics.json,/home/CuiMinghao/projects/AOI2026/EvoInspect_130_Research_Kit/reports/experiments/guarded-fusion-v2-final15-3seed-8gpu-20260823T160501Z-5533/runs/pc-lite-mvtec-zipper-s133-20260823T160501Z-5533/model.pt,,"Dataset MVTec_AD_direct_archive, category mvtec_ad_zipper, preliminary; limits=[]; not formal upstream PatchCore"
pc-lite-mvtec-zipper-s134-20260823T160501Z-5533,completed_preliminary_single_category,2026-08-23T16:07:16+00:00,2026-08-23T16:09:07+00:00,UNAVAILABLE,true,9c3b94157d31d9ba5a0184010b512425da89b1e0a73d8507a26cbe94c7f5c9d0,6069c761f5ad36c25f9cbd461d11eb1805686a3020a8bd9f494e25570b9cbcd9,fefbc080bdf9ca15e46b5a04ef53a684645573da9c547b26f124e7d278344c4c,134,RTX 3090 physical GPU 2; Linux-5.4.0-150-generic-x86_64-with-glibc2.27; torch 2.6.0+cu124,guarded-fusion-v2-safe-wrn50-random-coreset,official_style_up_to_100_normal_30_seen_anomaly,/home/CuiMinghao/projects/AOI2026/EvoInspect_130_Research_Kit/reports/experiments/guarded-fusion-v2-final15-3seed-8gpu-20260823T160501Z-5533/runs/pc-lite-mvtec-zipper-s134-20260823T160501Z-5533/metrics.json,/home/CuiMinghao/projects/AOI2026/EvoInspect_130_Research_Kit/reports/experiments/guarded-fusion-v2-final15-3seed-8gpu-20260823T160501Z-5533/runs/pc-lite-mvtec-zipper-s134-20260823T160501Z-5533/model.pt,,"Dataset MVTec_AD_direct_archive, category mvtec_ad_zipper, preliminary; limits=[]; not formal upstream PatchCore"
pc-lite-mvtec-zipper-s135-20260823T160501Z-5533,completed_preliminary_single_category,2026-08-23T16:07:12+00:00,2026-08-23T16:08:51+00:00,UNAVAILABLE,true,9c3b94157d31d9ba5a0184010b512425da89b1e0a73d8507a26cbe94c7f5c9d0,6069c761f5ad36c25f9cbd461d11eb1805686a3020a8bd9f494e25570b9cbcd9,b9c12b90f4e60c589abb7db77e3e992559de6532a5719de22891707185f853e5,135,RTX 3090 physical GPU 3; Linux-5.4.0-150-generic-x86_64-with-glibc2.27; torch 2.6.0+cu124,guarded-fusion-v2-safe-wrn50-random-coreset,official_style_up_to_100_normal_30_seen_anomaly,/home/CuiMinghao/projects/AOI2026/EvoInspect_130_Research_Kit/reports/experiments/guarded-fusion-v2-final15-3seed-8gpu-20260823T160501Z-5533/runs/pc-lite-mvtec-zipper-s135-20260823T160501Z-5533/metrics.json,/home/CuiMinghao/projects/AOI2026/EvoInspect_130_Research_Kit/reports/experiments/guarded-fusion-v2-final15-3seed-8gpu-20260823T160501Z-5533/runs/pc-lite-mvtec-zipper-s135-20260823T160501Z-5533/model.pt,,"Dataset MVTec_AD_direct_archive, category mvtec_ad_zipper, preliminary; limits=[]; not formal upstream PatchCore"
pc-lite-mvtec-bottle-s136-20260823T161700Z-26476,completed_preliminary_single_category,2026-08-23T16:21:03+00:00,2026-08-23T16:22:25+00:00,UNAVAILABLE,true,9c3b94157d31d9ba5a0184010b512425da89b1e0a73d8507a26cbe94c7f5c9d0,6069c761f5ad36c25f9cbd461d11eb1805686a3020a8bd9f494e25570b9cbcd9,b95a6781798604e011cb1e18178dca94be5f74c85bb58d8727393370502f51af,136,RTX 3090 physical GPU 4; Linux-5.4.0-150-generic-x86_64-with-glibc2.27; torch 2.6.0+cu124,guarded-fusion-v2-safe-wrn50-random-coreset,official_style_up_to_100_normal_30_seen_anomaly,/home/CuiMinghao/projects/AOI2026/EvoInspect_130_Research_Kit/reports/experiments/guarded-fusion-v2-repl15-2seed-8gpu-20260823T161700Z-26476/runs/pc-lite-mvtec-bottle-s136-20260823T161700Z-26476/metrics.json,/home/CuiMinghao/projects/AOI2026/EvoInspect_130_Research_Kit/reports/experiments/guarded-fusion-v2-repl15-2seed-8gpu-20260823T161700Z-26476/runs/pc-lite-mvtec-bottle-s136-20260823T161700Z-26476/model.pt,,"Dataset MVTec_AD_direct_archive, category mvtec_ad_bottle, preliminary; limits=[]; not formal upstream PatchCore"
pc-lite-mvtec-bottle-s137-20260823T161700Z-26476,completed_preliminary_single_category,2026-08-23T16:21:01+00:00,2026-08-23T16:22:22+00:00,UNAVAILABLE,true,9c3b94157d31d9ba5a0184010b512425da89b1e0a73d8507a26cbe94c7f5c9d0,6069c761f5ad36c25f9cbd461d11eb1805686a3020a8bd9f494e25570b9cbcd9,903cb4411d0af3319f6683d95037f4bcd7186ac71157a8bc6810c4bb8dd08b8b,137,RTX 3090 physical GPU 5; Linux-5.4.0-150-generic-x86_64-with-glibc2.27; torch 2.6.0+cu124,guarded-fusion-v2-safe-wrn50-random-coreset,official_style_up_to_100_normal_30_seen_anomaly,/home/CuiMinghao/projects/AOI2026/EvoInspect_130_Research_Kit/reports/experiments/guarded-fusion-v2-repl15-2seed-8gpu-20260823T161700Z-26476/runs/pc-lite-mvtec-bottle-s137-20260823T161700Z-26476/metrics.json,/home/CuiMinghao/projects/AOI2026/EvoInspect_130_Research_Kit/reports/experiments/guarded-fusion-v2-repl15-2seed-8gpu-20260823T161700Z-26476/runs/pc-lite-mvtec-bottle-s137-20260823T161700Z-26476/model.pt,,"Dataset MVTec_AD_direct_archive, category mvtec_ad_bottle, preliminary; limits=[]; not formal upstream PatchCore"
pc-lite-mvtec-cable-s136-20260823T161700Z-26476,completed_preliminary_single_category,2026-08-23T16:17:11+00:00,2026-08-23T16:19:08+00:00,UNAVAILABLE,true,9c3b94157d31d9ba5a0184010b512425da89b1e0a73d8507a26cbe94c7f5c9d0,6069c761f5ad36c25f9cbd461d11eb1805686a3020a8bd9f494e25570b9cbcd9,22af06fb4d025b9448e8dac5976c4765da132b95fee682fb77083543df61af19,136,RTX 3090 physical GPU 0; Linux-5.4.0-150-generic-x86_64-with-glibc2.27; torch 2.6.0+cu124,guarded-fusion-v2-safe-wrn50-random-coreset,official_style_up_to_100_normal_30_seen_anomaly,/home/CuiMinghao/projects/AOI2026/EvoInspect_130_Research_Kit/reports/experiments/guarded-fusion-v2-repl15-2seed-8gpu-20260823T161700Z-26476/runs/pc-lite-mvtec-cable-s136-20260823T161700Z-26476/metrics.json,/home/CuiMinghao/projects/AOI2026/EvoInspect_130_Research_Kit/reports/experiments/guarded-fusion-v2-repl15-2seed-8gpu-20260823T161700Z-26476/runs/pc-lite-mvtec-cable-s136-20260823T161700Z-26476/model.pt,,"Dataset MVTec_AD_direct_archive, category mvtec_ad_cable, preliminary; limits=[]; not formal upstream PatchCore"
pc-lite-mvtec-cable-s137-20260823T161700Z-26476,completed_preliminary_single_category,2026-08-23T16:17:11+00:00,2026-08-23T16:19:07+00:00,UNAVAILABLE,true,9c3b94157d31d9ba5a0184010b512425da89b1e0a73d8507a26cbe94c7f5c9d0,6069c761f5ad36c25f9cbd461d11eb1805686a3020a8bd9f494e25570b9cbcd9,40a57c3e2d38f3513a16f2b2cde8a7e025581e3c87ca420df871f1e3e8fdf30c,137,RTX 3090 physical GPU 1; Linux-5.4.0-150-generic-x86_64-with-glibc2.27; torch 2.6.0+cu124,guarded-fusion-v2-safe-wrn50-random-coreset,official_style_up_to_100_normal_30_seen_anomaly,/home/CuiMinghao/projects/AOI2026/EvoInspect_130_Research_Kit/reports/experiments/guarded-fusion-v2-repl15-2seed-8gpu-20260823T161700Z-26476/runs/pc-lite-mvtec-cable-s137-20260823T161700Z-26476/metrics.json,/home/CuiMinghao/projects/AOI2026/EvoInspect_130_Research_Kit/reports/experiments/guarded-fusion-v2-repl15-2seed-8gpu-20260823T161700Z-26476/runs/pc-lite-mvtec-cable-s137-20260823T161700Z-26476/model.pt,,"Dataset MVTec_AD_direct_archive, category mvtec_ad_cable, preliminary; limits=[]; not formal upstream PatchCore"
pc-lite-mvtec-capsule-s136-20260823T161700Z-26476,completed_preliminary_single_category,2026-08-23T16:17:11+00:00,2026-08-23T16:19:04+00:00,UNAVAILABLE,true,9c3b94157d31d9ba5a0184010b512425da89b1e0a73d8507a26cbe94c7f5c9d0,6069c761f5ad36c25f9cbd461d11eb1805686a3020a8bd9f494e25570b9cbcd9,d4ab520735a0a5c7a66914ec6730ca5fe721c2cfe8d3ad707f965920f6967e96,136,RTX 3090 physical GPU 2; Linux-5.4.0-150-generic-x86_64-with-glibc2.27; torch 2.6.0+cu124,guarded-fusion-v2-safe-wrn50-random-coreset,official_style_up_to_100_normal_30_seen_anomaly,/home/CuiMinghao/projects/AOI2026/EvoInspect_130_Research_Kit/reports/experiments/guarded-fusion-v2-repl15-2seed-8gpu-20260823T161700Z-26476/runs/pc-lite-mvtec-capsule-s136-20260823T161700Z-26476/metrics.json,/home/CuiMinghao/projects/AOI2026/EvoInspect_130_Research_Kit/reports/experiments/guarded-fusion-v2-repl15-2seed-8gpu-20260823T161700Z-26476/runs/pc-lite-mvtec-capsule-s136-20260823T161700Z-26476/model.pt,,"Dataset MVTec_AD_direct_archive, category mvtec_ad_capsule, preliminary; limits=[]; not formal upstream PatchCore"
pc-lite-mvtec-capsule-s137-20260823T161700Z-26476,completed_preliminary_single_category,2026-08-23T16:17:11+00:00,2026-08-23T16:19:03+00:00,UNAVAILABLE,true,9c3b94157d31d9ba5a0184010b512425da89b1e0a73d8507a26cbe94c7f5c9d0,6069c761f5ad36c25f9cbd461d11eb1805686a3020a8bd9f494e25570b9cbcd9,30003eee276e2a626b179282e131dba3d1b3f6afffc012bebfc40961bbf74f50,137,RTX 3090 physical GPU 3; Linux-5.4.0-150-generic-x86_64-with-glibc2.27; torch 2.6.0+cu124,guarded-fusion-v2-safe-wrn50-random-coreset,official_style_up_to_100_normal_30_seen_anomaly,/home/CuiMinghao/projects/AOI2026/EvoInspect_130_Research_Kit/reports/experiments/guarded-fusion-v2-repl15-2seed-8gpu-20260823T161700Z-26476/runs/pc-lite-mvtec-capsule-s137-20260823T161700Z-26476/metrics.json,/home/CuiMinghao/projects/AOI2026/EvoInspect_130_Research_Kit/reports/experiments/guarded-fusion-v2-repl15-2seed-8gpu-20260823T161700Z-26476/runs/pc-lite-mvtec-capsule-s137-20260823T161700Z-26476/model.pt,,"Dataset MVTec_AD_direct_archive, category mvtec_ad_capsule, preliminary; limits=[]; not formal upstream PatchCore"
pc-lite-mvtec-carpet-s136-20260823T161700Z-26476,completed_preliminary_single_category,2026-08-23T16:19:12+00:00,2026-08-23T16:20:56+00:00,UNAVAILABLE,true,9c3b94157d31d9ba5a0184010b512425da89b1e0a73d8507a26cbe94c7f5c9d0,6069c761f5ad36c25f9cbd461d11eb1805686a3020a8bd9f494e25570b9cbcd9,3244b12d0282269ab7073fb6bfe779e061bdecb08e0dd60ec430f79691c01fb1,136,RTX 3090 physical GPU 2; Linux-5.4.0-150-generic-x86_64-with-glibc2.27; torch 2.6.0+cu124,guarded-fusion-v2-safe-wrn50-random-coreset,official_style_up_to_100_normal_30_seen_anomaly,/home/CuiMinghao/projects/AOI2026/EvoInspect_130_Research_Kit/reports/experiments/guarded-fusion-v2-repl15-2seed-8gpu-20260823T161700Z-26476/runs/pc-lite-mvtec-carpet-s136-20260823T161700Z-26476/metrics.json,/home/CuiMinghao/projects/AOI2026/EvoInspect_130_Research_Kit/reports/experiments/guarded-fusion-v2-repl15-2seed-8gpu-20260823T161700Z-26476/runs/pc-lite-mvtec-carpet-s136-20260823T161700Z-26476/model.pt,,"Dataset MVTec_AD_direct_archive, category mvtec_ad_carpet, preliminary; limits=[]; not formal upstream PatchCore"
pc-lite-mvtec-carpet-s137-20260823T161700Z-26476,completed_preliminary_single_category,2026-08-23T16:19:11+00:00,2026-08-23T16:20:54+00:00,UNAVAILABLE,true,9c3b94157d31d9ba5a0184010b512425da89b1e0a73d8507a26cbe94c7f5c9d0,6069c761f5ad36c25f9cbd461d11eb1805686a3020a8bd9f494e25570b9cbcd9,c539c24e36439e81c75da6e4a4a14694425b40d77ec38afeb5c71a7cdfd8e669,137,RTX 3090 physical GPU 3; Linux-5.4.0-150-generic-x86_64-with-glibc2.27; torch 2.6.0+cu124,guarded-fusion-v2-safe-wrn50-random-coreset,official_style_up_to_100_normal_30_seen_anomaly,/home/CuiMinghao/projects/AOI2026/EvoInspect_130_Research_Kit/reports/experiments/guarded-fusion-v2-repl15-2seed-8gpu-20260823T161700Z-26476/runs/pc-lite-mvtec-carpet-s137-20260823T161700Z-26476/metrics.json,/home/CuiMinghao/projects/AOI2026/EvoInspect_130_Research_Kit/reports/experiments/guarded-fusion-v2-repl15-2seed-8gpu-20260823T161700Z-26476/runs/pc-lite-mvtec-carpet-s137-20260823T161700Z-26476/model.pt,,"Dataset MVTec_AD_direct_archive, category mvtec_ad_carpet, preliminary; limits=[]; not formal upstream PatchCore"
pc-lite-mvtec-grid-s136-20260823T161700Z-26476,completed_preliminary_single_category,2026-08-23T16:20:53+00:00,2026-08-23T16:22:05+00:00,UNAVAILABLE,true,9c3b94157d31d9ba5a0184010b512425da89b1e0a73d8507a26cbe94c7f5c9d0,6069c761f5ad36c25f9cbd461d11eb1805686a3020a8bd9f494e25570b9cbcd9,22e8f04c29b5bdb6e27c40f1b430ed6db714977ebf732d8b6120014c44b81c92,136,RTX 3090 physical GPU 6; Linux-5.4.0-150-generic-x86_64-with-glibc2.27; torch 2.6.0+cu124,guarded-fusion-v2-safe-wrn50-random-coreset,official_style_up_to_100_normal_30_seen_anomaly,/home/CuiMinghao/projects/AOI2026/EvoInspect_130_Research_Kit/reports/experiments/guarded-fusion-v2-repl15-2seed-8gpu-20260823T161700Z-26476/runs/pc-lite-mvtec-grid-s136-20260823T161700Z-26476/metrics.json,/home/CuiMinghao/projects/AOI2026/EvoInspect_130_Research_Kit/reports/experiments/guarded-fusion-v2-repl15-2seed-8gpu-20260823T161700Z-26476/runs/pc-lite-mvtec-grid-s136-20260823T161700Z-26476/model.pt,,"Dataset MVTec_AD_direct_archive, category mvtec_ad_grid, preliminary; limits=[]; not formal upstream PatchCore"
pc-lite-mvtec-grid-s137-20260823T161700Z-26476,completed_preliminary_single_category,2026-08-23T16:20:48+00:00,2026-08-23T16:21:56+00:00,UNAVAILABLE,true,9c3b94157d31d9ba5a0184010b512425da89b1e0a73d8507a26cbe94c7f5c9d0,6069c761f5ad36c25f9cbd461d11eb1805686a3020a8bd9f494e25570b9cbcd9,2cd10e6309c53fd279bfdecec86ea01ff0580248a1857ffba2ac2fe1d0631b9f,137,RTX 3090 physical GPU 7; Linux-5.4.0-150-generic-x86_64-with-glibc2.27; torch 2.6.0+cu124,guarded-fusion-v2-safe-wrn50-random-coreset,official_style_up_to_100_normal_30_seen_anomaly,/home/CuiMinghao/projects/AOI2026/EvoInspect_130_Research_Kit/reports/experiments/guarded-fusion-v2-repl15-2seed-8gpu-20260823T161700Z-26476/runs/pc-lite-mvtec-grid-s137-20260823T161700Z-26476/metrics.json,/home/CuiMinghao/projects/AOI2026/EvoInspect_130_Research_Kit/reports/experiments/guarded-fusion-v2-repl15-2seed-8gpu-20260823T161700Z-26476/runs/pc-lite-mvtec-grid-s137-20260823T161700Z-26476/model.pt,,"Dataset MVTec_AD_direct_archive, category mvtec_ad_grid, preliminary; limits=[]; not formal upstream PatchCore"
pc-lite-mvtec-hazelnut-s136-20260823T161700Z-26476,completed_preliminary_single_category,2026-08-23T16:21:09+00:00,2026-08-23T16:22:33+00:00,UNAVAILABLE,true,9c3b94157d31d9ba5a0184010b512425da89b1e0a73d8507a26cbe94c7f5c9d0,6069c761f5ad36c25f9cbd461d11eb1805686a3020a8bd9f494e25570b9cbcd9,799d899698d3d60c1e72a2354e288a9be0b7fe864a967be06b145f3f4c8cc04d,136,RTX 3090 physical GPU 0; Linux-5.4.0-150-generic-x86_64-with-glibc2.27; torch 2.6.0+cu124,guarded-fusion-v2-safe-wrn50-random-coreset,official_style_up_to_100_normal_30_seen_anomaly,/home/CuiMinghao/projects/AOI2026/EvoInspect_130_Research_Kit/reports/experiments/guarded-fusion-v2-repl15-2seed-8gpu-20260823T161700Z-26476/runs/pc-lite-mvtec-hazelnut-s136-20260823T161700Z-26476/metrics.json,/home/CuiMinghao/projects/AOI2026/EvoInspect_130_Research_Kit/reports/experiments/guarded-fusion-v2-repl15-2seed-8gpu-20260823T161700Z-26476/runs/pc-lite-mvtec-hazelnut-s136-20260823T161700Z-26476/model.pt,,"Dataset MVTec_AD_direct_archive, category mvtec_ad_hazelnut, preliminary; limits=[]; not formal upstream PatchCore"
pc-lite-mvtec-hazelnut-s137-20260823T161700Z-26476,completed_preliminary_single_category,2026-08-23T16:21:05+00:00,2026-08-23T16:22:33+00:00,UNAVAILABLE,true,9c3b94157d31d9ba5a0184010b512425da89b1e0a73d8507a26cbe94c7f5c9d0,6069c761f5ad36c25f9cbd461d11eb1805686a3020a8bd9f494e25570b9cbcd9,2d891b79e0a0cd12e1d7a8a1778a6553f2146fe6a5e6f7dfa97c67246e874170,137,RTX 3090 physical GPU 1; Linux-5.4.0-150-generic-x86_64-with-glibc2.27; torch 2.6.0+cu124,guarded-fusion-v2-safe-wrn50-random-coreset,official_style_up_to_100_normal_30_seen_anomaly,/home/CuiMinghao/projects/AOI2026/EvoInspect_130_Research_Kit/reports/experiments/guarded-fusion-v2-repl15-2seed-8gpu-20260823T161700Z-26476/runs/pc-lite-mvtec-hazelnut-s137-20260823T161700Z-26476/metrics.json,/home/CuiMinghao/projects/AOI2026/EvoInspect_130_Research_Kit/reports/experiments/guarded-fusion-v2-repl15-2seed-8gpu-20260823T161700Z-26476/runs/pc-lite-mvtec-hazelnut-s137-20260823T161700Z-26476/model.pt,,"Dataset MVTec_AD_direct_archive, category mvtec_ad_hazelnut, preliminary; limits=[]; not formal upstream PatchCore"
pc-lite-mvtec-leather-s136-20260823T161700Z-26476,completed_preliminary_single_category,2026-08-23T16:19:13+00:00,2026-08-23T16:20:54+00:00,UNAVAILABLE,true,9c3b94157d31d9ba5a0184010b512425da89b1e0a73d8507a26cbe94c7f5c9d0,6069c761f5ad36c25f9cbd461d11eb1805686a3020a8bd9f494e25570b9cbcd9,ac3a188a039b513ac9d1a9ab9aa6aab5cd13cd7c51c7a78901a30ec49951f11d,136,RTX 3090 physical GPU 4; Linux-5.4.0-150-generic-x86_64-with-glibc2.27; torch 2.6.0+cu124,guarded-fusion-v2-safe-wrn50-random-coreset,official_style_up_to_100_normal_30_seen_anomaly,/home/CuiMinghao/projects/AOI2026/EvoInspect_130_Research_Kit/reports/experiments/guarded-fusion-v2-repl15-2seed-8gpu-20260823T161700Z-26476/runs/pc-lite-mvtec-leather-s136-20260823T161700Z-26476/metrics.json,/home/CuiMinghao/projects/AOI2026/EvoInspect_130_Research_Kit/reports/experiments/guarded-fusion-v2-repl15-2seed-8gpu-20260823T161700Z-26476/runs/pc-lite-mvtec-leather-s136-20260823T161700Z-26476/model.pt,,"Dataset MVTec_AD_direct_archive, category mvtec_ad_leather, preliminary; limits=[]; not formal upstream PatchCore"
pc-lite-mvtec-leather-s137-20260823T161700Z-26476,completed_preliminary_single_category,2026-08-23T16:19:12+00:00,2026-08-23T16:20:52+00:00,UNAVAILABLE,true,9c3b94157d31d9ba5a0184010b512425da89b1e0a73d8507a26cbe94c7f5c9d0,6069c761f5ad36c25f9cbd461d11eb1805686a3020a8bd9f494e25570b9cbcd9,17bf043a7059e24b7f8a39c79deb42ab4717a0657fd097290fe299d2c7eec02c,137,RTX 3090 physical GPU 5; Linux-5.4.0-150-generic-x86_64-with-glibc2.27; torch 2.6.0+cu124,guarded-fusion-v2-safe-wrn50-random-coreset,official_style_up_to_100_normal_30_seen_anomaly,/home/CuiMinghao/projects/AOI2026/EvoInspect_130_Research_Kit/reports/experiments/guarded-fusion-v2-repl15-2seed-8gpu-20260823T161700Z-26476/runs/pc-lite-mvtec-leather-s137-20260823T161700Z-26476/metrics.json,/home/CuiMinghao/projects/AOI2026/EvoInspect_130_Research_Kit/reports/experiments/guarded-fusion-v2-repl15-2seed-8gpu-20260823T161700Z-26476/runs/pc-lite-mvtec-leather-s137-20260823T161700Z-26476/model.pt,,"Dataset MVTec_AD_direct_archive, category mvtec_ad_leather, preliminary; limits=[]; not formal upstream PatchCore"
pc-lite-mvtec-metal_nut-s136-20260823T161700Z-26476,completed_preliminary_single_category,2026-08-23T16:21:04+00:00,2026-08-23T16:22:28+00:00,UNAVAILABLE,true,9c3b94157d31d9ba5a0184010b512425da89b1e0a73d8507a26cbe94c7f5c9d0,6069c761f5ad36c25f9cbd461d11eb1805686a3020a8bd9f494e25570b9cbcd9,86d56e35ef80bde5196c862a90e718a0ea0c37e808855aad54a95563f006b6dc,136,RTX 3090 physical GPU 2; Linux-5.4.0-150-generic-x86_64-with-glibc2.27; torch 2.6.0+cu124,guarded-fusion-v2-safe-wrn50-random-coreset,official_style_up_to_100_normal_30_seen_anomaly,/home/CuiMinghao/projects/AOI2026/EvoInspect_130_Research_Kit/reports/experiments/guarded-fusion-v2-repl15-2seed-8gpu-20260823T161700Z-26476/runs/pc-lite-mvtec-metal_nut-s136-20260823T161700Z-26476/metrics.json,/home/CuiMinghao/projects/AOI2026/EvoInspect_130_Research_Kit/reports/experiments/guarded-fusion-v2-repl15-2seed-8gpu-20260823T161700Z-26476/runs/pc-lite-mvtec-metal_nut-s136-20260823T161700Z-26476/model.pt,,"Dataset MVTec_AD_direct_archive, category mvtec_ad_metal_nut, preliminary; limits=[]; not formal upstream PatchCore"
pc-lite-mvtec-metal_nut-s137-20260823T161700Z-26476,completed_preliminary_single_category,2026-08-23T16:21:03+00:00,2026-08-23T16:22:26+00:00,UNAVAILABLE,true,9c3b94157d31d9ba5a0184010b512425da89b1e0a73d8507a26cbe94c7f5c9d0,6069c761f5ad36c25f9cbd461d11eb1805686a3020a8bd9f494e25570b9cbcd9,39ec0d9ae239033d213fc0f3a33268f5fb726de0192d0ecc4f8a039b17890a8c,137,RTX 3090 physical GPU 3; Linux-5.4.0-150-generic-x86_64-with-glibc2.27; torch 2.6.0+cu124,guarded-fusion-v2-safe-wrn50-random-coreset,official_style_up_to_100_normal_30_seen_anomaly,/home/CuiMinghao/projects/AOI2026/EvoInspect_130_Research_Kit/reports/experiments/guarded-fusion-v2-repl15-2seed-8gpu-20260823T161700Z-26476/runs/pc-lite-mvtec-metal_nut-s137-20260823T161700Z-26476/metrics.json,/home/CuiMinghao/projects/AOI2026/EvoInspect_130_Research_Kit/reports/experiments/guarded-fusion-v2-repl15-2seed-8gpu-20260823T161700Z-26476/runs/pc-lite-mvtec-metal_nut-s137-20260823T161700Z-26476/model.pt,,"Dataset MVTec_AD_direct_archive, category mvtec_ad_metal_nut, preliminary; limits=[]; not formal upstream PatchCore"
pc-lite-mvtec-pill-s136-20260823T161700Z-26476,completed_preliminary_single_category,2026-08-23T16:17:11+00:00,2026-08-23T16:19:05+00:00,UNAVAILABLE,true,9c3b94157d31d9ba5a0184010b512425da89b1e0a73d8507a26cbe94c7f5c9d0,6069c761f5ad36c25f9cbd461d11eb1805686a3020a8bd9f494e25570b9cbcd9,9dc7c135dc4c4bd4655985b3c84a8018f730e1580b0bda9db17d122b3fc5ce3d,136,RTX 3090 physical GPU 4; Linux-5.4.0-150-generic-x86_64-with-glibc2.27; torch 2.6.0+cu124,guarded-fusion-v2-safe-wrn50-random-coreset,official_style_up_to_100_normal_30_seen_anomaly,/home/CuiMinghao/projects/AOI2026/EvoInspect_130_Research_Kit/reports/experiments/guarded-fusion-v2-repl15-2seed-8gpu-20260823T161700Z-26476/runs/pc-lite-mvtec-pill-s136-20260823T161700Z-26476/metrics.json,/home/CuiMinghao/projects/AOI2026/EvoInspect_130_Research_Kit/reports/experiments/guarded-fusion-v2-repl15-2seed-8gpu-20260823T161700Z-26476/runs/pc-lite-mvtec-pill-s136-20260823T161700Z-26476/model.pt,,"Dataset MVTec_AD_direct_archive, category mvtec_ad_pill, preliminary; limits=[]; not formal upstream PatchCore"
pc-lite-mvtec-pill-s137-20260823T161700Z-26476,completed_preliminary_single_category,2026-08-23T16:17:11+00:00,2026-08-23T16:19:04+00:00,UNAVAILABLE,true,9c3b94157d31d9ba5a0184010b512425da89b1e0a73d8507a26cbe94c7f5c9d0,6069c761f5ad36c25f9cbd461d11eb1805686a3020a8bd9f494e25570b9cbcd9,4d589b16838608576dd874303f829121fd7abcd8c97b16fd297301367da5456a,137,RTX 3090 physical GPU 5; Linux-5.4.0-150-generic-x86_64-with-glibc2.27; torch 2.6.0+cu124,guarded-fusion-v2-safe-wrn50-random-coreset,official_style_up_to_100_normal_30_seen_anomaly,/home/CuiMinghao/projects/AOI2026/EvoInspect_130_Research_Kit/reports/experiments/guarded-fusion-v2-repl15-2seed-8gpu-20260823T161700Z-26476/runs/pc-lite-mvtec-pill-s137-20260823T161700Z-26476/metrics.json,/home/CuiMinghao/projects/AOI2026/EvoInspect_130_Research_Kit/reports/experiments/guarded-fusion-v2-repl15-2seed-8gpu-20260823T161700Z-26476/runs/pc-lite-mvtec-pill-s137-20260823T161700Z-26476/model.pt,,"Dataset MVTec_AD_direct_archive, category mvtec_ad_pill, preliminary; limits=[]; not formal upstream PatchCore"
pc-lite-mvtec-screw-s136-20260823T161700Z-26476,completed_preliminary_single_category,2026-08-23T16:19:18+00:00,2026-08-23T16:20:58+00:00,UNAVAILABLE,true,9c3b94157d31d9ba5a0184010b512425da89b1e0a73d8507a26cbe94c7f5c9d0,6069c761f5ad36c25f9cbd461d11eb1805686a3020a8bd9f494e25570b9cbcd9,dd0a0dfde50217ed944745b20c8a03cfac225c374597c1139a5f9b966117aba9,136,RTX 3090 physical GPU 0; Linux-5.4.0-150-generic-x86_64-with-glibc2.27; torch 2.6.0+cu124,guarded-fusion-v2-safe-wrn50-random-coreset,official_style_up_to_100_normal_30_seen_anomaly,/home/CuiMinghao/projects/AOI2026/EvoInspect_130_Research_Kit/reports/experiments/guarded-fusion-v2-repl15-2seed-8gpu-20260823T161700Z-26476/runs/pc-lite-mvtec-screw-s136-20260823T161700Z-26476/metrics.json,/home/CuiMinghao/projects/AOI2026/EvoInspect_130_Research_Kit/reports/experiments/guarded-fusion-v2-repl15-2seed-8gpu-20260823T161700Z-26476/runs/pc-lite-mvtec-screw-s136-20260823T161700Z-26476/model.pt,,"Dataset MVTec_AD_direct_archive, category mvtec_ad_screw, preliminary; limits=[]; not formal upstream PatchCore"
pc-lite-mvtec-screw-s137-20260823T161700Z-26476,completed_preliminary_single_category,2026-08-23T16:19:15+00:00,2026-08-23T16:20:56+00:00,UNAVAILABLE,true,9c3b94157d31d9ba5a0184010b512425da89b1e0a73d8507a26cbe94c7f5c9d0,6069c761f5ad36c25f9cbd461d11eb1805686a3020a8bd9f494e25570b9cbcd9,9e6ab8781724d1030dcd975a9349f96acecd81b2aead55ae7f1e187380aa9a56,137,RTX 3090 physical GPU 1; Linux-5.4.0-150-generic-x86_64-with-glibc2.27; torch 2.6.0+cu124,guarded-fusion-v2-safe-wrn50-random-coreset,official_style_up_to_100_normal_30_seen_anomaly,/home/CuiMinghao/projects/AOI2026/EvoInspect_130_Research_Kit/reports/experiments/guarded-fusion-v2-repl15-2seed-8gpu-20260823T161700Z-26476/runs/pc-lite-mvtec-screw-s137-20260823T161700Z-26476/metrics.json,/home/CuiMinghao/projects/AOI2026/EvoInspect_130_Research_Kit/reports/experiments/guarded-fusion-v2-repl15-2seed-8gpu-20260823T161700Z-26476/runs/pc-lite-mvtec-screw-s137-20260823T161700Z-26476/model.pt,,"Dataset MVTec_AD_direct_archive, category mvtec_ad_screw, preliminary; limits=[]; not formal upstream PatchCore"
pc-lite-mvtec-tile-s136-20260823T161700Z-26476,completed_preliminary_single_category,2026-08-23T16:19:08+00:00,2026-08-23T16:20:40+00:00,UNAVAILABLE,true,9c3b94157d31d9ba5a0184010b512425da89b1e0a73d8507a26cbe94c7f5c9d0,6069c761f5ad36c25f9cbd461d11eb1805686a3020a8bd9f494e25570b9cbcd9,baf55001f651deece86a7b5d70bd98c905e80b7aed2b894d4a750499585d8323,136,RTX 3090 physical GPU 6; Linux-5.4.0-150-generic-x86_64-with-glibc2.27; torch 2.6.0+cu124,guarded-fusion-v2-safe-wrn50-random-coreset,official_style_up_to_100_normal_30_seen_anomaly,/home/CuiMinghao/projects/AOI2026/EvoInspect_130_Research_Kit/reports/experiments/guarded-fusion-v2-repl15-2seed-8gpu-20260823T161700Z-26476/runs/pc-lite-mvtec-tile-s136-20260823T161700Z-26476/metrics.json,/home/CuiMinghao/projects/AOI2026/EvoInspect_130_Research_Kit/reports/experiments/guarded-fusion-v2-repl15-2seed-8gpu-20260823T161700Z-26476/runs/pc-lite-mvtec-tile-s136-20260823T161700Z-26476/model.pt,,"Dataset MVTec_AD_direct_archive, category mvtec_ad_tile, preliminary; limits=[]; not formal upstream PatchCore"
pc-lite-mvtec-tile-s137-20260823T161700Z-26476,completed_preliminary_single_category,2026-08-23T16:19:06+00:00,2026-08-23T16:20:33+00:00,UNAVAILABLE,true,9c3b94157d31d9ba5a0184010b512425da89b1e0a73d8507a26cbe94c7f5c9d0,6069c761f5ad36c25f9cbd461d11eb1805686a3020a8bd9f494e25570b9cbcd9,c28a3aca1a4fcded220d42da9c01fe1c6387b2bc3fb004b15c2a36c0ea8ede13,137,RTX 3090 physical GPU 7; Linux-5.4.0-150-generic-x86_64-with-glibc2.27; torch 2.6.0+cu124,guarded-fusion-v2-safe-wrn50-random-coreset,official_style_up_to_100_normal_30_seen_anomaly,/home/CuiMinghao/projects/AOI2026/EvoInspect_130_Research_Kit/reports/experiments/guarded-fusion-v2-repl15-2seed-8gpu-20260823T161700Z-26476/runs/pc-lite-mvtec-tile-s137-20260823T161700Z-26476/metrics.json,/home/CuiMinghao/projects/AOI2026/EvoInspect_130_Research_Kit/reports/experiments/guarded-fusion-v2-repl15-2seed-8gpu-20260823T161700Z-26476/runs/pc-lite-mvtec-tile-s137-20260823T161700Z-26476/model.pt,,"Dataset MVTec_AD_direct_archive, category mvtec_ad_tile, preliminary; limits=[]; not formal upstream PatchCore"
pc-lite-mvtec-toothbrush-s136-20260823T161700Z-26476,completed_preliminary_single_category,2026-08-23T16:22:33+00:00,2026-08-23T16:23:15+00:00,UNAVAILABLE,true,9c3b94157d31d9ba5a0184010b512425da89b1e0a73d8507a26cbe94c7f5c9d0,6069c761f5ad36c25f9cbd461d11eb1805686a3020a8bd9f494e25570b9cbcd9,719e3f6b68ff835ffd460ebcba9c4c445312a015cb150962e0bbbbf56c97af19,136,RTX 3090 physical GPU 4; Linux-5.4.0-150-generic-x86_64-with-glibc2.27; torch 2.6.0+cu124,guarded-fusion-v2-safe-wrn50-random-coreset,official_style_up_to_100_normal_30_seen_anomaly,/home/CuiMinghao/projects/AOI2026/EvoInspect_130_Research_Kit/reports/experiments/guarded-fusion-v2-repl15-2seed-8gpu-20260823T161700Z-26476/runs/pc-lite-mvtec-toothbrush-s136-20260823T161700Z-26476/metrics.json,/home/CuiMinghao/projects/AOI2026/EvoInspect_130_Research_Kit/reports/experiments/guarded-fusion-v2-repl15-2seed-8gpu-20260823T161700Z-26476/runs/pc-lite-mvtec-toothbrush-s136-20260823T161700Z-26476/model.pt,,"Dataset MVTec_AD_direct_archive, category mvtec_ad_toothbrush, preliminary; limits=['normal support reduced because category has <120 train normals', 'anomaly support reduced to retain development and final-test anomalies', 'unseen-defect holdout unavailable because category has one defect type']; not formal upstream PatchCore"
pc-lite-mvtec-toothbrush-s137-20260823T161700Z-26476,completed_preliminary_single_category,2026-08-23T16:22:30+00:00,2026-08-23T16:23:10+00:00,UNAVAILABLE,true,9c3b94157d31d9ba5a0184010b512425da89b1e0a73d8507a26cbe94c7f5c9d0,6069c761f5ad36c25f9cbd461d11eb1805686a3020a8bd9f494e25570b9cbcd9,7d0dfb02e625f2a1784fd198dab1fcbbec99953d10d16801e0ed69949047d341,137,RTX 3090 physical GPU 5; Linux-5.4.0-150-generic-x86_64-with-glibc2.27; torch 2.6.0+cu124,guarded-fusion-v2-safe-wrn50-random-coreset,official_style_up_to_100_normal_30_seen_anomaly,/home/CuiMinghao/projects/AOI2026/EvoInspect_130_Research_Kit/reports/experiments/guarded-fusion-v2-repl15-2seed-8gpu-20260823T161700Z-26476/runs/pc-lite-mvtec-toothbrush-s137-20260823T161700Z-26476/metrics.json,/home/CuiMinghao/projects/AOI2026/EvoInspect_130_Research_Kit/reports/experiments/guarded-fusion-v2-repl15-2seed-8gpu-20260823T161700Z-26476/runs/pc-lite-mvtec-toothbrush-s137-20260823T161700Z-26476/model.pt,,"Dataset MVTec_AD_direct_archive, category mvtec_ad_toothbrush, preliminary; limits=['normal support reduced because category has <120 train normals', 'anomaly support reduced to retain development and final-test anomalies', 'unseen-defect holdout unavailable because category has one defect type']; not formal upstream PatchCore"
pc-lite-mvtec-transistor-s136-20260823T161700Z-26476,completed_preliminary_single_category,2026-08-23T16:22:42+00:00,2026-08-23T16:23:40+00:00,UNAVAILABLE,true,9c3b94157d31d9ba5a0184010b512425da89b1e0a73d8507a26cbe94c7f5c9d0,6069c761f5ad36c25f9cbd461d11eb1805686a3020a8bd9f494e25570b9cbcd9,683a22f2ceb08b43a204809e97111e37ef4736673dc2e63777fc8d642533f603,136,RTX 3090 physical GPU 0; Linux-5.4.0-150-generic-x86_64-with-glibc2.27; torch 2.6.0+cu124,guarded-fusion-v2-safe-wrn50-random-coreset,official_style_up_to_100_normal_30_seen_anomaly,/home/CuiMinghao/projects/AOI2026/EvoInspect_130_Research_Kit/reports/experiments/guarded-fusion-v2-repl15-2seed-8gpu-20260823T161700Z-26476/runs/pc-lite-mvtec-transistor-s136-20260823T161700Z-26476/metrics.json,/home/CuiMinghao/projects/AOI2026/EvoInspect_130_Research_Kit/reports/experiments/guarded-fusion-v2-repl15-2seed-8gpu-20260823T161700Z-26476/runs/pc-lite-mvtec-transistor-s136-20260823T161700Z-26476/model.pt,,"Dataset MVTec_AD_direct_archive, category mvtec_ad_transistor, preliminary; limits=['anomaly support reduced to retain development and final-test anomalies']; not formal upstream PatchCore"
pc-lite-mvtec-transistor-s137-20260823T161700Z-26476,completed_preliminary_single_category,2026-08-23T16:22:42+00:00,2026-08-23T16:23:40+00:00,UNAVAILABLE,true,9c3b94157d31d9ba5a0184010b512425da89b1e0a73d8507a26cbe94c7f5c9d0,6069c761f5ad36c25f9cbd461d11eb1805686a3020a8bd9f494e25570b9cbcd9,09c2cb5c5c1107847e6502f94ab21a4c0352c74871b047f86b07fdb72c3d3b1b,137,RTX 3090 physical GPU 1; Linux-5.4.0-150-generic-x86_64-with-glibc2.27; torch 2.6.0+cu124,guarded-fusion-v2-safe-wrn50-random-coreset,official_style_up_to_100_normal_30_seen_anomaly,/home/CuiMinghao/projects/AOI2026/EvoInspect_130_Research_Kit/reports/experiments/guarded-fusion-v2-repl15-2seed-8gpu-20260823T161700Z-26476/runs/pc-lite-mvtec-transistor-s137-20260823T161700Z-26476/metrics.json,/home/CuiMinghao/projects/AOI2026/EvoInspect_130_Research_Kit/reports/experiments/guarded-fusion-v2-repl15-2seed-8gpu-20260823T161700Z-26476/runs/pc-lite-mvtec-transistor-s137-20260823T161700Z-26476/model.pt,,"Dataset MVTec_AD_direct_archive, category mvtec_ad_transistor, preliminary; limits=['anomaly support reduced to retain development and final-test anomalies']; not formal upstream PatchCore"
pc-lite-mvtec-wood-s136-20260823T161700Z-26476,completed_preliminary_single_category,2026-08-23T16:22:35+00:00,2026-08-23T16:23:32+00:00,UNAVAILABLE,true,9c3b94157d31d9ba5a0184010b512425da89b1e0a73d8507a26cbe94c7f5c9d0,6069c761f5ad36c25f9cbd461d11eb1805686a3020a8bd9f494e25570b9cbcd9,4d71996abbaecf1bd582ccc8860a37474c6175676d0a9bd3717ecd7856c41ad4,136,RTX 3090 physical GPU 2; Linux-5.4.0-150-generic-x86_64-with-glibc2.27; torch 2.6.0+cu124,guarded-fusion-v2-safe-wrn50-random-coreset,official_style_up_to_100_normal_30_seen_anomaly,/home/CuiMinghao/projects/AOI2026/EvoInspect_130_Research_Kit/reports/experiments/guarded-fusion-v2-repl15-2seed-8gpu-20260823T161700Z-26476/runs/pc-lite-mvtec-wood-s136-20260823T161700Z-26476/metrics.json,/home/CuiMinghao/projects/AOI2026/EvoInspect_130_Research_Kit/reports/experiments/guarded-fusion-v2-repl15-2seed-8gpu-20260823T161700Z-26476/runs/pc-lite-mvtec-wood-s136-20260823T161700Z-26476/model.pt,,"Dataset MVTec_AD_direct_archive, category mvtec_ad_wood, preliminary; limits=[]; not formal upstream PatchCore"
pc-lite-mvtec-wood-s137-20260823T161700Z-26476,completed_preliminary_single_category,2026-08-23T16:22:34+00:00,2026-08-23T16:23:31+00:00,UNAVAILABLE,true,9c3b94157d31d9ba5a0184010b512425da89b1e0a73d8507a26cbe94c7f5c9d0,6069c761f5ad36c25f9cbd461d11eb1805686a3020a8bd9f494e25570b9cbcd9,65e53cb1ca1d50ee0d1425c371843f5d59ee267109399755911f3c9e735217b1,137,RTX 3090 physical GPU 3; Linux-5.4.0-150-generic-x86_64-with-glibc2.27; torch 2.6.0+cu124,guarded-fusion-v2-safe-wrn50-random-coreset,official_style_up_to_100_normal_30_seen_anomaly,/home/CuiMinghao/projects/AOI2026/EvoInspect_130_Research_Kit/reports/experiments/guarded-fusion-v2-repl15-2seed-8gpu-20260823T161700Z-26476/runs/pc-lite-mvtec-wood-s137-20260823T161700Z-26476/metrics.json,/home/CuiMinghao/projects/AOI2026/EvoInspect_130_Research_Kit/reports/experiments/guarded-fusion-v2-repl15-2seed-8gpu-20260823T161700Z-26476/runs/pc-lite-mvtec-wood-s137-20260823T161700Z-26476/model.pt,,"Dataset MVTec_AD_direct_archive, category mvtec_ad_wood, preliminary; limits=[]; not formal upstream PatchCore"
pc-lite-mvtec-zipper-s136-20260823T161700Z-26476,completed_preliminary_single_category,2026-08-23T16:17:11+00:00,2026-08-23T16:18:59+00:00,UNAVAILABLE,true,9c3b94157d31d9ba5a0184010b512425da89b1e0a73d8507a26cbe94c7f5c9d0,6069c761f5ad36c25f9cbd461d11eb1805686a3020a8bd9f494e25570b9cbcd9,10e3a05d61267450f47b913fb4877776b0314c5c97b6a591ee037861d83e2cbc,136,RTX 3090 physical GPU 6; Linux-5.4.0-150-generic-x86_64-with-glibc2.27; torch 2.6.0+cu124,guarded-fusion-v2-safe-wrn50-random-coreset,official_style_up_to_100_normal_30_seen_anomaly,/home/CuiMinghao/projects/AOI2026/EvoInspect_130_Research_Kit/reports/experiments/guarded-fusion-v2-repl15-2seed-8gpu-20260823T161700Z-26476/runs/pc-lite-mvtec-zipper-s136-20260823T161700Z-26476/metrics.json,/home/CuiMinghao/projects/AOI2026/EvoInspect_130_Research_Kit/reports/experiments/guarded-fusion-v2-repl15-2seed-8gpu-20260823T161700Z-26476/runs/pc-lite-mvtec-zipper-s136-20260823T161700Z-26476/model.pt,,"Dataset MVTec_AD_direct_archive, category mvtec_ad_zipper, preliminary; limits=[]; not formal upstream PatchCore"
pc-lite-mvtec-zipper-s137-20260823T161700Z-26476,completed_preliminary_single_category,2026-08-23T16:17:11+00:00,2026-08-23T16:18:57+00:00,UNAVAILABLE,true,9c3b94157d31d9ba5a0184010b512425da89b1e0a73d8507a26cbe94c7f5c9d0,6069c761f5ad36c25f9cbd461d11eb1805686a3020a8bd9f494e25570b9cbcd9,54289c7b00b1e07580d783ff186fa2564dd6b7b3544eb76423105be55e033959,137,RTX 3090 physical GPU 7; Linux-5.4.0-150-generic-x86_64-with-glibc2.27; torch 2.6.0+cu124,guarded-fusion-v2-safe-wrn50-random-coreset,official_style_up_to_100_normal_30_seen_anomaly,/home/CuiMinghao/projects/AOI2026/EvoInspect_130_Research_Kit/reports/experiments/guarded-fusion-v2-repl15-2seed-8gpu-20260823T161700Z-26476/runs/pc-lite-mvtec-zipper-s137-20260823T161700Z-26476/metrics.json,/home/CuiMinghao/projects/AOI2026/EvoInspect_130_Research_Kit/reports/experiments/guarded-fusion-v2-repl15-2seed-8gpu-20260823T161700Z-26476/runs/pc-lite-mvtec-zipper-s137-20260823T161700Z-26476/model.pt,,"Dataset MVTec_AD_direct_archive, category mvtec_ad_zipper, preliminary; limits=[]; not formal upstream PatchCore"
upstream-pc-mvtec-bottle-s0-20260823T234806Z-22135,completed_standard_baseline,2026-08-24T07:48:09+08:00,2026-08-24T07:48:55+08:00,UNAVAILABLE,true,4e197841346347f6c05a97b3007f54eaa7816602e2484df968d7fbae4bc55eae,6069c761f5ad36c25f9cbd461d11eb1805686a3020a8bd9f494e25570b9cbcd9,bad4e61841b7c4b39eac42c6b1446671840c5703c7e5bf7acb337aa56e887b60,0,RTX 3090 physical GPU 0; Linux-5.4.0-150-generic-x86_64-with-glibc2.27; torch 2.6.0+cu124; FAISS CPU nearest-neighbour index,upstream-patchcore-wrn50-l2-l3-p01,mvtec_ad_standard_public_benchmark,reports/experiments/upstream-patchcore-standard-mvtec15-s0-8gpu-20260823T234806Z-22135/runs/upstream-pc-mvtec-bottle-s0-20260823T234806Z-22135/upstream_patchcore/IM224_WR50_L2-3_P01_D1024-1024_PS-3_AN-1_S0/results.csv,reports/experiments/upstream-patchcore-standard-mvtec15-s0-8gpu-20260823T234806Z-22135/runs/upstream-pc-mvtec-bottle-s0-20260823T234806Z-22135/upstream_patchcore/IM224_WR50_L2-3_P01_D1024-1024_PS-3_AN-1_S0/models/mvtec_bottle,,Pinned upstream fcaa92f124fb1ad74a7acf56726decd4b27cbcad; category=bottle; standard MVTec protocol; not official-style 100+30
upstream-pc-mvtec-cable-s0-20260823T234806Z-22135,completed_standard_baseline,2026-08-24T07:48:09+08:00,2026-08-24T07:49:11+08:00,UNAVAILABLE,true,4e197841346347f6c05a97b3007f54eaa7816602e2484df968d7fbae4bc55eae,6069c761f5ad36c25f9cbd461d11eb1805686a3020a8bd9f494e25570b9cbcd9,29b1678ed661f4b1caa4dd03d26e18885a7c12e89a0a40dd01f6b8e5be1abc99,0,RTX 3090 physical GPU 1; Linux-5.4.0-150-generic-x86_64-with-glibc2.27; torch 2.6.0+cu124; FAISS CPU nearest-neighbour index,upstream-patchcore-wrn50-l2-l3-p01,mvtec_ad_standard_public_benchmark,reports/experiments/upstream-patchcore-standard-mvtec15-s0-8gpu-20260823T234806Z-22135/runs/upstream-pc-mvtec-cable-s0-20260823T234806Z-22135/upstream_patchcore/IM224_WR50_L2-3_P01_D1024-1024_PS-3_AN-1_S0/results.csv,reports/experiments/upstream-patchcore-standard-mvtec15-s0-8gpu-20260823T234806Z-22135/runs/upstream-pc-mvtec-cable-s0-20260823T234806Z-22135/upstream_patchcore/IM224_WR50_L2-3_P01_D1024-1024_PS-3_AN-1_S0/models/mvtec_cable,,Pinned upstream fcaa92f124fb1ad74a7acf56726decd4b27cbcad; category=cable; standard MVTec protocol; not official-style 100+30
upstream-pc-mvtec-capsule-s0-20260823T234806Z-22135,completed_standard_baseline,2026-08-24T07:48:09+08:00,2026-08-24T07:49:09+08:00,UNAVAILABLE,true,4e197841346347f6c05a97b3007f54eaa7816602e2484df968d7fbae4bc55eae,6069c761f5ad36c25f9cbd461d11eb1805686a3020a8bd9f494e25570b9cbcd9,4a7f1cb0a722562f760a082fe888a737d4375cb65f86b5efdd22f63333688baa,0,RTX 3090 physical GPU 2; Linux-5.4.0-150-generic-x86_64-with-glibc2.27; torch 2.6.0+cu124; FAISS CPU nearest-neighbour index,upstream-patchcore-wrn50-l2-l3-p01,mvtec_ad_standard_public_benchmark,reports/experiments/upstream-patchcore-standard-mvtec15-s0-8gpu-20260823T234806Z-22135/runs/upstream-pc-mvtec-capsule-s0-20260823T234806Z-22135/upstream_patchcore/IM224_WR50_L2-3_P01_D1024-1024_PS-3_AN-1_S0/results.csv,reports/experiments/upstream-patchcore-standard-mvtec15-s0-8gpu-20260823T234806Z-22135/runs/upstream-pc-mvtec-capsule-s0-20260823T234806Z-22135/upstream_patchcore/IM224_WR50_L2-3_P01_D1024-1024_PS-3_AN-1_S0/models/mvtec_capsule,,Pinned upstream fcaa92f124fb1ad74a7acf56726decd4b27cbcad; category=capsule; standard MVTec protocol; not official-style 100+30
upstream-pc-mvtec-carpet-s0-20260823T234806Z-22135,completed_standard_baseline,2026-08-24T07:48:09+08:00,2026-08-24T07:49:11+08:00,UNAVAILABLE,true,4e197841346347f6c05a97b3007f54eaa7816602e2484df968d7fbae4bc55eae,6069c761f5ad36c25f9cbd461d11eb1805686a3020a8bd9f494e25570b9cbcd9,8608e812c4e5b6f56f869a731b20aef205d9e442f0d7f8053c05260c8e0e5dbc,0,RTX 3090 physical GPU 3; Linux-5.4.0-150-generic-x86_64-with-glibc2.27; torch 2.6.0+cu124; FAISS CPU nearest-neighbour index,upstream-patchcore-wrn50-l2-l3-p01,mvtec_ad_standard_public_benchmark,reports/experiments/upstream-patchcore-standard-mvtec15-s0-8gpu-20260823T234806Z-22135/runs/upstream-pc-mvtec-carpet-s0-20260823T234806Z-22135/upstream_patchcore/IM224_WR50_L2-3_P01_D1024-1024_PS-3_AN-1_S0/results.csv,reports/experiments/upstream-patchcore-standard-mvtec15-s0-8gpu-20260823T234806Z-22135/runs/upstream-pc-mvtec-carpet-s0-20260823T234806Z-22135/upstream_patchcore/IM224_WR50_L2-3_P01_D1024-1024_PS-3_AN-1_S0/models/mvtec_carpet,,Pinned upstream fcaa92f124fb1ad74a7acf56726decd4b27cbcad; category=carpet; standard MVTec protocol; not official-style 100+30
upstream-pc-mvtec-grid-s0-20260823T234806Z-22135,completed_standard_baseline,2026-08-24T07:48:09+08:00,2026-08-24T07:49:07+08:00,UNAVAILABLE,true,4e197841346347f6c05a97b3007f54eaa7816602e2484df968d7fbae4bc55eae,6069c761f5ad36c25f9cbd461d11eb1805686a3020a8bd9f494e25570b9cbcd9,7b18849fecb08f47aab409b6fb8ff243d52a9444f77f1b553a4f4a5f0834b324,0,RTX 3090 physical GPU 4; Linux-5.4.0-150-generic-x86_64-with-glibc2.27; torch 2.6.0+cu124; FAISS CPU nearest-neighbour index,upstream-patchcore-wrn50-l2-l3-p01,mvtec_ad_standard_public_benchmark,reports/experiments/upstream-patchcore-standard-mvtec15-s0-8gpu-20260823T234806Z-22135/runs/upstream-pc-mvtec-grid-s0-20260823T234806Z-22135/upstream_patchcore/IM224_WR50_L2-3_P01_D1024-1024_PS-3_AN-1_S0/results.csv,reports/experiments/upstream-patchcore-standard-mvtec15-s0-8gpu-20260823T234806Z-22135/runs/upstream-pc-mvtec-grid-s0-20260823T234806Z-22135/upstream_patchcore/IM224_WR50_L2-3_P01_D1024-1024_PS-3_AN-1_S0/models/mvtec_grid,,Pinned upstream fcaa92f124fb1ad74a7acf56726decd4b27cbcad; category=grid; standard MVTec protocol; not official-style 100+30
upstream-pc-mvtec-hazelnut-s0-20260823T234806Z-22135,completed_standard_baseline,2026-08-24T07:48:09+08:00,2026-08-24T07:49:20+08:00,UNAVAILABLE,true,4e197841346347f6c05a97b3007f54eaa7816602e2484df968d7fbae4bc55eae,6069c761f5ad36c25f9cbd461d11eb1805686a3020a8bd9f494e25570b9cbcd9,9a1372a1bc4d8f61178aa49486e339159c4d0641c47ef03c37ea06bec1f38bd6,0,RTX 3090 physical GPU 5; Linux-5.4.0-150-generic-x86_64-with-glibc2.27; torch 2.6.0+cu124; FAISS CPU nearest-neighbour index,upstream-patchcore-wrn50-l2-l3-p01,mvtec_ad_standard_public_benchmark,reports/experiments/upstream-patchcore-standard-mvtec15-s0-8gpu-20260823T234806Z-22135/runs/upstream-pc-mvtec-hazelnut-s0-20260823T234806Z-22135/upstream_patchcore/IM224_WR50_L2-3_P01_D1024-1024_PS-3_AN-1_S0/results.csv,reports/experiments/upstream-patchcore-standard-mvtec15-s0-8gpu-20260823T234806Z-22135/runs/upstream-pc-mvtec-hazelnut-s0-20260823T234806Z-22135/upstream_patchcore/IM224_WR50_L2-3_P01_D1024-1024_PS-3_AN-1_S0/models/mvtec_hazelnut,,Pinned upstream fcaa92f124fb1ad74a7acf56726decd4b27cbcad; category=hazelnut; standard MVTec protocol; not official-style 100+30
upstream-pc-mvtec-leather-s0-20260823T234806Z-22135,completed_standard_baseline,2026-08-24T07:48:09+08:00,2026-08-24T07:49:10+08:00,UNAVAILABLE,true,4e197841346347f6c05a97b3007f54eaa7816602e2484df968d7fbae4bc55eae,6069c761f5ad36c25f9cbd461d11eb1805686a3020a8bd9f494e25570b9cbcd9,f8caaac82afd87e3300ae50962b689a18b7cf06dfd598a3a03230f041000758e,0,RTX 3090 physical GPU 6; Linux-5.4.0-150-generic-x86_64-with-glibc2.27; torch 2.6.0+cu124; FAISS CPU nearest-neighbour index,upstream-patchcore-wrn50-l2-l3-p01,mvtec_ad_standard_public_benchmark,reports/experiments/upstream-patchcore-standard-mvtec15-s0-8gpu-20260823T234806Z-22135/runs/upstream-pc-mvtec-leather-s0-20260823T234806Z-22135/upstream_patchcore/IM224_WR50_L2-3_P01_D1024-1024_PS-3_AN-1_S0/results.csv,reports/experiments/upstream-patchcore-standard-mvtec15-s0-8gpu-20260823T234806Z-22135/runs/upstream-pc-mvtec-leather-s0-20260823T234806Z-22135/upstream_patchcore/IM224_WR50_L2-3_P01_D1024-1024_PS-3_AN-1_S0/models/mvtec_leather,,Pinned upstream fcaa92f124fb1ad74a7acf56726decd4b27cbcad; category=leather; standard MVTec protocol; not official-style 100+30
upstream-pc-mvtec-metal_nut-s0-20260823T234806Z-22135,completed_standard_baseline,2026-08-24T07:48:09+08:00,2026-08-24T07:49:06+08:00,UNAVAILABLE,true,4e197841346347f6c05a97b3007f54eaa7816602e2484df968d7fbae4bc55eae,6069c761f5ad36c25f9cbd461d11eb1805686a3020a8bd9f494e25570b9cbcd9,ace4b3801975768ebbf2b60ab65fc71d3e40038ab5f4740c6fcc3cdd9a267fbe,0,RTX 3090 physical GPU 7; Linux-5.4.0-150-generic-x86_64-with-glibc2.27; torch 2.6.0+cu124; FAISS CPU nearest-neighbour index,upstream-patchcore-wrn50-l2-l3-p01,mvtec_ad_standard_public_benchmark,reports/experiments/upstream-patchcore-standard-mvtec15-s0-8gpu-20260823T234806Z-22135/runs/upstream-pc-mvtec-metal_nut-s0-20260823T234806Z-22135/upstream_patchcore/IM224_WR50_L2-3_P01_D1024-1024_PS-3_AN-1_S0/results.csv,reports/experiments/upstream-patchcore-standard-mvtec15-s0-8gpu-20260823T234806Z-22135/runs/upstream-pc-mvtec-metal_nut-s0-20260823T234806Z-22135/upstream_patchcore/IM224_WR50_L2-3_P01_D1024-1024_PS-3_AN-1_S0/models/mvtec_metal_nut,,Pinned upstream fcaa92f124fb1ad74a7acf56726decd4b27cbcad; category=metal_nut; standard MVTec protocol; not official-style 100+30
upstream-pc-mvtec-pill-s0-20260823T234806Z-22135,completed_standard_baseline,2026-08-24T07:48:55+08:00,2026-08-24T07:49:50+08:00,UNAVAILABLE,true,4e197841346347f6c05a97b3007f54eaa7816602e2484df968d7fbae4bc55eae,6069c761f5ad36c25f9cbd461d11eb1805686a3020a8bd9f494e25570b9cbcd9,f08d66490e1d5a8b694fda8b3bf7105be3b0b91fb2756dfcd3b7c4e834ae83e5,0,RTX 3090 physical GPU 0; Linux-5.4.0-150-generic-x86_64-with-glibc2.27; torch 2.6.0+cu124; FAISS CPU nearest-neighbour index,upstream-patchcore-wrn50-l2-l3-p01,mvtec_ad_standard_public_benchmark,reports/experiments/upstream-patchcore-standard-mvtec15-s0-8gpu-20260823T234806Z-22135/runs/upstream-pc-mvtec-pill-s0-20260823T234806Z-22135/upstream_patchcore/IM224_WR50_L2-3_P01_D1024-1024_PS-3_AN-1_S0/results.csv,reports/experiments/upstream-patchcore-standard-mvtec15-s0-8gpu-20260823T234806Z-22135/runs/upstream-pc-mvtec-pill-s0-20260823T234806Z-22135/upstream_patchcore/IM224_WR50_L2-3_P01_D1024-1024_PS-3_AN-1_S0/models/mvtec_pill,,Pinned upstream fcaa92f124fb1ad74a7acf56726decd4b27cbcad; category=pill; standard MVTec protocol; not official-style 100+30
upstream-pc-mvtec-screw-s0-20260823T234806Z-22135,completed_standard_baseline,2026-08-24T07:49:11+08:00,2026-08-24T07:50:12+08:00,UNAVAILABLE,true,4e197841346347f6c05a97b3007f54eaa7816602e2484df968d7fbae4bc55eae,6069c761f5ad36c25f9cbd461d11eb1805686a3020a8bd9f494e25570b9cbcd9,fc78bde2c3151c98bd2fc06c98b4a96835cee4c726839ea813252688fb36ffa7,0,RTX 3090 physical GPU 1; Linux-5.4.0-150-generic-x86_64-with-glibc2.27; torch 2.6.0+cu124; FAISS CPU nearest-neighbour index,upstream-patchcore-wrn50-l2-l3-p01,mvtec_ad_standard_public_benchmark,reports/experiments/upstream-patchcore-standard-mvtec15-s0-8gpu-20260823T234806Z-22135/runs/upstream-pc-mvtec-screw-s0-20260823T234806Z-22135/upstream_patchcore/IM224_WR50_L2-3_P01_D1024-1024_PS-3_AN-1_S0/results.csv,reports/experiments/upstream-patchcore-standard-mvtec15-s0-8gpu-20260823T234806Z-22135/runs/upstream-pc-mvtec-screw-s0-20260823T234806Z-22135/upstream_patchcore/IM224_WR50_L2-3_P01_D1024-1024_PS-3_AN-1_S0/models/mvtec_screw,,Pinned upstream fcaa92f124fb1ad74a7acf56726decd4b27cbcad; category=screw; standard MVTec protocol; not official-style 100+30
upstream-pc-mvtec-tile-s0-20260823T234806Z-22135,completed_standard_baseline,2026-08-24T07:49:09+08:00,2026-08-24T07:49:52+08:00,UNAVAILABLE,true,4e197841346347f6c05a97b3007f54eaa7816602e2484df968d7fbae4bc55eae,6069c761f5ad36c25f9cbd461d11eb1805686a3020a8bd9f494e25570b9cbcd9,52a0ea1366aca4dfc66aed40333ff46214a1d0c896c083a1f3742ee2c4bc1228,0,RTX 3090 physical GPU 2; Linux-5.4.0-150-generic-x86_64-with-glibc2.27; torch 2.6.0+cu124; FAISS CPU nearest-neighbour index,upstream-patchcore-wrn50-l2-l3-p01,mvtec_ad_standard_public_benchmark,reports/experiments/upstream-patchcore-standard-mvtec15-s0-8gpu-20260823T234806Z-22135/runs/upstream-pc-mvtec-tile-s0-20260823T234806Z-22135/upstream_patchcore/IM224_WR50_L2-3_P01_D1024-1024_PS-3_AN-1_S0/results.csv,reports/experiments/upstream-patchcore-standard-mvtec15-s0-8gpu-20260823T234806Z-22135/runs/upstream-pc-mvtec-tile-s0-20260823T234806Z-22135/upstream_patchcore/IM224_WR50_L2-3_P01_D1024-1024_PS-3_AN-1_S0/models/mvtec_tile,,Pinned upstream fcaa92f124fb1ad74a7acf56726decd4b27cbcad; category=tile; standard MVTec protocol; not official-style 100+30
upstream-pc-mvtec-toothbrush-s0-20260823T234806Z-22135,completed_standard_baseline,2026-08-24T07:49:12+08:00,2026-08-24T07:49:26+08:00,UNAVAILABLE,true,4e197841346347f6c05a97b3007f54eaa7816602e2484df968d7fbae4bc55eae,6069c761f5ad36c25f9cbd461d11eb1805686a3020a8bd9f494e25570b9cbcd9,36b71c664d8f81eac9f938b20cf5b89e24e49f8dd10cf7f5627b0749835f05c7,0,RTX 3090 physical GPU 3; Linux-5.4.0-150-generic-x86_64-with-glibc2.27; torch 2.6.0+cu124; FAISS CPU nearest-neighbour index,upstream-patchcore-wrn50-l2-l3-p01,mvtec_ad_standard_public_benchmark,reports/experiments/upstream-patchcore-standard-mvtec15-s0-8gpu-20260823T234806Z-22135/runs/upstream-pc-mvtec-toothbrush-s0-20260823T234806Z-22135/upstream_patchcore/IM224_WR50_L2-3_P01_D1024-1024_PS-3_AN-1_S0/results.csv,reports/experiments/upstream-patchcore-standard-mvtec15-s0-8gpu-20260823T234806Z-22135/runs/upstream-pc-mvtec-toothbrush-s0-20260823T234806Z-22135/upstream_patchcore/IM224_WR50_L2-3_P01_D1024-1024_PS-3_AN-1_S0/models/mvtec_toothbrush,,Pinned upstream fcaa92f124fb1ad74a7acf56726decd4b27cbcad; category=toothbrush; standard MVTec protocol; not official-style 100+30
upstream-pc-mvtec-transistor-s0-20260823T234806Z-22135,completed_standard_baseline,2026-08-24T07:49:07+08:00,2026-08-24T07:49:42+08:00,UNAVAILABLE,true,4e197841346347f6c05a97b3007f54eaa7816602e2484df968d7fbae4bc55eae,6069c761f5ad36c25f9cbd461d11eb1805686a3020a8bd9f494e25570b9cbcd9,cd0c76e5e77bad87416cdf1813b2cf0143c14d50a6352bb2b0dc33a2ba212b21,0,RTX 3090 physical GPU 4; Linux-5.4.0-150-generic-x86_64-with-glibc2.27; torch 2.6.0+cu124; FAISS CPU nearest-neighbour index,upstream-patchcore-wrn50-l2-l3-p01,mvtec_ad_standard_public_benchmark,reports/experiments/upstream-patchcore-standard-mvtec15-s0-8gpu-20260823T234806Z-22135/runs/upstream-pc-mvtec-transistor-s0-20260823T234806Z-22135/upstream_patchcore/IM224_WR50_L2-3_P01_D1024-1024_PS-3_AN-1_S0/results.csv,reports/experiments/upstream-patchcore-standard-mvtec15-s0-8gpu-20260823T234806Z-22135/runs/upstream-pc-mvtec-transistor-s0-20260823T234806Z-22135/upstream_patchcore/IM224_WR50_L2-3_P01_D1024-1024_PS-3_AN-1_S0/models/mvtec_transistor,,Pinned upstream fcaa92f124fb1ad74a7acf56726decd4b27cbcad; category=transistor; standard MVTec protocol; not official-style 100+30
upstream-pc-mvtec-wood-s0-20260823T234806Z-22135,completed_standard_baseline,2026-08-24T07:49:20+08:00,2026-08-24T07:49:57+08:00,UNAVAILABLE,true,4e197841346347f6c05a97b3007f54eaa7816602e2484df968d7fbae4bc55eae,6069c761f5ad36c25f9cbd461d11eb1805686a3020a8bd9f494e25570b9cbcd9,2e5ee4c7e05df1de4f4ffcee26229bd7845a0e3a3eaf52af2e190334c8f365cc,0,RTX 3090 physical GPU 5; Linux-5.4.0-150-generic-x86_64-with-glibc2.27; torch 2.6.0+cu124; FAISS CPU nearest-neighbour index,upstream-patchcore-wrn50-l2-l3-p01,mvtec_ad_standard_public_benchmark,reports/experiments/upstream-patchcore-standard-mvtec15-s0-8gpu-20260823T234806Z-22135/runs/upstream-pc-mvtec-wood-s0-20260823T234806Z-22135/upstream_patchcore/IM224_WR50_L2-3_P01_D1024-1024_PS-3_AN-1_S0/results.csv,reports/experiments/upstream-patchcore-standard-mvtec15-s0-8gpu-20260823T234806Z-22135/runs/upstream-pc-mvtec-wood-s0-20260823T234806Z-22135/upstream_patchcore/IM224_WR50_L2-3_P01_D1024-1024_PS-3_AN-1_S0/models/mvtec_wood,,Pinned upstream fcaa92f124fb1ad74a7acf56726decd4b27cbcad; category=wood; standard MVTec protocol; not official-style 100+30
upstream-pc-mvtec-zipper-s0-20260823T234806Z-22135,completed_standard_baseline,2026-08-24T07:49:10+08:00,2026-08-24T07:49:57+08:00,UNAVAILABLE,true,4e197841346347f6c05a97b3007f54eaa7816602e2484df968d7fbae4bc55eae,6069c761f5ad36c25f9cbd461d11eb1805686a3020a8bd9f494e25570b9cbcd9,8e892987ba8f92a58b3d8f5b3e6e302a337cf375518ccc8f4ce3bd8ebe95ab75,0,RTX 3090 physical GPU 6; Linux-5.4.0-150-generic-x86_64-with-glibc2.27; torch 2.6.0+cu124; FAISS CPU nearest-neighbour index,upstream-patchcore-wrn50-l2-l3-p01,mvtec_ad_standard_public_benchmark,reports/experiments/upstream-patchcore-standard-mvtec15-s0-8gpu-20260823T234806Z-22135/runs/upstream-pc-mvtec-zipper-s0-20260823T234806Z-22135/upstream_patchcore/IM224_WR50_L2-3_P01_D1024-1024_PS-3_AN-1_S0/results.csv,reports/experiments/upstream-patchcore-standard-mvtec15-s0-8gpu-20260823T234806Z-22135/runs/upstream-pc-mvtec-zipper-s0-20260823T234806Z-22135/upstream_patchcore/IM224_WR50_L2-3_P01_D1024-1024_PS-3_AN-1_S0/models/mvtec_zipper,,Pinned upstream fcaa92f124fb1ad74a7acf56726decd4b27cbcad; category=zipper; standard MVTec protocol; not official-style 100+30
upstream-pc-100-30-bottle-s133-20260823T235656Z-29160,completed_official_style_baseline,2026-08-24T00:00:38+00:00,2026-08-24T00:01:05+00:00,UNAVAILABLE,true,3f3e3dae7213b8c0e808a235e1c794ff96ebeb981ef4091a93287591f8a5416a,6069c761f5ad36c25f9cbd461d11eb1805686a3020a8bd9f494e25570b9cbcd9,b21b262fcd3093dac28fd2b8248f6167aeb3d862fb3440b5f65bc168d0e0416b,133,RTX 3090 physical GPU 0; Linux-5.4.0-150-generic-x86_64-with-glibc2.27; torch 2.6.0+cu124; FAISS CPU,upstream-patchcore-wrn50-l2-l3-p01-official-style,official_style_up_to_100_normal_30_seen_anomaly,/home/CuiMinghao/projects/AOI2026/EvoInspect_130_Research_Kit/reports/experiments/upstream-patchcore-100-30-mvtec15-5seed-8gpu-20260823T235656Z-29160/runs/upstream-pc-100-30-bottle-s133-20260823T235656Z-29160/metrics.json,/home/CuiMinghao/projects/AOI2026/EvoInspect_130_Research_Kit/reports/experiments/upstream-patchcore-100-30-mvtec15-5seed-8gpu-20260823T235656Z-29160/runs/upstream-pc-100-30-bottle-s133-20260823T235656Z-29160/model,,Pinned upstream fcaa92f124fb1ad74a7acf56726decd4b27cbcad; category=mvtec_ad_bottle; support anomalies unused by PatchCore memory
upstream-pc-100-30-bottle-s134-20260823T235656Z-29160,completed_official_style_baseline,2026-08-24T00:00:39+00:00,2026-08-24T00:01:07+00:00,UNAVAILABLE,true,3f3e3dae7213b8c0e808a235e1c794ff96ebeb981ef4091a93287591f8a5416a,6069c761f5ad36c25f9cbd461d11eb1805686a3020a8bd9f494e25570b9cbcd9,4d3512b569faa271afb010d814c777028f16be2f94e6bb4ea0b941c7df96157d,134,RTX 3090 physical GPU 1; Linux-5.4.0-150-generic-x86_64-with-glibc2.27; torch 2.6.0+cu124; FAISS CPU,upstream-patchcore-wrn50-l2-l3-p01-official-style,official_style_up_to_100_normal_30_seen_anomaly,/home/CuiMinghao/projects/AOI2026/EvoInspect_130_Research_Kit/reports/experiments/upstream-patchcore-100-30-mvtec15-5seed-8gpu-20260823T235656Z-29160/runs/upstream-pc-100-30-bottle-s134-20260823T235656Z-29160/metrics.json,/home/CuiMinghao/projects/AOI2026/EvoInspect_130_Research_Kit/reports/experiments/upstream-patchcore-100-30-mvtec15-5seed-8gpu-20260823T235656Z-29160/runs/upstream-pc-100-30-bottle-s134-20260823T235656Z-29160/model,,Pinned upstream fcaa92f124fb1ad74a7acf56726decd4b27cbcad; category=mvtec_ad_bottle; support anomalies unused by PatchCore memory
upstream-pc-100-30-bottle-s135-20260823T235656Z-29160,completed_official_style_baseline,2026-08-24T00:00:39+00:00,2026-08-24T00:01:08+00:00,UNAVAILABLE,true,3f3e3dae7213b8c0e808a235e1c794ff96ebeb981ef4091a93287591f8a5416a,6069c761f5ad36c25f9cbd461d11eb1805686a3020a8bd9f494e25570b9cbcd9,0fdbb82bc62054125c0f641e335e5071d8454a91da7f468847ee709572192769,135,RTX 3090 physical GPU 2; Linux-5.4.0-150-generic-x86_64-with-glibc2.27; torch 2.6.0+cu124; FAISS CPU,upstream-patchcore-wrn50-l2-l3-p01-official-style,official_style_up_to_100_normal_30_seen_anomaly,/home/CuiMinghao/projects/AOI2026/EvoInspect_130_Research_Kit/reports/experiments/upstream-patchcore-100-30-mvtec15-5seed-8gpu-20260823T235656Z-29160/runs/upstream-pc-100-30-bottle-s135-20260823T235656Z-29160/metrics.json,/home/CuiMinghao/projects/AOI2026/EvoInspect_130_Research_Kit/reports/experiments/upstream-patchcore-100-30-mvtec15-5seed-8gpu-20260823T235656Z-29160/runs/upstream-pc-100-30-bottle-s135-20260823T235656Z-29160/model,,Pinned upstream fcaa92f124fb1ad74a7acf56726decd4b27cbcad; category=mvtec_ad_bottle; support anomalies unused by PatchCore memory
upstream-pc-100-30-bottle-s136-20260823T235656Z-29160,completed_official_style_baseline,2026-08-24T00:00:49+00:00,2026-08-24T00:01:16+00:00,UNAVAILABLE,true,3f3e3dae7213b8c0e808a235e1c794ff96ebeb981ef4091a93287591f8a5416a,6069c761f5ad36c25f9cbd461d11eb1805686a3020a8bd9f494e25570b9cbcd9,b95a6781798604e011cb1e18178dca94be5f74c85bb58d8727393370502f51af,136,RTX 3090 physical GPU 3; Linux-5.4.0-150-generic-x86_64-with-glibc2.27; torch 2.6.0+cu124; FAISS CPU,upstream-patchcore-wrn50-l2-l3-p01-official-style,official_style_up_to_100_normal_30_seen_anomaly,/home/CuiMinghao/projects/AOI2026/EvoInspect_130_Research_Kit/reports/experiments/upstream-patchcore-100-30-mvtec15-5seed-8gpu-20260823T235656Z-29160/runs/upstream-pc-100-30-bottle-s136-20260823T235656Z-29160/metrics.json,/home/CuiMinghao/projects/AOI2026/EvoInspect_130_Research_Kit/reports/experiments/upstream-patchcore-100-30-mvtec15-5seed-8gpu-20260823T235656Z-29160/runs/upstream-pc-100-30-bottle-s136-20260823T235656Z-29160/model,,Pinned upstream fcaa92f124fb1ad74a7acf56726decd4b27cbcad; category=mvtec_ad_bottle; support anomalies unused by PatchCore memory
upstream-pc-100-30-bottle-s137-20260823T235656Z-29160,completed_official_style_baseline,2026-08-24T00:00:39+00:00,2026-08-24T00:01:06+00:00,UNAVAILABLE,true,3f3e3dae7213b8c0e808a235e1c794ff96ebeb981ef4091a93287591f8a5416a,6069c761f5ad36c25f9cbd461d11eb1805686a3020a8bd9f494e25570b9cbcd9,903cb4411d0af3319f6683d95037f4bcd7186ac71157a8bc6810c4bb8dd08b8b,137,RTX 3090 physical GPU 4; Linux-5.4.0-150-generic-x86_64-with-glibc2.27; torch 2.6.0+cu124; FAISS CPU,upstream-patchcore-wrn50-l2-l3-p01-official-style,official_style_up_to_100_normal_30_seen_anomaly,/home/CuiMinghao/projects/AOI2026/EvoInspect_130_Research_Kit/reports/experiments/upstream-patchcore-100-30-mvtec15-5seed-8gpu-20260823T235656Z-29160/runs/upstream-pc-100-30-bottle-s137-20260823T235656Z-29160/metrics.json,/home/CuiMinghao/projects/AOI2026/EvoInspect_130_Research_Kit/reports/experiments/upstream-patchcore-100-30-mvtec15-5seed-8gpu-20260823T235656Z-29160/runs/upstream-pc-100-30-bottle-s137-20260823T235656Z-29160/model,,Pinned upstream fcaa92f124fb1ad74a7acf56726decd4b27cbcad; category=mvtec_ad_bottle; support anomalies unused by PatchCore memory
upstream-pc-100-30-cable-s133-20260823T235656Z-29160,completed_official_style_baseline,2026-08-23T23:57:56+00:00,2026-08-23T23:58:36+00:00,UNAVAILABLE,true,3f3e3dae7213b8c0e808a235e1c794ff96ebeb981ef4091a93287591f8a5416a,6069c761f5ad36c25f9cbd461d11eb1805686a3020a8bd9f494e25570b9cbcd9,44d250d515ab446b3e2eacb667bda3ab50be01ce280738673d5b7e2f373bdce3,133,RTX 3090 physical GPU 2; Linux-5.4.0-150-generic-x86_64-with-glibc2.27; torch 2.6.0+cu124; FAISS CPU,upstream-patchcore-wrn50-l2-l3-p01-official-style,official_style_up_to_100_normal_30_seen_anomaly,/home/CuiMinghao/projects/AOI2026/EvoInspect_130_Research_Kit/reports/experiments/upstream-patchcore-100-30-mvtec15-5seed-8gpu-20260823T235656Z-29160/runs/upstream-pc-100-30-cable-s133-20260823T235656Z-29160/metrics.json,/home/CuiMinghao/projects/AOI2026/EvoInspect_130_Research_Kit/reports/experiments/upstream-patchcore-100-30-mvtec15-5seed-8gpu-20260823T235656Z-29160/runs/upstream-pc-100-30-cable-s133-20260823T235656Z-29160/model,,Pinned upstream fcaa92f124fb1ad74a7acf56726decd4b27cbcad; category=mvtec_ad_cable; support anomalies unused by PatchCore memory
upstream-pc-100-30-cable-s134-20260823T235656Z-29160,completed_official_style_baseline,2026-08-23T23:57:57+00:00,2026-08-23T23:58:37+00:00,UNAVAILABLE,true,3f3e3dae7213b8c0e808a235e1c794ff96ebeb981ef4091a93287591f8a5416a,6069c761f5ad36c25f9cbd461d11eb1805686a3020a8bd9f494e25570b9cbcd9,74d20e1ddf657289767e52a0d11015fb60a0c9b4f5190aece7c0db8d599f5103,134,RTX 3090 physical GPU 3; Linux-5.4.0-150-generic-x86_64-with-glibc2.27; torch 2.6.0+cu124; FAISS CPU,upstream-patchcore-wrn50-l2-l3-p01-official-style,official_style_up_to_100_normal_30_seen_anomaly,/home/CuiMinghao/projects/AOI2026/EvoInspect_130_Research_Kit/reports/experiments/upstream-patchcore-100-30-mvtec15-5seed-8gpu-20260823T235656Z-29160/runs/upstream-pc-100-30-cable-s134-20260823T235656Z-29160/metrics.json,/home/CuiMinghao/projects/AOI2026/EvoInspect_130_Research_Kit/reports/experiments/upstream-patchcore-100-30-mvtec15-5seed-8gpu-20260823T235656Z-29160/runs/upstream-pc-100-30-cable-s134-20260823T235656Z-29160/model,,Pinned upstream fcaa92f124fb1ad74a7acf56726decd4b27cbcad; category=mvtec_ad_cable; support anomalies unused by PatchCore memory
upstream-pc-100-30-cable-s135-20260823T235656Z-29160,completed_official_style_baseline,2026-08-23T23:57:55+00:00,2026-08-23T23:58:34+00:00,UNAVAILABLE,true,3f3e3dae7213b8c0e808a235e1c794ff96ebeb981ef4091a93287591f8a5416a,6069c761f5ad36c25f9cbd461d11eb1805686a3020a8bd9f494e25570b9cbcd9,0e5197fd819ea11529ff6b215a3c922176ac3dc3d40dc94334bd93fd2053f247,135,RTX 3090 physical GPU 4; Linux-5.4.0-150-generic-x86_64-with-glibc2.27; torch 2.6.0+cu124; FAISS CPU,upstream-patchcore-wrn50-l2-l3-p01-official-style,official_style_up_to_100_normal_30_seen_anomaly,/home/CuiMinghao/projects/AOI2026/EvoInspect_130_Research_Kit/reports/experiments/upstream-patchcore-100-30-mvtec15-5seed-8gpu-20260823T235656Z-29160/runs/upstream-pc-100-30-cable-s135-20260823T235656Z-29160/metrics.json,/home/CuiMinghao/projects/AOI2026/EvoInspect_130_Research_Kit/reports/experiments/upstream-patchcore-100-30-mvtec15-5seed-8gpu-20260823T235656Z-29160/runs/upstream-pc-100-30-cable-s135-20260823T235656Z-29160/model,,Pinned upstream fcaa92f124fb1ad74a7acf56726decd4b27cbcad; category=mvtec_ad_cable; support anomalies unused by PatchCore memory
upstream-pc-100-30-cable-s136-20260823T235656Z-29160,completed_official_style_baseline,2026-08-23T23:57:55+00:00,2026-08-23T23:58:37+00:00,UNAVAILABLE,true,3f3e3dae7213b8c0e808a235e1c794ff96ebeb981ef4091a93287591f8a5416a,6069c761f5ad36c25f9cbd461d11eb1805686a3020a8bd9f494e25570b9cbcd9,22af06fb4d025b9448e8dac5976c4765da132b95fee682fb77083543df61af19,136,RTX 3090 physical GPU 5; Linux-5.4.0-150-generic-x86_64-with-glibc2.27; torch 2.6.0+cu124; FAISS CPU,upstream-patchcore-wrn50-l2-l3-p01-official-style,official_style_up_to_100_normal_30_seen_anomaly,/home/CuiMinghao/projects/AOI2026/EvoInspect_130_Research_Kit/reports/experiments/upstream-patchcore-100-30-mvtec15-5seed-8gpu-20260823T235656Z-29160/runs/upstream-pc-100-30-cable-s136-20260823T235656Z-29160/metrics.json,/home/CuiMinghao/projects/AOI2026/EvoInspect_130_Research_Kit/reports/experiments/upstream-patchcore-100-30-mvtec15-5seed-8gpu-20260823T235656Z-29160/runs/upstream-pc-100-30-cable-s136-20260823T235656Z-29160/model,,Pinned upstream fcaa92f124fb1ad74a7acf56726decd4b27cbcad; category=mvtec_ad_cable; support anomalies unused by PatchCore memory
upstream-pc-100-30-cable-s137-20260823T235656Z-29160,completed_official_style_baseline,2026-08-23T23:57:54+00:00,2026-08-23T23:58:34+00:00,UNAVAILABLE,true,3f3e3dae7213b8c0e808a235e1c794ff96ebeb981ef4091a93287591f8a5416a,6069c761f5ad36c25f9cbd461d11eb1805686a3020a8bd9f494e25570b9cbcd9,40a57c3e2d38f3513a16f2b2cde8a7e025581e3c87ca420df871f1e3e8fdf30c,137,RTX 3090 physical GPU 6; Linux-5.4.0-150-generic-x86_64-with-glibc2.27; torch 2.6.0+cu124; FAISS CPU,upstream-patchcore-wrn50-l2-l3-p01-official-style,official_style_up_to_100_normal_30_seen_anomaly,/home/CuiMinghao/projects/AOI2026/EvoInspect_130_Research_Kit/reports/experiments/upstream-patchcore-100-30-mvtec15-5seed-8gpu-20260823T235656Z-29160/runs/upstream-pc-100-30-cable-s137-20260823T235656Z-29160/metrics.json,/home/CuiMinghao/projects/AOI2026/EvoInspect_130_Research_Kit/reports/experiments/upstream-patchcore-100-30-mvtec15-5seed-8gpu-20260823T235656Z-29160/runs/upstream-pc-100-30-cable-s137-20260823T235656Z-29160/model,,Pinned upstream fcaa92f124fb1ad74a7acf56726decd4b27cbcad; category=mvtec_ad_cable; support anomalies unused by PatchCore memory
upstream-pc-100-30-capsule-s133-20260823T235656Z-29160,completed_official_style_baseline,2026-08-23T23:57:07+00:00,2026-08-23T23:57:47+00:00,UNAVAILABLE,true,3f3e3dae7213b8c0e808a235e1c794ff96ebeb981ef4091a93287591f8a5416a,6069c761f5ad36c25f9cbd461d11eb1805686a3020a8bd9f494e25570b9cbcd9,873c63b8ee4f928eca06351184f473bbebe9d9835156f009a1c076e5350c4adc,133,RTX 3090 physical GPU 5; Linux-5.4.0-150-generic-x86_64-with-glibc2.27; torch 2.6.0+cu124; FAISS CPU,upstream-patchcore-wrn50-l2-l3-p01-official-style,official_style_up_to_100_normal_30_seen_anomaly,/home/CuiMinghao/projects/AOI2026/EvoInspect_130_Research_Kit/reports/experiments/upstream-patchcore-100-30-mvtec15-5seed-8gpu-20260823T235656Z-29160/runs/upstream-pc-100-30-capsule-s133-20260823T235656Z-29160/metrics.json,/home/CuiMinghao/projects/AOI2026/EvoInspect_130_Research_Kit/reports/experiments/upstream-patchcore-100-30-mvtec15-5seed-8gpu-20260823T235656Z-29160/runs/upstream-pc-100-30-capsule-s133-20260823T235656Z-29160/model,,Pinned upstream fcaa92f124fb1ad74a7acf56726decd4b27cbcad; category=mvtec_ad_capsule; support anomalies unused by PatchCore memory
upstream-pc-100-30-capsule-s134-20260823T235656Z-29160,completed_official_style_baseline,2026-08-23T23:57:07+00:00,2026-08-23T23:57:46+00:00,UNAVAILABLE,true,3f3e3dae7213b8c0e808a235e1c794ff96ebeb981ef4091a93287591f8a5416a,6069c761f5ad36c25f9cbd461d11eb1805686a3020a8bd9f494e25570b9cbcd9,e2b2829f495a760233ac47fddd35d69e0d80bae453052173f7a3c10fc340dc3c,134,RTX 3090 physical GPU 6; Linux-5.4.0-150-generic-x86_64-with-glibc2.27; torch 2.6.0+cu124; FAISS CPU,upstream-patchcore-wrn50-l2-l3-p01-official-style,official_style_up_to_100_normal_30_seen_anomaly,/home/CuiMinghao/projects/AOI2026/EvoInspect_130_Research_Kit/reports/experiments/upstream-patchcore-100-30-mvtec15-5seed-8gpu-20260823T235656Z-29160/runs/upstream-pc-100-30-capsule-s134-20260823T235656Z-29160/metrics.json,/home/CuiMinghao/projects/AOI2026/EvoInspect_130_Research_Kit/reports/experiments/upstream-patchcore-100-30-mvtec15-5seed-8gpu-20260823T235656Z-29160/runs/upstream-pc-100-30-capsule-s134-20260823T235656Z-29160/model,,Pinned upstream fcaa92f124fb1ad74a7acf56726decd4b27cbcad; category=mvtec_ad_capsule; support anomalies unused by PatchCore memory
upstream-pc-100-30-capsule-s135-20260823T235656Z-29160,completed_official_style_baseline,2026-08-23T23:57:07+00:00,2026-08-23T23:57:46+00:00,UNAVAILABLE,true,3f3e3dae7213b8c0e808a235e1c794ff96ebeb981ef4091a93287591f8a5416a,6069c761f5ad36c25f9cbd461d11eb1805686a3020a8bd9f494e25570b9cbcd9,2d30fd4758572ba7824e38eb526a450cf122adbf161316266da9e8cf9fa56348,135,RTX 3090 physical GPU 7; Linux-5.4.0-150-generic-x86_64-with-glibc2.27; torch 2.6.0+cu124; FAISS CPU,upstream-patchcore-wrn50-l2-l3-p01-official-style,official_style_up_to_100_normal_30_seen_anomaly,/home/CuiMinghao/projects/AOI2026/EvoInspect_130_Research_Kit/reports/experiments/upstream-patchcore-100-30-mvtec15-5seed-8gpu-20260823T235656Z-29160/runs/upstream-pc-100-30-capsule-s135-20260823T235656Z-29160/metrics.json,/home/CuiMinghao/projects/AOI2026/EvoInspect_130_Research_Kit/reports/experiments/upstream-patchcore-100-30-mvtec15-5seed-8gpu-20260823T235656Z-29160/runs/upstream-pc-100-30-capsule-s135-20260823T235656Z-29160/model,,Pinned upstream fcaa92f124fb1ad74a7acf56726decd4b27cbcad; category=mvtec_ad_capsule; support anomalies unused by PatchCore memory
upstream-pc-100-30-capsule-s136-20260823T235656Z-29160,completed_official_style_baseline,2026-08-23T23:57:55+00:00,2026-08-23T23:58:34+00:00,UNAVAILABLE,true,3f3e3dae7213b8c0e808a235e1c794ff96ebeb981ef4091a93287591f8a5416a,6069c761f5ad36c25f9cbd461d11eb1805686a3020a8bd9f494e25570b9cbcd9,d4ab520735a0a5c7a66914ec6730ca5fe721c2cfe8d3ad707f965920f6967e96,136,RTX 3090 physical GPU 0; Linux-5.4.0-150-generic-x86_64-with-glibc2.27; torch 2.6.0+cu124; FAISS CPU,upstream-patchcore-wrn50-l2-l3-p01-official-style,official_style_up_to_100_normal_30_seen_anomaly,/home/CuiMinghao/projects/AOI2026/EvoInspect_130_Research_Kit/reports/experiments/upstream-patchcore-100-30-mvtec15-5seed-8gpu-20260823T235656Z-29160/runs/upstream-pc-100-30-capsule-s136-20260823T235656Z-29160/metrics.json,/home/CuiMinghao/projects/AOI2026/EvoInspect_130_Research_Kit/reports/experiments/upstream-patchcore-100-30-mvtec15-5seed-8gpu-20260823T235656Z-29160/runs/upstream-pc-100-30-capsule-s136-20260823T235656Z-29160/model,,Pinned upstream fcaa92f124fb1ad74a7acf56726decd4b27cbcad; category=mvtec_ad_capsule; support anomalies unused by PatchCore memory
upstream-pc-100-30-capsule-s137-20260823T235656Z-29160,completed_official_style_baseline,2026-08-23T23:57:55+00:00,2026-08-23T23:58:34+00:00,UNAVAILABLE,true,3f3e3dae7213b8c0e808a235e1c794ff96ebeb981ef4091a93287591f8a5416a,6069c761f5ad36c25f9cbd461d11eb1805686a3020a8bd9f494e25570b9cbcd9,30003eee276e2a626b179282e131dba3d1b3f6afffc012bebfc40961bbf74f50,137,RTX 3090 physical GPU 1; Linux-5.4.0-150-generic-x86_64-with-glibc2.27; torch 2.6.0+cu124; FAISS CPU,upstream-patchcore-wrn50-l2-l3-p01-official-style,official_style_up_to_100_normal_30_seen_anomaly,/home/CuiMinghao/projects/AOI2026/EvoInspect_130_Research_Kit/reports/experiments/upstream-patchcore-100-30-mvtec15-5seed-8gpu-20260823T235656Z-29160/runs/upstream-pc-100-30-capsule-s137-20260823T235656Z-29160/metrics.json,/home/CuiMinghao/projects/AOI2026/EvoInspect_130_Research_Kit/reports/experiments/upstream-patchcore-100-30-mvtec15-5seed-8gpu-20260823T235656Z-29160/runs/upstream-pc-100-30-capsule-s137-20260823T235656Z-29160/model,,Pinned upstream fcaa92f124fb1ad74a7acf56726decd4b27cbcad; category=mvtec_ad_capsule; support anomalies unused by PatchCore memory
upstream-pc-100-30-carpet-s133-20260823T235656Z-29160,completed_official_style_baseline,2026-08-24T00:01:16+00:00,2026-08-24T00:01:49+00:00,UNAVAILABLE,true,3f3e3dae7213b8c0e808a235e1c794ff96ebeb981ef4091a93287591f8a5416a,6069c761f5ad36c25f9cbd461d11eb1805686a3020a8bd9f494e25570b9cbcd9,6130cf3a7856e02e878e3d3c02649992860a71231faa7eff5a5475342107be13,133,RTX 3090 physical GPU 2; Linux-5.4.0-150-generic-x86_64-with-glibc2.27; torch 2.6.0+cu124; FAISS CPU,upstream-patchcore-wrn50-l2-l3-p01-official-style,official_style_up_to_100_normal_30_seen_anomaly,/home/CuiMinghao/projects/AOI2026/EvoInspect_130_Research_Kit/reports/experiments/upstream-patchcore-100-30-mvtec15-5seed-8gpu-20260823T235656Z-29160/runs/upstream-pc-100-30-carpet-s133-20260823T235656Z-29160/metrics.json,/home/CuiMinghao/projects/AOI2026/EvoInspect_130_Research_Kit/reports/experiments/upstream-patchcore-100-30-mvtec15-5seed-8gpu-20260823T235656Z-29160/runs/upstream-pc-100-30-carpet-s133-20260823T235656Z-29160/model,,Pinned upstream fcaa92f124fb1ad74a7acf56726decd4b27cbcad; category=mvtec_ad_carpet; support anomalies unused by PatchCore memory
upstream-pc-100-30-carpet-s134-20260823T235656Z-29160,completed_official_style_baseline,2026-08-24T00:01:24+00:00,2026-08-24T00:01:58+00:00,UNAVAILABLE,true,3f3e3dae7213b8c0e808a235e1c794ff96ebeb981ef4091a93287591f8a5416a,6069c761f5ad36c25f9cbd461d11eb1805686a3020a8bd9f494e25570b9cbcd9,69ce451134b08db3b6b37c8b954aa7ba3784eece73df1a26830bea458ff926b6,134,RTX 3090 physical GPU 3; Linux-5.4.0-150-generic-x86_64-with-glibc2.27; torch 2.6.0+cu124; FAISS CPU,upstream-patchcore-wrn50-l2-l3-p01-official-style,official_style_up_to_100_normal_30_seen_anomaly,/home/CuiMinghao/projects/AOI2026/EvoInspect_130_Research_Kit/reports/experiments/upstream-patchcore-100-30-mvtec15-5seed-8gpu-20260823T235656Z-29160/runs/upstream-pc-100-30-carpet-s134-20260823T235656Z-29160/metrics.json,/home/CuiMinghao/projects/AOI2026/EvoInspect_130_Research_Kit/reports/experiments/upstream-patchcore-100-30-mvtec15-5seed-8gpu-20260823T235656Z-29160/runs/upstream-pc-100-30-carpet-s134-20260823T235656Z-29160/model,,Pinned upstream fcaa92f124fb1ad74a7acf56726decd4b27cbcad; category=mvtec_ad_carpet; support anomalies unused by PatchCore memory
upstream-pc-100-30-carpet-s135-20260823T235656Z-29160,completed_official_style_baseline,2026-08-24T00:01:14+00:00,2026-08-24T00:01:48+00:00,UNAVAILABLE,true,3f3e3dae7213b8c0e808a235e1c794ff96ebeb981ef4091a93287591f8a5416a,6069c761f5ad36c25f9cbd461d11eb1805686a3020a8bd9f494e25570b9cbcd9,b6b5ff425bb9322d4f424e7e70f676203a35d316f1b6715b7820976273d513ed,135,RTX 3090 physical GPU 4; Linux-5.4.0-150-generic-x86_64-with-glibc2.27; torch 2.6.0+cu124; FAISS CPU,upstream-patchcore-wrn50-l2-l3-p01-official-style,official_style_up_to_100_normal_30_seen_anomaly,/home/CuiMinghao/projects/AOI2026/EvoInspect_130_Research_Kit/reports/experiments/upstream-patchcore-100-30-mvtec15-5seed-8gpu-20260823T235656Z-29160/runs/upstream-pc-100-30-carpet-s135-20260823T235656Z-29160/metrics.json,/home/CuiMinghao/projects/AOI2026/EvoInspect_130_Research_Kit/reports/experiments/upstream-patchcore-100-30-mvtec15-5seed-8gpu-20260823T235656Z-29160/runs/upstream-pc-100-30-carpet-s135-20260823T235656Z-29160/model,,Pinned upstream fcaa92f124fb1ad74a7acf56726decd4b27cbcad; category=mvtec_ad_carpet; support anomalies unused by PatchCore memory
upstream-pc-100-30-carpet-s136-20260823T235656Z-29160,completed_official_style_baseline,2026-08-24T00:01:27+00:00,2026-08-24T00:02:00+00:00,UNAVAILABLE,true,3f3e3dae7213b8c0e808a235e1c794ff96ebeb981ef4091a93287591f8a5416a,6069c761f5ad36c25f9cbd461d11eb1805686a3020a8bd9f494e25570b9cbcd9,3244b12d0282269ab7073fb6bfe779e061bdecb08e0dd60ec430f79691c01fb1,136,RTX 3090 physical GPU 5; Linux-5.4.0-150-generic-x86_64-with-glibc2.27; torch 2.6.0+cu124; FAISS CPU,upstream-patchcore-wrn50-l2-l3-p01-official-style,official_style_up_to_100_normal_30_seen_anomaly,/home/CuiMinghao/projects/AOI2026/EvoInspect_130_Research_Kit/reports/experiments/upstream-patchcore-100-30-mvtec15-5seed-8gpu-20260823T235656Z-29160/runs/upstream-pc-100-30-carpet-s136-20260823T235656Z-29160/metrics.json,/home/CuiMinghao/projects/AOI2026/EvoInspect_130_Research_Kit/reports/experiments/upstream-patchcore-100-30-mvtec15-5seed-8gpu-20260823T235656Z-29160/runs/upstream-pc-100-30-carpet-s136-20260823T235656Z-29160/model,,Pinned upstream fcaa92f124fb1ad74a7acf56726decd4b27cbcad; category=mvtec_ad_carpet; support anomalies unused by PatchCore memory
upstream-pc-100-30-carpet-s137-20260823T235656Z-29160,completed_official_style_baseline,2026-08-24T00:01:11+00:00,2026-08-24T00:01:44+00:00,UNAVAILABLE,true,3f3e3dae7213b8c0e808a235e1c794ff96ebeb981ef4091a93287591f8a5416a,6069c761f5ad36c25f9cbd461d11eb1805686a3020a8bd9f494e25570b9cbcd9,c539c24e36439e81c75da6e4a4a14694425b40d77ec38afeb5c71a7cdfd8e669,137,RTX 3090 physical GPU 6; Linux-5.4.0-150-generic-x86_64-with-glibc2.27; torch 2.6.0+cu124; FAISS CPU,upstream-patchcore-wrn50-l2-l3-p01-official-style,official_style_up_to_100_normal_30_seen_anomaly,/home/CuiMinghao/projects/AOI2026/EvoInspect_130_Research_Kit/reports/experiments/upstream-patchcore-100-30-mvtec15-5seed-8gpu-20260823T235656Z-29160/runs/upstream-pc-100-30-carpet-s137-20260823T235656Z-29160/metrics.json,/home/CuiMinghao/projects/AOI2026/EvoInspect_130_Research_Kit/reports/experiments/upstream-patchcore-100-30-mvtec15-5seed-8gpu-20260823T235656Z-29160/runs/upstream-pc-100-30-carpet-s137-20260823T235656Z-29160/model,,Pinned upstream fcaa92f124fb1ad74a7acf56726decd4b27cbcad; category=mvtec_ad_carpet; support anomalies unused by PatchCore memory
upstream-pc-100-30-grid-s133-20260823T235656Z-29160,completed_official_style_baseline,2026-08-24T00:00:14+00:00,2026-08-24T00:00:41+00:00,UNAVAILABLE,true,3f3e3dae7213b8c0e808a235e1c794ff96ebeb981ef4091a93287591f8a5416a,6069c761f5ad36c25f9cbd461d11eb1805686a3020a8bd9f494e25570b9cbcd9,9e843af588bde84c033721eb56d5fb654f467e72eab330c51b25dae0db17b07a,133,RTX 3090 physical GPU 3; Linux-5.4.0-150-generic-x86_64-with-glibc2.27; torch 2.6.0+cu124; FAISS CPU,upstream-patchcore-wrn50-l2-l3-p01-official-style,official_style_up_to_100_normal_30_seen_anomaly,/home/CuiMinghao/projects/AOI2026/EvoInspect_130_Research_Kit/reports/experiments/upstream-patchcore-100-30-mvtec15-5seed-8gpu-20260823T235656Z-29160/runs/upstream-pc-100-30-grid-s133-20260823T235656Z-29160/metrics.json,/home/CuiMinghao/projects/AOI2026/EvoInspect_130_Research_Kit/reports/experiments/upstream-patchcore-100-30-mvtec15-5seed-8gpu-20260823T235656Z-29160/runs/upstream-pc-100-30-grid-s133-20260823T235656Z-29160/model,,Pinned upstream fcaa92f124fb1ad74a7acf56726decd4b27cbcad; category=mvtec_ad_grid; support anomalies unused by PatchCore memory
upstream-pc-100-30-grid-s134-20260823T235656Z-29160,completed_official_style_baseline,2026-08-24T00:00:04+00:00,2026-08-24T00:00:30+00:00,UNAVAILABLE,true,3f3e3dae7213b8c0e808a235e1c794ff96ebeb981ef4091a93287591f8a5416a,6069c761f5ad36c25f9cbd461d11eb1805686a3020a8bd9f494e25570b9cbcd9,2d4323ab808719e5fd065501c9ff4dd9bfd93e18868e607a5c02a344f8c9769e,134,RTX 3090 physical GPU 4; Linux-5.4.0-150-generic-x86_64-with-glibc2.27; torch 2.6.0+cu124; FAISS CPU,upstream-patchcore-wrn50-l2-l3-p01-official-style,official_style_up_to_100_normal_30_seen_anomaly,/home/CuiMinghao/projects/AOI2026/EvoInspect_130_Research_Kit/reports/experiments/upstream-patchcore-100-30-mvtec15-5seed-8gpu-20260823T235656Z-29160/runs/upstream-pc-100-30-grid-s134-20260823T235656Z-29160/metrics.json,/home/CuiMinghao/projects/AOI2026/EvoInspect_130_Research_Kit/reports/experiments/upstream-patchcore-100-30-mvtec15-5seed-8gpu-20260823T235656Z-29160/runs/upstream-pc-100-30-grid-s134-20260823T235656Z-29160/model,,Pinned upstream fcaa92f124fb1ad74a7acf56726decd4b27cbcad; category=mvtec_ad_grid; support anomalies unused by PatchCore memory
upstream-pc-100-30-grid-s135-20260823T235656Z-29160,completed_official_style_baseline,2026-08-24T00:00:07+00:00,2026-08-24T00:00:34+00:00,UNAVAILABLE,true,3f3e3dae7213b8c0e808a235e1c794ff96ebeb981ef4091a93287591f8a5416a,6069c761f5ad36c25f9cbd461d11eb1805686a3020a8bd9f494e25570b9cbcd9,c92937d8ddc1c68c56a04a5936104b7e5cf27aff94bb521309130f7ccd196d49,135,RTX 3090 physical GPU 5; Linux-5.4.0-150-generic-x86_64-with-glibc2.27; torch 2.6.0+cu124; FAISS CPU,upstream-patchcore-wrn50-l2-l3-p01-official-style,official_style_up_to_100_normal_30_seen_anomaly,/home/CuiMinghao/projects/AOI2026/EvoInspect_130_Research_Kit/reports/experiments/upstream-patchcore-100-30-mvtec15-5seed-8gpu-20260823T235656Z-29160/runs/upstream-pc-100-30-grid-s135-20260823T235656Z-29160/metrics.json,/home/CuiMinghao/projects/AOI2026/EvoInspect_130_Research_Kit/reports/experiments/upstream-patchcore-100-30-mvtec15-5seed-8gpu-20260823T235656Z-29160/runs/upstream-pc-100-30-grid-s135-20260823T235656Z-29160/model,,Pinned upstream fcaa92f124fb1ad74a7acf56726decd4b27cbcad; category=mvtec_ad_grid; support anomalies unused by PatchCore memory
upstream-pc-100-30-grid-s136-20260823T235656Z-29160,completed_official_style_baseline,2026-08-23T23:59:52+00:00,2026-08-24T00:00:18+00:00,UNAVAILABLE,true,3f3e3dae7213b8c0e808a235e1c794ff96ebeb981ef4091a93287591f8a5416a,6069c761f5ad36c25f9cbd461d11eb1805686a3020a8bd9f494e25570b9cbcd9,22e8f04c29b5bdb6e27c40f1b430ed6db714977ebf732d8b6120014c44b81c92,136,RTX 3090 physical GPU 6; Linux-5.4.0-150-generic-x86_64-with-glibc2.27; torch 2.6.0+cu124; FAISS CPU,upstream-patchcore-wrn50-l2-l3-p01-official-style,official_style_up_to_100_normal_30_seen_anomaly,/home/CuiMinghao/projects/AOI2026/EvoInspect_130_Research_Kit/reports/experiments/upstream-patchcore-100-30-mvtec15-5seed-8gpu-20260823T235656Z-29160/runs/upstream-pc-100-30-grid-s136-20260823T235656Z-29160/metrics.json,/home/CuiMinghao/projects/AOI2026/EvoInspect_130_Research_Kit/reports/experiments/upstream-patchcore-100-30-mvtec15-5seed-8gpu-20260823T235656Z-29160/runs/upstream-pc-100-30-grid-s136-20260823T235656Z-29160/model,,Pinned upstream fcaa92f124fb1ad74a7acf56726decd4b27cbcad; category=mvtec_ad_grid; support anomalies unused by PatchCore memory
upstream-pc-100-30-grid-s137-20260823T235656Z-29160,completed_official_style_baseline,2026-08-23T23:59:53+00:00,2026-08-24T00:00:20+00:00,UNAVAILABLE,true,3f3e3dae7213b8c0e808a235e1c794ff96ebeb981ef4091a93287591f8a5416a,6069c761f5ad36c25f9cbd461d11eb1805686a3020a8bd9f494e25570b9cbcd9,2cd10e6309c53fd279bfdecec86ea01ff0580248a1857ffba2ac2fe1d0631b9f,137,RTX 3090 physical GPU 7; Linux-5.4.0-150-generic-x86_64-with-glibc2.27; torch 2.6.0+cu124; FAISS CPU,upstream-patchcore-wrn50-l2-l3-p01-official-style,official_style_up_to_100_normal_30_seen_anomaly,/home/CuiMinghao/projects/AOI2026/EvoInspect_130_Research_Kit/reports/experiments/upstream-patchcore-100-30-mvtec15-5seed-8gpu-20260823T235656Z-29160/runs/upstream-pc-100-30-grid-s137-20260823T235656Z-29160/metrics.json,/home/CuiMinghao/projects/AOI2026/EvoInspect_130_Research_Kit/reports/experiments/upstream-patchcore-100-30-mvtec15-5seed-8gpu-20260823T235656Z-29160/runs/upstream-pc-100-30-grid-s137-20260823T235656Z-29160/model,,Pinned upstream fcaa92f124fb1ad74a7acf56726decd4b27cbcad; category=mvtec_ad_grid; support anomalies unused by PatchCore memory
upstream-pc-100-30-hazelnut-s133-20260823T235656Z-29160,completed_official_style_baseline,2026-08-24T00:01:56+00:00,2026-08-24T00:02:29+00:00,UNAVAILABLE,true,3f3e3dae7213b8c0e808a235e1c794ff96ebeb981ef4091a93287591f8a5416a,6069c761f5ad36c25f9cbd461d11eb1805686a3020a8bd9f494e25570b9cbcd9,e3141de4087d57330ce2ab284484a3ee18cecd0ed2e3501dd07d0c501e992735,133,RTX 3090 physical GPU 4; Linux-5.4.0-150-generic-x86_64-with-glibc2.27; torch 2.6.0+cu124; FAISS CPU,upstream-patchcore-wrn50-l2-l3-p01-official-style,official_style_up_to_100_normal_30_seen_anomaly,/home/CuiMinghao/projects/AOI2026/EvoInspect_130_Research_Kit/reports/experiments/upstream-patchcore-100-30-mvtec15-5seed-8gpu-20260823T235656Z-29160/runs/upstream-pc-100-30-hazelnut-s133-20260823T235656Z-29160/metrics.json,/home/CuiMinghao/projects/AOI2026/EvoInspect_130_Research_Kit/reports/experiments/upstream-patchcore-100-30-mvtec15-5seed-8gpu-20260823T235656Z-29160/runs/upstream-pc-100-30-hazelnut-s133-20260823T235656Z-29160/model,,Pinned upstream fcaa92f124fb1ad74a7acf56726decd4b27cbcad; category=mvtec_ad_hazelnut; support anomalies unused by PatchCore memory
upstream-pc-100-30-hazelnut-s134-20260823T235656Z-29160,completed_official_style_baseline,2026-08-24T00:02:08+00:00,2026-08-24T00:02:40+00:00,UNAVAILABLE,true,3f3e3dae7213b8c0e808a235e1c794ff96ebeb981ef4091a93287591f8a5416a,6069c761f5ad36c25f9cbd461d11eb1805686a3020a8bd9f494e25570b9cbcd9,afdf63afe6e08fba38e1295b0932c90d4ec92bd142488678134040635de7b99e,134,RTX 3090 physical GPU 5; Linux-5.4.0-150-generic-x86_64-with-glibc2.27; torch 2.6.0+cu124; FAISS CPU,upstream-patchcore-wrn50-l2-l3-p01-official-style,official_style_up_to_100_normal_30_seen_anomaly,/home/CuiMinghao/projects/AOI2026/EvoInspect_130_Research_Kit/reports/experiments/upstream-patchcore-100-30-mvtec15-5seed-8gpu-20260823T235656Z-29160/runs/upstream-pc-100-30-hazelnut-s134-20260823T235656Z-29160/metrics.json,/home/CuiMinghao/projects/AOI2026/EvoInspect_130_Research_Kit/reports/experiments/upstream-patchcore-100-30-mvtec15-5seed-8gpu-20260823T235656Z-29160/runs/upstream-pc-100-30-hazelnut-s134-20260823T235656Z-29160/model,,Pinned upstream fcaa92f124fb1ad74a7acf56726decd4b27cbcad; category=mvtec_ad_hazelnut; support anomalies unused by PatchCore memory
upstream-pc-100-30-hazelnut-s135-20260823T235656Z-29160,completed_official_style_baseline,2026-08-24T00:01:52+00:00,2026-08-24T00:02:24+00:00,UNAVAILABLE,true,3f3e3dae7213b8c0e808a235e1c794ff96ebeb981ef4091a93287591f8a5416a,6069c761f5ad36c25f9cbd461d11eb1805686a3020a8bd9f494e25570b9cbcd9,a9dd93fe9d88e1636c46c12b1d9bfffd82ec9e02d00a99eb6977d11fa171ca7a,135,RTX 3090 physical GPU 6; Linux-5.4.0-150-generic-x86_64-with-glibc2.27; torch 2.6.0+cu124; FAISS CPU,upstream-patchcore-wrn50-l2-l3-p01-official-style,official_style_up_to_100_normal_30_seen_anomaly,/home/CuiMinghao/projects/AOI2026/EvoInspect_130_Research_Kit/reports/experiments/upstream-patchcore-100-30-mvtec15-5seed-8gpu-20260823T235656Z-29160/runs/upstream-pc-100-30-hazelnut-s135-20260823T235656Z-29160/metrics.json,/home/CuiMinghao/projects/AOI2026/EvoInspect_130_Research_Kit/reports/experiments/upstream-patchcore-100-30-mvtec15-5seed-8gpu-20260823T235656Z-29160/runs/upstream-pc-100-30-hazelnut-s135-20260823T235656Z-29160/model,,Pinned upstream fcaa92f124fb1ad74a7acf56726decd4b27cbcad; category=mvtec_ad_hazelnut; support anomalies unused by PatchCore memory
upstream-pc-100-30-hazelnut-s136-20260823T235656Z-29160,completed_official_style_baseline,2026-08-24T00:01:57+00:00,2026-08-24T00:02:29+00:00,UNAVAILABLE,true,3f3e3dae7213b8c0e808a235e1c794ff96ebeb981ef4091a93287591f8a5416a,6069c761f5ad36c25f9cbd461d11eb1805686a3020a8bd9f494e25570b9cbcd9,799d899698d3d60c1e72a2354e288a9be0b7fe864a967be06b145f3f4c8cc04d,136,RTX 3090 physical GPU 7; Linux-5.4.0-150-generic-x86_64-with-glibc2.27; torch 2.6.0+cu124; FAISS CPU,upstream-patchcore-wrn50-l2-l3-p01-official-style,official_style_up_to_100_normal_30_seen_anomaly,/home/CuiMinghao/projects/AOI2026/EvoInspect_130_Research_Kit/reports/experiments/upstream-patchcore-100-30-mvtec15-5seed-8gpu-20260823T235656Z-29160/runs/upstream-pc-100-30-hazelnut-s136-20260823T235656Z-29160/metrics.json,/home/CuiMinghao/projects/AOI2026/EvoInspect_130_Research_Kit/reports/experiments/upstream-patchcore-100-30-mvtec15-5seed-8gpu-20260823T235656Z-29160/runs/upstream-pc-100-30-hazelnut-s136-20260823T235656Z-29160/model,,Pinned upstream fcaa92f124fb1ad74a7acf56726decd4b27cbcad; category=mvtec_ad_hazelnut; support anomalies unused by PatchCore memory
upstream-pc-100-30-hazelnut-s137-20260823T235656Z-29160,completed_official_style_baseline,2026-08-24T00:02:41+00:00,2026-08-24T00:03:13+00:00,UNAVAILABLE,true,3f3e3dae7213b8c0e808a235e1c794ff96ebeb981ef4091a93287591f8a5416a,6069c761f5ad36c25f9cbd461d11eb1805686a3020a8bd9f494e25570b9cbcd9,2d891b79e0a0cd12e1d7a8a1778a6553f2146fe6a5e6f7dfa97c67246e874170,137,RTX 3090 physical GPU 0; Linux-5.4.0-150-generic-x86_64-with-glibc2.27; torch 2.6.0+cu124; FAISS CPU,upstream-patchcore-wrn50-l2-l3-p01-official-style,official_style_up_to_100_normal_30_seen_anomaly,/home/CuiMinghao/projects/AOI2026/EvoInspect_130_Research_Kit/reports/experiments/upstream-patchcore-100-30-mvtec15-5seed-8gpu-20260823T235656Z-29160/runs/upstream-pc-100-30-hazelnut-s137-20260823T235656Z-29160/metrics.json,/home/CuiMinghao/projects/AOI2026/EvoInspect_130_Research_Kit/reports/experiments/upstream-patchcore-100-30-mvtec15-5seed-8gpu-20260823T235656Z-29160/runs/upstream-pc-100-30-hazelnut-s137-20260823T235656Z-29160/model,,Pinned upstream fcaa92f124fb1ad74a7acf56726decd4b27cbcad; category=mvtec_ad_hazelnut; support anomalies unused by PatchCore memory
upstream-pc-100-30-leather-s133-20260823T235656Z-29160,completed_official_style_baseline,2026-08-24T00:01:14+00:00,2026-08-24T00:01:49+00:00,UNAVAILABLE,true,3f3e3dae7213b8c0e808a235e1c794ff96ebeb981ef4091a93287591f8a5416a,6069c761f5ad36c25f9cbd461d11eb1805686a3020a8bd9f494e25570b9cbcd9,e908cb92de17b55f96acfdf13ee4380ddb501cbf64079dea01bac9f9e92a5720,133,RTX 3090 physical GPU 7; Linux-5.4.0-150-generic-x86_64-with-glibc2.27; torch 2.6.0+cu124; FAISS CPU,upstream-patchcore-wrn50-l2-l3-p01-official-style,official_style_up_to_100_normal_30_seen_anomaly,/home/CuiMinghao/projects/AOI2026/EvoInspect_130_Research_Kit/reports/experiments/upstream-patchcore-100-30-mvtec15-5seed-8gpu-20260823T235656Z-29160/runs/upstream-pc-100-30-leather-s133-20260823T235656Z-29160/metrics.json,/home/CuiMinghao/projects/AOI2026/EvoInspect_130_Research_Kit/reports/experiments/upstream-patchcore-100-30-mvtec15-5seed-8gpu-20260823T235656Z-29160/runs/upstream-pc-100-30-leather-s133-20260823T235656Z-29160/model,,Pinned upstream fcaa92f124fb1ad74a7acf56726decd4b27cbcad; category=mvtec_ad_leather; support anomalies unused by PatchCore memory
upstream-pc-100-30-leather-s134-20260823T235656Z-29160,completed_official_style_baseline,2026-08-24T00:01:58+00:00,2026-08-24T00:02:32+00:00,UNAVAILABLE,true,3f3e3dae7213b8c0e808a235e1c794ff96ebeb981ef4091a93287591f8a5416a,6069c761f5ad36c25f9cbd461d11eb1805686a3020a8bd9f494e25570b9cbcd9,76bcf1ed9fc54fdc15f27f68920c7150303ad223f965d745f33465eb76bd5661,134,RTX 3090 physical GPU 0; Linux-5.4.0-150-generic-x86_64-with-glibc2.27; torch 2.6.0+cu124; FAISS CPU,upstream-patchcore-wrn50-l2-l3-p01-official-style,official_style_up_to_100_normal_30_seen_anomaly,/home/CuiMinghao/projects/AOI2026/EvoInspect_130_Research_Kit/reports/experiments/upstream-patchcore-100-30-mvtec15-5seed-8gpu-20260823T235656Z-29160/runs/upstream-pc-100-30-leather-s134-20260823T235656Z-29160/metrics.json,/home/CuiMinghao/projects/AOI2026/EvoInspect_130_Research_Kit/reports/experiments/upstream-patchcore-100-30-mvtec15-5seed-8gpu-20260823T235656Z-29160/runs/upstream-pc-100-30-leather-s134-20260823T235656Z-29160/model,,Pinned upstream fcaa92f124fb1ad74a7acf56726decd4b27cbcad; category=mvtec_ad_leather; support anomalies unused by PatchCore memory
upstream-pc-100-30-leather-s135-20260823T235656Z-29160,completed_official_style_baseline,2026-08-24T00:02:00+00:00,2026-08-24T00:02:33+00:00,UNAVAILABLE,true,3f3e3dae7213b8c0e808a235e1c794ff96ebeb981ef4091a93287591f8a5416a,6069c761f5ad36c25f9cbd461d11eb1805686a3020a8bd9f494e25570b9cbcd9,85d56a14d42266a19723355c970da1ec58ccf1cf99d235069df62cd89837efd8,135,RTX 3090 physical GPU 1; Linux-5.4.0-150-generic-x86_64-with-glibc2.27; torch 2.6.0+cu124; FAISS CPU,upstream-patchcore-wrn50-l2-l3-p01-official-style,official_style_up_to_100_normal_30_seen_anomaly,/home/CuiMinghao/projects/AOI2026/EvoInspect_130_Research_Kit/reports/experiments/upstream-patchcore-100-30-mvtec15-5seed-8gpu-20260823T235656Z-29160/runs/upstream-pc-100-30-leather-s135-20260823T235656Z-29160/metrics.json,/home/CuiMinghao/projects/AOI2026/EvoInspect_130_Research_Kit/reports/experiments/upstream-patchcore-100-30-mvtec15-5seed-8gpu-20260823T235656Z-29160/runs/upstream-pc-100-30-leather-s135-20260823T235656Z-29160/model,,Pinned upstream fcaa92f124fb1ad74a7acf56726decd4b27cbcad; category=mvtec_ad_leather; support anomalies unused by PatchCore memory
upstream-pc-100-30-leather-s136-20260823T235656Z-29160,completed_official_style_baseline,2026-08-24T00:01:58+00:00,2026-08-24T00:02:33+00:00,UNAVAILABLE,true,3f3e3dae7213b8c0e808a235e1c794ff96ebeb981ef4091a93287591f8a5416a,6069c761f5ad36c25f9cbd461d11eb1805686a3020a8bd9f494e25570b9cbcd9,ac3a188a039b513ac9d1a9ab9aa6aab5cd13cd7c51c7a78901a30ec49951f11d,136,RTX 3090 physical GPU 2; Linux-5.4.0-150-generic-x86_64-with-glibc2.27; torch 2.6.0+cu124; FAISS CPU,upstream-patchcore-wrn50-l2-l3-p01-official-style,official_style_up_to_100_normal_30_seen_anomaly,/home/CuiMinghao/projects/AOI2026/EvoInspect_130_Research_Kit/reports/experiments/upstream-patchcore-100-30-mvtec15-5seed-8gpu-20260823T235656Z-29160/runs/upstream-pc-100-30-leather-s136-20260823T235656Z-29160/metrics.json,/home/CuiMinghao/projects/AOI2026/EvoInspect_130_Research_Kit/reports/experiments/upstream-patchcore-100-30-mvtec15-5seed-8gpu-20260823T235656Z-29160/runs/upstream-pc-100-30-leather-s136-20260823T235656Z-29160/model,,Pinned upstream fcaa92f124fb1ad74a7acf56726decd4b27cbcad; category=mvtec_ad_leather; support anomalies unused by PatchCore memory
upstream-pc-100-30-leather-s137-20260823T235656Z-29160,completed_official_style_baseline,2026-08-24T00:02:06+00:00,2026-08-24T00:02:42+00:00,UNAVAILABLE,true,3f3e3dae7213b8c0e808a235e1c794ff96ebeb981ef4091a93287591f8a5416a,6069c761f5ad36c25f9cbd461d11eb1805686a3020a8bd9f494e25570b9cbcd9,17bf043a7059e24b7f8a39c79deb42ab4717a0657fd097290fe299d2c7eec02c,137,RTX 3090 physical GPU 3; Linux-5.4.0-150-generic-x86_64-with-glibc2.27; torch 2.6.0+cu124; FAISS CPU,upstream-patchcore-wrn50-l2-l3-p01-official-style,official_style_up_to_100_normal_30_seen_anomaly,/home/CuiMinghao/projects/AOI2026/EvoInspect_130_Research_Kit/reports/experiments/upstream-patchcore-100-30-mvtec15-5seed-8gpu-20260823T235656Z-29160/runs/upstream-pc-100-30-leather-s137-20260823T235656Z-29160/metrics.json,/home/CuiMinghao/projects/AOI2026/EvoInspect_130_Research_Kit/reports/experiments/upstream-patchcore-100-30-mvtec15-5seed-8gpu-20260823T235656Z-29160/runs/upstream-pc-100-30-leather-s137-20260823T235656Z-29160/model,,Pinned upstream fcaa92f124fb1ad74a7acf56726decd4b27cbcad; category=mvtec_ad_leather; support anomalies unused by PatchCore memory
upstream-pc-100-30-metal_nut-s133-20260823T235656Z-29160,completed_official_style_baseline,2026-08-24T00:02:41+00:00,2026-08-24T00:03:13+00:00,UNAVAILABLE,true,3f3e3dae7213b8c0e808a235e1c794ff96ebeb981ef4091a93287591f8a5416a,6069c761f5ad36c25f9cbd461d11eb1805686a3020a8bd9f494e25570b9cbcd9,d630edfe76182547abbd603bdfe22e53f576efc3d9acab23266bae6b1a51eb31,133,RTX 3090 physical GPU 1; Linux-5.4.0-150-generic-x86_64-with-glibc2.27; torch 2.6.0+cu124; FAISS CPU,upstream-patchcore-wrn50-l2-l3-p01-official-style,official_style_up_to_100_normal_30_seen_anomaly,/home/CuiMinghao/projects/AOI2026/EvoInspect_130_Research_Kit/reports/experiments/upstream-patchcore-100-30-mvtec15-5seed-8gpu-20260823T235656Z-29160/runs/upstream-pc-100-30-metal_nut-s133-20260823T235656Z-29160/metrics.json,/home/CuiMinghao/projects/AOI2026/EvoInspect_130_Research_Kit/reports/experiments/upstream-patchcore-100-30-mvtec15-5seed-8gpu-20260823T235656Z-29160/runs/upstream-pc-100-30-metal_nut-s133-20260823T235656Z-29160/model,,Pinned upstream fcaa92f124fb1ad74a7acf56726decd4b27cbcad; category=mvtec_ad_metal_nut; support anomalies unused by PatchCore memory
upstream-pc-100-30-metal_nut-s134-20260823T235656Z-29160,completed_official_style_baseline,2026-08-24T00:02:41+00:00,2026-08-24T00:03:13+00:00,UNAVAILABLE,true,3f3e3dae7213b8c0e808a235e1c794ff96ebeb981ef4091a93287591f8a5416a,6069c761f5ad36c25f9cbd461d11eb1805686a3020a8bd9f494e25570b9cbcd9,d690fae322ea388b0385d38a15c045f132748fc139ad3571225619c689eaffc2,134,RTX 3090 physical GPU 2; Linux-5.4.0-150-generic-x86_64-with-glibc2.27; torch 2.6.0+cu124; FAISS CPU,upstream-patchcore-wrn50-l2-l3-p01-official-style,official_style_up_to_100_normal_30_seen_anomaly,/home/CuiMinghao/projects/AOI2026/EvoInspect_130_Research_Kit/reports/experiments/upstream-patchcore-100-30-mvtec15-5seed-8gpu-20260823T235656Z-29160/runs/upstream-pc-100-30-metal_nut-s134-20260823T235656Z-29160/metrics.json,/home/CuiMinghao/projects/AOI2026/EvoInspect_130_Research_Kit/reports/experiments/upstream-patchcore-100-30-mvtec15-5seed-8gpu-20260823T235656Z-29160/runs/upstream-pc-100-30-metal_nut-s134-20260823T235656Z-29160/model,,Pinned upstream fcaa92f124fb1ad74a7acf56726decd4b27cbcad; category=mvtec_ad_metal_nut; support anomalies unused by PatchCore memory
upstream-pc-100-30-metal_nut-s135-20260823T235656Z-29160,completed_official_style_baseline,2026-08-24T00:02:50+00:00,2026-08-24T00:03:22+00:00,UNAVAILABLE,true,3f3e3dae7213b8c0e808a235e1c794ff96ebeb981ef4091a93287591f8a5416a,6069c761f5ad36c25f9cbd461d11eb1805686a3020a8bd9f494e25570b9cbcd9,58ec82677a6b028505459c9b1697efdf70180cbf4d3df9123d09a039478a3f06,135,RTX 3090 physical GPU 3; Linux-5.4.0-150-generic-x86_64-with-glibc2.27; torch 2.6.0+cu124; FAISS CPU,upstream-patchcore-wrn50-l2-l3-p01-official-style,official_style_up_to_100_normal_30_seen_anomaly,/home/CuiMinghao/projects/AOI2026/EvoInspect_130_Research_Kit/reports/experiments/upstream-patchcore-100-30-mvtec15-5seed-8gpu-20260823T235656Z-29160/runs/upstream-pc-100-30-metal_nut-s135-20260823T235656Z-29160/metrics.json,/home/CuiMinghao/projects/AOI2026/EvoInspect_130_Research_Kit/reports/experiments/upstream-patchcore-100-30-mvtec15-5seed-8gpu-20260823T235656Z-29160/runs/upstream-pc-100-30-metal_nut-s135-20260823T235656Z-29160/model,,Pinned upstream fcaa92f124fb1ad74a7acf56726decd4b27cbcad; category=mvtec_ad_metal_nut; support anomalies unused by PatchCore memory
upstream-pc-100-30-metal_nut-s136-20260823T235656Z-29160,completed_official_style_baseline,2026-08-24T00:02:37+00:00,2026-08-24T00:03:09+00:00,UNAVAILABLE,true,3f3e3dae7213b8c0e808a235e1c794ff96ebeb981ef4091a93287591f8a5416a,6069c761f5ad36c25f9cbd461d11eb1805686a3020a8bd9f494e25570b9cbcd9,86d56e35ef80bde5196c862a90e718a0ea0c37e808855aad54a95563f006b6dc,136,RTX 3090 physical GPU 4; Linux-5.4.0-150-generic-x86_64-with-glibc2.27; torch 2.6.0+cu124; FAISS CPU,upstream-patchcore-wrn50-l2-l3-p01-official-style,official_style_up_to_100_normal_30_seen_anomaly,/home/CuiMinghao/projects/AOI2026/EvoInspect_130_Research_Kit/reports/experiments/upstream-patchcore-100-30-mvtec15-5seed-8gpu-20260823T235656Z-29160/runs/upstream-pc-100-30-metal_nut-s136-20260823T235656Z-29160/metrics.json,/home/CuiMinghao/projects/AOI2026/EvoInspect_130_Research_Kit/reports/experiments/upstream-patchcore-100-30-mvtec15-5seed-8gpu-20260823T235656Z-29160/runs/upstream-pc-100-30-metal_nut-s136-20260823T235656Z-29160/model,,Pinned upstream fcaa92f124fb1ad74a7acf56726decd4b27cbcad; category=mvtec_ad_metal_nut; support anomalies unused by PatchCore memory
upstream-pc-100-30-metal_nut-s137-20260823T235656Z-29160,completed_official_style_baseline,2026-08-24T00:02:48+00:00,2026-08-24T00:03:19+00:00,UNAVAILABLE,true,3f3e3dae7213b8c0e808a235e1c794ff96ebeb981ef4091a93287591f8a5416a,6069c761f5ad36c25f9cbd461d11eb1805686a3020a8bd9f494e25570b9cbcd9,39ec0d9ae239033d213fc0f3a33268f5fb726de0192d0ecc4f8a039b17890a8c,137,RTX 3090 physical GPU 5; Linux-5.4.0-150-generic-x86_64-with-glibc2.27; torch 2.6.0+cu124; FAISS CPU,upstream-patchcore-wrn50-l2-l3-p01-official-style,official_style_up_to_100_normal_30_seen_anomaly,/home/CuiMinghao/projects/AOI2026/EvoInspect_130_Research_Kit/reports/experiments/upstream-patchcore-100-30-mvtec15-5seed-8gpu-20260823T235656Z-29160/runs/upstream-pc-100-30-metal_nut-s137-20260823T235656Z-29160/metrics.json,/home/CuiMinghao/projects/AOI2026/EvoInspect_130_Research_Kit/reports/experiments/upstream-patchcore-100-30-mvtec15-5seed-8gpu-20260823T235656Z-29160/runs/upstream-pc-100-30-metal_nut-s137-20260823T235656Z-29160/model,,Pinned upstream fcaa92f124fb1ad74a7acf56726decd4b27cbcad; category=mvtec_ad_metal_nut; support anomalies unused by PatchCore memory
upstream-pc-100-30-pill-s133-20260823T235656Z-29160,completed_official_style_baseline,2026-08-23T23:57:55+00:00,2026-08-23T23:58:36+00:00,UNAVAILABLE,true,3f3e3dae7213b8c0e808a235e1c794ff96ebeb981ef4091a93287591f8a5416a,6069c761f5ad36c25f9cbd461d11eb1805686a3020a8bd9f494e25570b9cbcd9,e43683313357d12b2dd730090e22f6f8d5e81491bd1cd478cf4c100452c36bbc,133,RTX 3090 physical GPU 7; Linux-5.4.0-150-generic-x86_64-with-glibc2.27; torch 2.6.0+cu124; FAISS CPU,upstream-patchcore-wrn50-l2-l3-p01-official-style,official_style_up_to_100_normal_30_seen_anomaly,/home/CuiMinghao/projects/AOI2026/EvoInspect_130_Research_Kit/reports/experiments/upstream-patchcore-100-30-mvtec15-5seed-8gpu-20260823T235656Z-29160/runs/upstream-pc-100-30-pill-s133-20260823T235656Z-29160/metrics.json,/home/CuiMinghao/projects/AOI2026/EvoInspect_130_Research_Kit/reports/experiments/upstream-patchcore-100-30-mvtec15-5seed-8gpu-20260823T235656Z-29160/runs/upstream-pc-100-30-pill-s133-20260823T235656Z-29160/model,,Pinned upstream fcaa92f124fb1ad74a7acf56726decd4b27cbcad; category=mvtec_ad_pill; support anomalies unused by PatchCore memory
upstream-pc-100-30-pill-s134-20260823T235656Z-29160,completed_official_style_baseline,2026-08-23T23:58:42+00:00,2026-08-23T23:59:22+00:00,UNAVAILABLE,true,3f3e3dae7213b8c0e808a235e1c794ff96ebeb981ef4091a93287591f8a5416a,6069c761f5ad36c25f9cbd461d11eb1805686a3020a8bd9f494e25570b9cbcd9,ff6272fc48a2156ccbf58df97779275e965e548ae37e464b1796c4b66baf53be,134,RTX 3090 physical GPU 0; Linux-5.4.0-150-generic-x86_64-with-glibc2.27; torch 2.6.0+cu124; FAISS CPU,upstream-patchcore-wrn50-l2-l3-p01-official-style,official_style_up_to_100_normal_30_seen_anomaly,/home/CuiMinghao/projects/AOI2026/EvoInspect_130_Research_Kit/reports/experiments/upstream-patchcore-100-30-mvtec15-5seed-8gpu-20260823T235656Z-29160/runs/upstream-pc-100-30-pill-s134-20260823T235656Z-29160/metrics.json,/home/CuiMinghao/projects/AOI2026/EvoInspect_130_Research_Kit/reports/experiments/upstream-patchcore-100-30-mvtec15-5seed-8gpu-20260823T235656Z-29160/runs/upstream-pc-100-30-pill-s134-20260823T235656Z-29160/model,,Pinned upstream fcaa92f124fb1ad74a7acf56726decd4b27cbcad; category=mvtec_ad_pill; support anomalies unused by PatchCore memory
upstream-pc-100-30-pill-s135-20260823T235656Z-29160,completed_official_style_baseline,2026-08-23T23:58:42+00:00,2026-08-23T23:59:22+00:00,UNAVAILABLE,true,3f3e3dae7213b8c0e808a235e1c794ff96ebeb981ef4091a93287591f8a5416a,6069c761f5ad36c25f9cbd461d11eb1805686a3020a8bd9f494e25570b9cbcd9,4df7f4545e0765aabaff7152a32be622c26a51222222c0b58e54296fd05cbe19,135,RTX 3090 physical GPU 1; Linux-5.4.0-150-generic-x86_64-with-glibc2.27; torch 2.6.0+cu124; FAISS CPU,upstream-patchcore-wrn50-l2-l3-p01-official-style,official_style_up_to_100_normal_30_seen_anomaly,/home/CuiMinghao/projects/AOI2026/EvoInspect_130_Research_Kit/reports/experiments/upstream-patchcore-100-30-mvtec15-5seed-8gpu-20260823T235656Z-29160/runs/upstream-pc-100-30-pill-s135-20260823T235656Z-29160/metrics.json,/home/CuiMinghao/projects/AOI2026/EvoInspect_130_Research_Kit/reports/experiments/upstream-patchcore-100-30-mvtec15-5seed-8gpu-20260823T235656Z-29160/runs/upstream-pc-100-30-pill-s135-20260823T235656Z-29160/model,,Pinned upstream fcaa92f124fb1ad74a7acf56726decd4b27cbcad; category=mvtec_ad_pill; support anomalies unused by PatchCore memory
upstream-pc-100-30-pill-s136-20260823T235656Z-29160,completed_official_style_baseline,2026-08-23T23:58:44+00:00,2026-08-23T23:59:25+00:00,UNAVAILABLE,true,3f3e3dae7213b8c0e808a235e1c794ff96ebeb981ef4091a93287591f8a5416a,6069c761f5ad36c25f9cbd461d11eb1805686a3020a8bd9f494e25570b9cbcd9,9dc7c135dc4c4bd4655985b3c84a8018f730e1580b0bda9db17d122b3fc5ce3d,136,RTX 3090 physical GPU 2; Linux-5.4.0-150-generic-x86_64-with-glibc2.27; torch 2.6.0+cu124; FAISS CPU,upstream-patchcore-wrn50-l2-l3-p01-official-style,official_style_up_to_100_normal_30_seen_anomaly,/home/CuiMinghao/projects/AOI2026/EvoInspect_130_Research_Kit/reports/experiments/upstream-patchcore-100-30-mvtec15-5seed-8gpu-20260823T235656Z-29160/runs/upstream-pc-100-30-pill-s136-20260823T235656Z-29160/metrics.json,/home/CuiMinghao/projects/AOI2026/EvoInspect_130_Research_Kit/reports/experiments/upstream-patchcore-100-30-mvtec15-5seed-8gpu-20260823T235656Z-29160/runs/upstream-pc-100-30-pill-s136-20260823T235656Z-29160/model,,Pinned upstream fcaa92f124fb1ad74a7acf56726decd4b27cbcad; category=mvtec_ad_pill; support anomalies unused by PatchCore memory
upstream-pc-100-30-pill-s137-20260823T235656Z-29160,completed_official_style_baseline,2026-08-23T23:58:45+00:00,2026-08-23T23:59:26+00:00,UNAVAILABLE,true,3f3e3dae7213b8c0e808a235e1c794ff96ebeb981ef4091a93287591f8a5416a,6069c761f5ad36c25f9cbd461d11eb1805686a3020a8bd9f494e25570b9cbcd9,4d589b16838608576dd874303f829121fd7abcd8c97b16fd297301367da5456a,137,RTX 3090 physical GPU 3; Linux-5.4.0-150-generic-x86_64-with-glibc2.27; torch 2.6.0+cu124; FAISS CPU,upstream-patchcore-wrn50-l2-l3-p01-official-style,official_style_up_to_100_normal_30_seen_anomaly,/home/CuiMinghao/projects/AOI2026/EvoInspect_130_Research_Kit/reports/experiments/upstream-patchcore-100-30-mvtec15-5seed-8gpu-20260823T235656Z-29160/runs/upstream-pc-100-30-pill-s137-20260823T235656Z-29160/metrics.json,/home/CuiMinghao/projects/AOI2026/EvoInspect_130_Research_Kit/reports/experiments/upstream-patchcore-100-30-mvtec15-5seed-8gpu-20260823T235656Z-29160/runs/upstream-pc-100-30-pill-s137-20260823T235656Z-29160/model,,Pinned upstream fcaa92f124fb1ad74a7acf56726decd4b27cbcad; category=mvtec_ad_pill; support anomalies unused by PatchCore memory
upstream-pc-100-30-screw-s133-20260823T235656Z-29160,completed_official_style_baseline,2026-08-23T23:57:07+00:00,2026-08-23T23:57:47+00:00,UNAVAILABLE,true,3f3e3dae7213b8c0e808a235e1c794ff96ebeb981ef4091a93287591f8a5416a,6069c761f5ad36c25f9cbd461d11eb1805686a3020a8bd9f494e25570b9cbcd9,b6c45ed57be4dc6ef6903f8cbd4045f8588390b8de355560aeec7a5160952bd7,133,RTX 3090 physical GPU 0; Linux-5.4.0-150-generic-x86_64-with-glibc2.27; torch 2.6.0+cu124; FAISS CPU,upstream-patchcore-wrn50-l2-l3-p01-official-style,official_style_up_to_100_normal_30_seen_anomaly,/home/CuiMinghao/projects/AOI2026/EvoInspect_130_Research_Kit/reports/experiments/upstream-patchcore-100-30-mvtec15-5seed-8gpu-20260823T235656Z-29160/runs/upstream-pc-100-30-screw-s133-20260823T235656Z-29160/metrics.json,/home/CuiMinghao/projects/AOI2026/EvoInspect_130_Research_Kit/reports/experiments/upstream-patchcore-100-30-mvtec15-5seed-8gpu-20260823T235656Z-29160/runs/upstream-pc-100-30-screw-s133-20260823T235656Z-29160/model,,Pinned upstream fcaa92f124fb1ad74a7acf56726decd4b27cbcad; category=mvtec_ad_screw; support anomalies unused by PatchCore memory
upstream-pc-100-30-screw-s134-20260823T235656Z-29160,completed_official_style_baseline,2026-08-23T23:57:07+00:00,2026-08-23T23:57:47+00:00,UNAVAILABLE,true,3f3e3dae7213b8c0e808a235e1c794ff96ebeb981ef4091a93287591f8a5416a,6069c761f5ad36c25f9cbd461d11eb1805686a3020a8bd9f494e25570b9cbcd9,ea6251c501cedd34a5760ffd42253d69b1b1d97d6baea2e4872e5d620422514f,134,RTX 3090 physical GPU 1; Linux-5.4.0-150-generic-x86_64-with-glibc2.27; torch 2.6.0+cu124; FAISS CPU,upstream-patchcore-wrn50-l2-l3-p01-official-style,official_style_up_to_100_normal_30_seen_anomaly,/home/CuiMinghao/projects/AOI2026/EvoInspect_130_Research_Kit/reports/experiments/upstream-patchcore-100-30-mvtec15-5seed-8gpu-20260823T235656Z-29160/runs/upstream-pc-100-30-screw-s134-20260823T235656Z-29160/metrics.json,/home/CuiMinghao/projects/AOI2026/EvoInspect_130_Research_Kit/reports/experiments/upstream-patchcore-100-30-mvtec15-5seed-8gpu-20260823T235656Z-29160/runs/upstream-pc-100-30-screw-s134-20260823T235656Z-29160/model,,Pinned upstream fcaa92f124fb1ad74a7acf56726decd4b27cbcad; category=mvtec_ad_screw; support anomalies unused by PatchCore memory
upstream-pc-100-30-screw-s135-20260823T235656Z-29160,completed_official_style_baseline,2026-08-23T23:57:07+00:00,2026-08-23T23:57:48+00:00,UNAVAILABLE,true,3f3e3dae7213b8c0e808a235e1c794ff96ebeb981ef4091a93287591f8a5416a,6069c761f5ad36c25f9cbd461d11eb1805686a3020a8bd9f494e25570b9cbcd9,59629f4b882fe8f579b494e430f2361e3b3fa3b1080559e785ce28bb60896837,135,RTX 3090 physical GPU 2; Linux-5.4.0-150-generic-x86_64-with-glibc2.27; torch 2.6.0+cu124; FAISS CPU,upstream-patchcore-wrn50-l2-l3-p01-official-style,official_style_up_to_100_normal_30_seen_anomaly,/home/CuiMinghao/projects/AOI2026/EvoInspect_130_Research_Kit/reports/experiments/upstream-patchcore-100-30-mvtec15-5seed-8gpu-20260823T235656Z-29160/runs/upstream-pc-100-30-screw-s135-20260823T235656Z-29160/metrics.json,/home/CuiMinghao/projects/AOI2026/EvoInspect_130_Research_Kit/reports/experiments/upstream-patchcore-100-30-mvtec15-5seed-8gpu-20260823T235656Z-29160/runs/upstream-pc-100-30-screw-s135-20260823T235656Z-29160/model,,Pinned upstream fcaa92f124fb1ad74a7acf56726decd4b27cbcad; category=mvtec_ad_screw; support anomalies unused by PatchCore memory
upstream-pc-100-30-screw-s136-20260823T235656Z-29160,completed_official_style_baseline,2026-08-23T23:57:07+00:00,2026-08-23T23:57:48+00:00,UNAVAILABLE,true,3f3e3dae7213b8c0e808a235e1c794ff96ebeb981ef4091a93287591f8a5416a,6069c761f5ad36c25f9cbd461d11eb1805686a3020a8bd9f494e25570b9cbcd9,dd0a0dfde50217ed944745b20c8a03cfac225c374597c1139a5f9b966117aba9,136,RTX 3090 physical GPU 3; Linux-5.4.0-150-generic-x86_64-with-glibc2.27; torch 2.6.0+cu124; FAISS CPU,upstream-patchcore-wrn50-l2-l3-p01-official-style,official_style_up_to_100_normal_30_seen_anomaly,/home/CuiMinghao/projects/AOI2026/EvoInspect_130_Research_Kit/reports/experiments/upstream-patchcore-100-30-mvtec15-5seed-8gpu-20260823T235656Z-29160/runs/upstream-pc-100-30-screw-s136-20260823T235656Z-29160/metrics.json,/home/CuiMinghao/projects/AOI2026/EvoInspect_130_Research_Kit/reports/experiments/upstream-patchcore-100-30-mvtec15-5seed-8gpu-20260823T235656Z-29160/runs/upstream-pc-100-30-screw-s136-20260823T235656Z-29160/model,,Pinned upstream fcaa92f124fb1ad74a7acf56726decd4b27cbcad; category=mvtec_ad_screw; support anomalies unused by PatchCore memory
upstream-pc-100-30-screw-s137-20260823T235656Z-29160,completed_official_style_baseline,2026-08-23T23:57:07+00:00,2026-08-23T23:57:46+00:00,UNAVAILABLE,true,3f3e3dae7213b8c0e808a235e1c794ff96ebeb981ef4091a93287591f8a5416a,6069c761f5ad36c25f9cbd461d11eb1805686a3020a8bd9f494e25570b9cbcd9,9e6ab8781724d1030dcd975a9349f96acecd81b2aead55ae7f1e187380aa9a56,137,RTX 3090 physical GPU 4; Linux-5.4.0-150-generic-x86_64-with-glibc2.27; torch 2.6.0+cu124; FAISS CPU,upstream-patchcore-wrn50-l2-l3-p01-official-style,official_style_up_to_100_normal_30_seen_anomaly,/home/CuiMinghao/projects/AOI2026/EvoInspect_130_Research_Kit/reports/experiments/upstream-patchcore-100-30-mvtec15-5seed-8gpu-20260823T235656Z-29160/runs/upstream-pc-100-30-screw-s137-20260823T235656Z-29160/metrics.json,/home/CuiMinghao/projects/AOI2026/EvoInspect_130_Research_Kit/reports/experiments/upstream-patchcore-100-30-mvtec15-5seed-8gpu-20260823T235656Z-29160/runs/upstream-pc-100-30-screw-s137-20260823T235656Z-29160/model,,Pinned upstream fcaa92f124fb1ad74a7acf56726decd4b27cbcad; category=mvtec_ad_screw; support anomalies unused by PatchCore memory
upstream-pc-100-30-tile-s133-20260823T235656Z-29160,completed_official_style_baseline,2026-08-23T23:58:43+00:00,2026-08-23T23:59:16+00:00,UNAVAILABLE,true,3f3e3dae7213b8c0e808a235e1c794ff96ebeb981ef4091a93287591f8a5416a,6069c761f5ad36c25f9cbd461d11eb1805686a3020a8bd9f494e25570b9cbcd9,1be51c92b68bad7d28525846a1e531c95f235619de5c1e57e552d52bf07a32b0,133,RTX 3090 physical GPU 4; Linux-5.4.0-150-generic-x86_64-with-glibc2.27; torch 2.6.0+cu124; FAISS CPU,upstream-patchcore-wrn50-l2-l3-p01-official-style,official_style_up_to_100_normal_30_seen_anomaly,/home/CuiMinghao/projects/AOI2026/EvoInspect_130_Research_Kit/reports/experiments/upstream-patchcore-100-30-mvtec15-5seed-8gpu-20260823T235656Z-29160/runs/upstream-pc-100-30-tile-s133-20260823T235656Z-29160/metrics.json,/home/CuiMinghao/projects/AOI2026/EvoInspect_130_Research_Kit/reports/experiments/upstream-patchcore-100-30-mvtec15-5seed-8gpu-20260823T235656Z-29160/runs/upstream-pc-100-30-tile-s133-20260823T235656Z-29160/model,,Pinned upstream fcaa92f124fb1ad74a7acf56726decd4b27cbcad; category=mvtec_ad_tile; support anomalies unused by PatchCore memory
upstream-pc-100-30-tile-s134-20260823T235656Z-29160,completed_official_style_baseline,2026-08-23T23:58:46+00:00,2026-08-23T23:59:18+00:00,UNAVAILABLE,true,3f3e3dae7213b8c0e808a235e1c794ff96ebeb981ef4091a93287591f8a5416a,6069c761f5ad36c25f9cbd461d11eb1805686a3020a8bd9f494e25570b9cbcd9,690c73fdcbd818c0adb2fb125c089c28502f55a06f4a9da98488853951b3bbcd,134,RTX 3090 physical GPU 5; Linux-5.4.0-150-generic-x86_64-with-glibc2.27; torch 2.6.0+cu124; FAISS CPU,upstream-patchcore-wrn50-l2-l3-p01-official-style,official_style_up_to_100_normal_30_seen_anomaly,/home/CuiMinghao/projects/AOI2026/EvoInspect_130_Research_Kit/reports/experiments/upstream-patchcore-100-30-mvtec15-5seed-8gpu-20260823T235656Z-29160/runs/upstream-pc-100-30-tile-s134-20260823T235656Z-29160/metrics.json,/home/CuiMinghao/projects/AOI2026/EvoInspect_130_Research_Kit/reports/experiments/upstream-patchcore-100-30-mvtec15-5seed-8gpu-20260823T235656Z-29160/runs/upstream-pc-100-30-tile-s134-20260823T235656Z-29160/model,,Pinned upstream fcaa92f124fb1ad74a7acf56726decd4b27cbcad; category=mvtec_ad_tile; support anomalies unused by PatchCore memory
upstream-pc-100-30-tile-s135-20260823T235656Z-29160,completed_official_style_baseline,2026-08-23T23:58:43+00:00,2026-08-23T23:59:16+00:00,UNAVAILABLE,true,3f3e3dae7213b8c0e808a235e1c794ff96ebeb981ef4091a93287591f8a5416a,6069c761f5ad36c25f9cbd461d11eb1805686a3020a8bd9f494e25570b9cbcd9,10677689f8e255b8616ce312b53b275c853e88af09d502bdc444d93bd6f5227c,135,RTX 3090 physical GPU 6; Linux-5.4.0-150-generic-x86_64-with-glibc2.27; torch 2.6.0+cu124; FAISS CPU,upstream-patchcore-wrn50-l2-l3-p01-official-style,official_style_up_to_100_normal_30_seen_anomaly,/home/CuiMinghao/projects/AOI2026/EvoInspect_130_Research_Kit/reports/experiments/upstream-patchcore-100-30-mvtec15-5seed-8gpu-20260823T235656Z-29160/runs/upstream-pc-100-30-tile-s135-20260823T235656Z-29160/metrics.json,/home/CuiMinghao/projects/AOI2026/EvoInspect_130_Research_Kit/reports/experiments/upstream-patchcore-100-30-mvtec15-5seed-8gpu-20260823T235656Z-29160/runs/upstream-pc-100-30-tile-s135-20260823T235656Z-29160/model,,Pinned upstream fcaa92f124fb1ad74a7acf56726decd4b27cbcad; category=mvtec_ad_tile; support anomalies unused by PatchCore memory
upstream-pc-100-30-tile-s136-20260823T235656Z-29160,completed_official_style_baseline,2026-08-23T23:58:44+00:00,2026-08-23T23:59:17+00:00,UNAVAILABLE,true,3f3e3dae7213b8c0e808a235e1c794ff96ebeb981ef4091a93287591f8a5416a,6069c761f5ad36c25f9cbd461d11eb1805686a3020a8bd9f494e25570b9cbcd9,baf55001f651deece86a7b5d70bd98c905e80b7aed2b894d4a750499585d8323,136,RTX 3090 physical GPU 7; Linux-5.4.0-150-generic-x86_64-with-glibc2.27; torch 2.6.0+cu124; FAISS CPU,upstream-patchcore-wrn50-l2-l3-p01-official-style,official_style_up_to_100_normal_30_seen_anomaly,/home/CuiMinghao/projects/AOI2026/EvoInspect_130_Research_Kit/reports/experiments/upstream-patchcore-100-30-mvtec15-5seed-8gpu-20260823T235656Z-29160/runs/upstream-pc-100-30-tile-s136-20260823T235656Z-29160/metrics.json,/home/CuiMinghao/projects/AOI2026/EvoInspect_130_Research_Kit/reports/experiments/upstream-patchcore-100-30-mvtec15-5seed-8gpu-20260823T235656Z-29160/runs/upstream-pc-100-30-tile-s136-20260823T235656Z-29160/model,,Pinned upstream fcaa92f124fb1ad74a7acf56726decd4b27cbcad; category=mvtec_ad_tile; support anomalies unused by PatchCore memory
upstream-pc-100-30-tile-s137-20260823T235656Z-29160,completed_official_style_baseline,2026-08-23T23:59:31+00:00,2026-08-24T00:00:03+00:00,UNAVAILABLE,true,3f3e3dae7213b8c0e808a235e1c794ff96ebeb981ef4091a93287591f8a5416a,6069c761f5ad36c25f9cbd461d11eb1805686a3020a8bd9f494e25570b9cbcd9,c28a3aca1a4fcded220d42da9c01fe1c6387b2bc3fb004b15c2a36c0ea8ede13,137,RTX 3090 physical GPU 0; Linux-5.4.0-150-generic-x86_64-with-glibc2.27; torch 2.6.0+cu124; FAISS CPU,upstream-patchcore-wrn50-l2-l3-p01-official-style,official_style_up_to_100_normal_30_seen_anomaly,/home/CuiMinghao/projects/AOI2026/EvoInspect_130_Research_Kit/reports/experiments/upstream-patchcore-100-30-mvtec15-5seed-8gpu-20260823T235656Z-29160/runs/upstream-pc-100-30-tile-s137-20260823T235656Z-29160/metrics.json,/home/CuiMinghao/projects/AOI2026/EvoInspect_130_Research_Kit/reports/experiments/upstream-patchcore-100-30-mvtec15-5seed-8gpu-20260823T235656Z-29160/runs/upstream-pc-100-30-tile-s137-20260823T235656Z-29160/model,,Pinned upstream fcaa92f124fb1ad74a7acf56726decd4b27cbcad; category=mvtec_ad_tile; support anomalies unused by PatchCore memory
upstream-pc-100-30-toothbrush-s133-20260823T235656Z-29160,completed_official_style_baseline,2026-08-23T23:59:25+00:00,2026-08-23T23:59:44+00:00,UNAVAILABLE,true,3f3e3dae7213b8c0e808a235e1c794ff96ebeb981ef4091a93287591f8a5416a,6069c761f5ad36c25f9cbd461d11eb1805686a3020a8bd9f494e25570b9cbcd9,e3100ec8efb0cb699a87e4a79109cf6c7743b9b7e6c07b1cb7ae15551cd07489,133,RTX 3090 physical GPU 6; Linux-5.4.0-150-generic-x86_64-with-glibc2.27; torch 2.6.0+cu124; FAISS CPU,upstream-patchcore-wrn50-l2-l3-p01-official-style,official_style_up_to_100_normal_30_seen_anomaly,/home/CuiMinghao/projects/AOI2026/EvoInspect_130_Research_Kit/reports/experiments/upstream-patchcore-100-30-mvtec15-5seed-8gpu-20260823T235656Z-29160/runs/upstream-pc-100-30-toothbrush-s133-20260823T235656Z-29160/metrics.json,/home/CuiMinghao/projects/AOI2026/EvoInspect_130_Research_Kit/reports/experiments/upstream-patchcore-100-30-mvtec15-5seed-8gpu-20260823T235656Z-29160/runs/upstream-pc-100-30-toothbrush-s133-20260823T235656Z-29160/model,,Pinned upstream fcaa92f124fb1ad74a7acf56726decd4b27cbcad; category=mvtec_ad_toothbrush; support anomalies unused by PatchCore memory
upstream-pc-100-30-toothbrush-s134-20260823T235656Z-29160,completed_official_style_baseline,2026-08-23T23:59:26+00:00,2026-08-23T23:59:45+00:00,UNAVAILABLE,true,3f3e3dae7213b8c0e808a235e1c794ff96ebeb981ef4091a93287591f8a5416a,6069c761f5ad36c25f9cbd461d11eb1805686a3020a8bd9f494e25570b9cbcd9,48c931cbdde9b6fcb6e3f79af672184185a816b52b56c2595eeca22907696d42,134,RTX 3090 physical GPU 7; Linux-5.4.0-150-generic-x86_64-with-glibc2.27; torch 2.6.0+cu124; FAISS CPU,upstream-patchcore-wrn50-l2-l3-p01-official-style,official_style_up_to_100_normal_30_seen_anomaly,/home/CuiMinghao/projects/AOI2026/EvoInspect_130_Research_Kit/reports/experiments/upstream-patchcore-100-30-mvtec15-5seed-8gpu-20260823T235656Z-29160/runs/upstream-pc-100-30-toothbrush-s134-20260823T235656Z-29160/metrics.json,/home/CuiMinghao/projects/AOI2026/EvoInspect_130_Research_Kit/reports/experiments/upstream-patchcore-100-30-mvtec15-5seed-8gpu-20260823T235656Z-29160/runs/upstream-pc-100-30-toothbrush-s134-20260823T235656Z-29160/model,,Pinned upstream fcaa92f124fb1ad74a7acf56726decd4b27cbcad; category=mvtec_ad_toothbrush; support anomalies unused by PatchCore memory
upstream-pc-100-30-toothbrush-s135-20260823T235656Z-29160,completed_official_style_baseline,2026-08-24T00:00:11+00:00,2026-08-24T00:00:30+00:00,UNAVAILABLE,true,3f3e3dae7213b8c0e808a235e1c794ff96ebeb981ef4091a93287591f8a5416a,6069c761f5ad36c25f9cbd461d11eb1805686a3020a8bd9f494e25570b9cbcd9,21babc797dc18c0d00ad4a4554441cff7fdbeba9a6ee89a9b422264f911edf5e,135,RTX 3090 physical GPU 0; Linux-5.4.0-150-generic-x86_64-with-glibc2.27; torch 2.6.0+cu124; FAISS CPU,upstream-patchcore-wrn50-l2-l3-p01-official-style,official_style_up_to_100_normal_30_seen_anomaly,/home/CuiMinghao/projects/AOI2026/EvoInspect_130_Research_Kit/reports/experiments/upstream-patchcore-100-30-mvtec15-5seed-8gpu-20260823T235656Z-29160/runs/upstream-pc-100-30-toothbrush-s135-20260823T235656Z-29160/metrics.json,/home/CuiMinghao/projects/AOI2026/EvoInspect_130_Research_Kit/reports/experiments/upstream-patchcore-100-30-mvtec15-5seed-8gpu-20260823T235656Z-29160/runs/upstream-pc-100-30-toothbrush-s135-20260823T235656Z-29160/model,,Pinned upstream fcaa92f124fb1ad74a7acf56726decd4b27cbcad; category=mvtec_ad_toothbrush; support anomalies unused by PatchCore memory
upstream-pc-100-30-toothbrush-s136-20260823T235656Z-29160,completed_official_style_baseline,2026-08-24T00:00:11+00:00,2026-08-24T00:00:30+00:00,UNAVAILABLE,true,3f3e3dae7213b8c0e808a235e1c794ff96ebeb981ef4091a93287591f8a5416a,6069c761f5ad36c25f9cbd461d11eb1805686a3020a8bd9f494e25570b9cbcd9,719e3f6b68ff835ffd460ebcba9c4c445312a015cb150962e0bbbbf56c97af19,136,RTX 3090 physical GPU 1; Linux-5.4.0-150-generic-x86_64-with-glibc2.27; torch 2.6.0+cu124; FAISS CPU,upstream-patchcore-wrn50-l2-l3-p01-official-style,official_style_up_to_100_normal_30_seen_anomaly,/home/CuiMinghao/projects/AOI2026/EvoInspect_130_Research_Kit/reports/experiments/upstream-patchcore-100-30-mvtec15-5seed-8gpu-20260823T235656Z-29160/runs/upstream-pc-100-30-toothbrush-s136-20260823T235656Z-29160/metrics.json,/home/CuiMinghao/projects/AOI2026/EvoInspect_130_Research_Kit/reports/experiments/upstream-patchcore-100-30-mvtec15-5seed-8gpu-20260823T235656Z-29160/runs/upstream-pc-100-30-toothbrush-s136-20260823T235656Z-29160/model,,Pinned upstream fcaa92f124fb1ad74a7acf56726decd4b27cbcad; category=mvtec_ad_toothbrush; support anomalies unused by PatchCore memory
upstream-pc-100-30-toothbrush-s137-20260823T235656Z-29160,completed_official_style_baseline,2026-08-24T00:00:13+00:00,2026-08-24T00:00:31+00:00,UNAVAILABLE,true,3f3e3dae7213b8c0e808a235e1c794ff96ebeb981ef4091a93287591f8a5416a,6069c761f5ad36c25f9cbd461d11eb1805686a3020a8bd9f494e25570b9cbcd9,7d0dfb02e625f2a1784fd198dab1fcbbec99953d10d16801e0ed69949047d341,137,RTX 3090 physical GPU 2; Linux-5.4.0-150-generic-x86_64-with-glibc2.27; torch 2.6.0+cu124; FAISS CPU,upstream-patchcore-wrn50-l2-l3-p01-official-style,official_style_up_to_100_normal_30_seen_anomaly,/home/CuiMinghao/projects/AOI2026/EvoInspect_130_Research_Kit/reports/experiments/upstream-patchcore-100-30-mvtec15-5seed-8gpu-20260823T235656Z-29160/runs/upstream-pc-100-30-toothbrush-s137-20260823T235656Z-29160/metrics.json,/home/CuiMinghao/projects/AOI2026/EvoInspect_130_Research_Kit/reports/experiments/upstream-patchcore-100-30-mvtec15-5seed-8gpu-20260823T235656Z-29160/runs/upstream-pc-100-30-toothbrush-s137-20260823T235656Z-29160/model,,Pinned upstream fcaa92f124fb1ad74a7acf56726decd4b27cbcad; category=mvtec_ad_toothbrush; support anomalies unused by PatchCore memory
upstream-pc-100-30-transistor-s133-20260823T235656Z-29160,completed_official_style_baseline,2026-08-23T23:59:30+00:00,2026-08-24T00:00:03+00:00,UNAVAILABLE,true,3f3e3dae7213b8c0e808a235e1c794ff96ebeb981ef4091a93287591f8a5416a,6069c761f5ad36c25f9cbd461d11eb1805686a3020a8bd9f494e25570b9cbcd9,64980dc7eb47a1bf8e9c3ee403330b8e5fb5451a4c0e4dbbad71533e895ea395,133,RTX 3090 physical GPU 1; Linux-5.4.0-150-generic-x86_64-with-glibc2.27; torch 2.6.0+cu124; FAISS CPU,upstream-patchcore-wrn50-l2-l3-p01-official-style,official_style_up_to_100_normal_30_seen_anomaly,/home/CuiMinghao/projects/AOI2026/EvoInspect_130_Research_Kit/reports/experiments/upstream-patchcore-100-30-mvtec15-5seed-8gpu-20260823T235656Z-29160/runs/upstream-pc-100-30-transistor-s133-20260823T235656Z-29160/metrics.json,/home/CuiMinghao/projects/AOI2026/EvoInspect_130_Research_Kit/reports/experiments/upstream-patchcore-100-30-mvtec15-5seed-8gpu-20260823T235656Z-29160/runs/upstream-pc-100-30-transistor-s133-20260823T235656Z-29160/model,,Pinned upstream fcaa92f124fb1ad74a7acf56726decd4b27cbcad; category=mvtec_ad_transistor; support anomalies unused by PatchCore memory
upstream-pc-100-30-transistor-s134-20260823T235656Z-29160,completed_official_style_baseline,2026-08-23T23:59:33+00:00,2026-08-24T00:00:05+00:00,UNAVAILABLE,true,3f3e3dae7213b8c0e808a235e1c794ff96ebeb981ef4091a93287591f8a5416a,6069c761f5ad36c25f9cbd461d11eb1805686a3020a8bd9f494e25570b9cbcd9,fafa68c3427f0922d4fcf8e45854888abdc1912271377c6fa646bf4332004480,134,RTX 3090 physical GPU 2; Linux-5.4.0-150-generic-x86_64-with-glibc2.27; torch 2.6.0+cu124; FAISS CPU,upstream-patchcore-wrn50-l2-l3-p01-official-style,official_style_up_to_100_normal_30_seen_anomaly,/home/CuiMinghao/projects/AOI2026/EvoInspect_130_Research_Kit/reports/experiments/upstream-patchcore-100-30-mvtec15-5seed-8gpu-20260823T235656Z-29160/runs/upstream-pc-100-30-transistor-s134-20260823T235656Z-29160/metrics.json,/home/CuiMinghao/projects/AOI2026/EvoInspect_130_Research_Kit/reports/experiments/upstream-patchcore-100-30-mvtec15-5seed-8gpu-20260823T235656Z-29160/runs/upstream-pc-100-30-transistor-s134-20260823T235656Z-29160/model,,Pinned upstream fcaa92f124fb1ad74a7acf56726decd4b27cbcad; category=mvtec_ad_transistor; support anomalies unused by PatchCore memory
upstream-pc-100-30-transistor-s135-20260823T235656Z-29160,completed_official_style_baseline,2026-08-23T23:59:34+00:00,2026-08-24T00:00:06+00:00,UNAVAILABLE,true,3f3e3dae7213b8c0e808a235e1c794ff96ebeb981ef4091a93287591f8a5416a,6069c761f5ad36c25f9cbd461d11eb1805686a3020a8bd9f494e25570b9cbcd9,a9164854fb269d79dee20ed219590f3c62fee9bad4290ba6bba4be16e6079483,135,RTX 3090 physical GPU 3; Linux-5.4.0-150-generic-x86_64-with-glibc2.27; torch 2.6.0+cu124; FAISS CPU,upstream-patchcore-wrn50-l2-l3-p01-official-style,official_style_up_to_100_normal_30_seen_anomaly,/home/CuiMinghao/projects/AOI2026/EvoInspect_130_Research_Kit/reports/experiments/upstream-patchcore-100-30-mvtec15-5seed-8gpu-20260823T235656Z-29160/runs/upstream-pc-100-30-transistor-s135-20260823T235656Z-29160/metrics.json,/home/CuiMinghao/projects/AOI2026/EvoInspect_130_Research_Kit/reports/experiments/upstream-patchcore-100-30-mvtec15-5seed-8gpu-20260823T235656Z-29160/runs/upstream-pc-100-30-transistor-s135-20260823T235656Z-29160/model,,Pinned upstream fcaa92f124fb1ad74a7acf56726decd4b27cbcad; category=mvtec_ad_transistor; support anomalies unused by PatchCore memory
upstream-pc-100-30-transistor-s136-20260823T235656Z-29160,completed_official_style_baseline,2026-08-23T23:59:24+00:00,2026-08-23T23:59:56+00:00,UNAVAILABLE,true,3f3e3dae7213b8c0e808a235e1c794ff96ebeb981ef4091a93287591f8a5416a,6069c761f5ad36c25f9cbd461d11eb1805686a3020a8bd9f494e25570b9cbcd9,683a22f2ceb08b43a204809e97111e37ef4736673dc2e63777fc8d642533f603,136,RTX 3090 physical GPU 4; Linux-5.4.0-150-generic-x86_64-with-glibc2.27; torch 2.6.0+cu124; FAISS CPU,upstream-patchcore-wrn50-l2-l3-p01-official-style,official_style_up_to_100_normal_30_seen_anomaly,/home/CuiMinghao/projects/AOI2026/EvoInspect_130_Research_Kit/reports/experiments/upstream-patchcore-100-30-mvtec15-5seed-8gpu-20260823T235656Z-29160/runs/upstream-pc-100-30-transistor-s136-20260823T235656Z-29160/metrics.json,/home/CuiMinghao/projects/AOI2026/EvoInspect_130_Research_Kit/reports/experiments/upstream-patchcore-100-30-mvtec15-5seed-8gpu-20260823T235656Z-29160/runs/upstream-pc-100-30-transistor-s136-20260823T235656Z-29160/model,,Pinned upstream fcaa92f124fb1ad74a7acf56726decd4b27cbcad; category=mvtec_ad_transistor; support anomalies unused by PatchCore memory
upstream-pc-100-30-transistor-s137-20260823T235656Z-29160,completed_official_style_baseline,2026-08-23T23:59:27+00:00,2026-08-23T23:59:58+00:00,UNAVAILABLE,true,3f3e3dae7213b8c0e808a235e1c794ff96ebeb981ef4091a93287591f8a5416a,6069c761f5ad36c25f9cbd461d11eb1805686a3020a8bd9f494e25570b9cbcd9,09c2cb5c5c1107847e6502f94ab21a4c0352c74871b047f86b07fdb72c3d3b1b,137,RTX 3090 physical GPU 5; Linux-5.4.0-150-generic-x86_64-with-glibc2.27; torch 2.6.0+cu124; FAISS CPU,upstream-patchcore-wrn50-l2-l3-p01-official-style,official_style_up_to_100_normal_30_seen_anomaly,/home/CuiMinghao/projects/AOI2026/EvoInspect_130_Research_Kit/reports/experiments/upstream-patchcore-100-30-mvtec15-5seed-8gpu-20260823T235656Z-29160/runs/upstream-pc-100-30-transistor-s137-20260823T235656Z-29160/metrics.json,/home/CuiMinghao/projects/AOI2026/EvoInspect_130_Research_Kit/reports/experiments/upstream-patchcore-100-30-mvtec15-5seed-8gpu-20260823T235656Z-29160/runs/upstream-pc-100-30-transistor-s137-20260823T235656Z-29160/model,,Pinned upstream fcaa92f124fb1ad74a7acf56726decd4b27cbcad; category=mvtec_ad_transistor; support anomalies unused by PatchCore memory
upstream-pc-100-30-wood-s133-20260823T235656Z-29160,completed_official_style_baseline,2026-08-24T00:02:33+00:00,2026-08-24T00:03:01+00:00,UNAVAILABLE,true,3f3e3dae7213b8c0e808a235e1c794ff96ebeb981ef4091a93287591f8a5416a,6069c761f5ad36c25f9cbd461d11eb1805686a3020a8bd9f494e25570b9cbcd9,572ce720d6f0778e1bbefc72a2abe35df3b3039a1b0cc6d8655da4dd01545cf7,133,RTX 3090 physical GPU 6; Linux-5.4.0-150-generic-x86_64-with-glibc2.27; torch 2.6.0+cu124; FAISS CPU,upstream-patchcore-wrn50-l2-l3-p01-official-style,official_style_up_to_100_normal_30_seen_anomaly,/home/CuiMinghao/projects/AOI2026/EvoInspect_130_Research_Kit/reports/experiments/upstream-patchcore-100-30-mvtec15-5seed-8gpu-20260823T235656Z-29160/runs/upstream-pc-100-30-wood-s133-20260823T235656Z-29160/metrics.json,/home/CuiMinghao/projects/AOI2026/EvoInspect_130_Research_Kit/reports/experiments/upstream-patchcore-100-30-mvtec15-5seed-8gpu-20260823T235656Z-29160/runs/upstream-pc-100-30-wood-s133-20260823T235656Z-29160/model,,Pinned upstream fcaa92f124fb1ad74a7acf56726decd4b27cbcad; category=mvtec_ad_wood; support anomalies unused by PatchCore memory
upstream-pc-100-30-wood-s134-20260823T235656Z-29160,completed_official_style_baseline,2026-08-24T00:02:38+00:00,2026-08-24T00:03:06+00:00,UNAVAILABLE,true,3f3e3dae7213b8c0e808a235e1c794ff96ebeb981ef4091a93287591f8a5416a,6069c761f5ad36c25f9cbd461d11eb1805686a3020a8bd9f494e25570b9cbcd9,7307bd2264265c70df86ebf42656cef62d984f378b336809237c9462eac4202a,134,RTX 3090 physical GPU 7; Linux-5.4.0-150-generic-x86_64-with-glibc2.27; torch 2.6.0+cu124; FAISS CPU,upstream-patchcore-wrn50-l2-l3-p01-official-style,official_style_up_to_100_normal_30_seen_anomaly,/home/CuiMinghao/projects/AOI2026/EvoInspect_130_Research_Kit/reports/experiments/upstream-patchcore-100-30-mvtec15-5seed-8gpu-20260823T235656Z-29160/runs/upstream-pc-100-30-wood-s134-20260823T235656Z-29160/metrics.json,/home/CuiMinghao/projects/AOI2026/EvoInspect_130_Research_Kit/reports/experiments/upstream-patchcore-100-30-mvtec15-5seed-8gpu-20260823T235656Z-29160/runs/upstream-pc-100-30-wood-s134-20260823T235656Z-29160/model,,Pinned upstream fcaa92f124fb1ad74a7acf56726decd4b27cbcad; category=mvtec_ad_wood; support anomalies unused by PatchCore memory
upstream-pc-100-30-wood-s135-20260823T235656Z-29160,completed_official_style_baseline,2026-08-24T00:03:21+00:00,2026-08-24T00:03:49+00:00,UNAVAILABLE,true,3f3e3dae7213b8c0e808a235e1c794ff96ebeb981ef4091a93287591f8a5416a,6069c761f5ad36c25f9cbd461d11eb1805686a3020a8bd9f494e25570b9cbcd9,b16211d78e899df839036d72bbdee7acb52126b17425f302f80226f2876ee59e,135,RTX 3090 physical GPU 0; Linux-5.4.0-150-generic-x86_64-with-glibc2.27; torch 2.6.0+cu124; FAISS CPU,upstream-patchcore-wrn50-l2-l3-p01-official-style,official_style_up_to_100_normal_30_seen_anomaly,/home/CuiMinghao/projects/AOI2026/EvoInspect_130_Research_Kit/reports/experiments/upstream-patchcore-100-30-mvtec15-5seed-8gpu-20260823T235656Z-29160/runs/upstream-pc-100-30-wood-s135-20260823T235656Z-29160/metrics.json,/home/CuiMinghao/projects/AOI2026/EvoInspect_130_Research_Kit/reports/experiments/upstream-patchcore-100-30-mvtec15-5seed-8gpu-20260823T235656Z-29160/runs/upstream-pc-100-30-wood-s135-20260823T235656Z-29160/model,,Pinned upstream fcaa92f124fb1ad74a7acf56726decd4b27cbcad; category=mvtec_ad_wood; support anomalies unused by PatchCore memory
upstream-pc-100-30-wood-s136-20260823T235656Z-29160,completed_official_style_baseline,2026-08-24T00:03:21+00:00,2026-08-24T00:03:48+00:00,UNAVAILABLE,true,3f3e3dae7213b8c0e808a235e1c794ff96ebeb981ef4091a93287591f8a5416a,6069c761f5ad36c25f9cbd461d11eb1805686a3020a8bd9f494e25570b9cbcd9,4d71996abbaecf1bd582ccc8860a37474c6175676d0a9bd3717ecd7856c41ad4,136,RTX 3090 physical GPU 1; Linux-5.4.0-150-generic-x86_64-with-glibc2.27; torch 2.6.0+cu124; FAISS CPU,upstream-patchcore-wrn50-l2-l3-p01-official-style,official_style_up_to_100_normal_30_seen_anomaly,/home/CuiMinghao/projects/AOI2026/EvoInspect_130_Research_Kit/reports/experiments/upstream-patchcore-100-30-mvtec15-5seed-8gpu-20260823T235656Z-29160/runs/upstream-pc-100-30-wood-s136-20260823T235656Z-29160/metrics.json,/home/CuiMinghao/projects/AOI2026/EvoInspect_130_Research_Kit/reports/experiments/upstream-patchcore-100-30-mvtec15-5seed-8gpu-20260823T235656Z-29160/runs/upstream-pc-100-30-wood-s136-20260823T235656Z-29160/model,,Pinned upstream fcaa92f124fb1ad74a7acf56726decd4b27cbcad; category=mvtec_ad_wood; support anomalies unused by PatchCore memory
upstream-pc-100-30-wood-s137-20260823T235656Z-29160,completed_official_style_baseline,2026-08-24T00:03:21+00:00,2026-08-24T00:03:47+00:00,UNAVAILABLE,true,3f3e3dae7213b8c0e808a235e1c794ff96ebeb981ef4091a93287591f8a5416a,6069c761f5ad36c25f9cbd461d11eb1805686a3020a8bd9f494e25570b9cbcd9,65e53cb1ca1d50ee0d1425c371843f5d59ee267109399755911f3c9e735217b1,137,RTX 3090 physical GPU 2; Linux-5.4.0-150-generic-x86_64-with-glibc2.27; torch 2.6.0+cu124; FAISS CPU,upstream-patchcore-wrn50-l2-l3-p01-official-style,official_style_up_to_100_normal_30_seen_anomaly,/home/CuiMinghao/projects/AOI2026/EvoInspect_130_Research_Kit/reports/experiments/upstream-patchcore-100-30-mvtec15-5seed-8gpu-20260823T235656Z-29160/runs/upstream-pc-100-30-wood-s137-20260823T235656Z-29160/metrics.json,/home/CuiMinghao/projects/AOI2026/EvoInspect_130_Research_Kit/reports/experiments/upstream-patchcore-100-30-mvtec15-5seed-8gpu-20260823T235656Z-29160/runs/upstream-pc-100-30-wood-s137-20260823T235656Z-29160/model,,Pinned upstream fcaa92f124fb1ad74a7acf56726decd4b27cbcad; category=mvtec_ad_wood; support anomalies unused by PatchCore memory
upstream-pc-100-30-zipper-s133-20260823T235656Z-29160,completed_official_style_baseline,2026-08-24T00:00:42+00:00,2026-08-24T00:01:18+00:00,UNAVAILABLE,true,3f3e3dae7213b8c0e808a235e1c794ff96ebeb981ef4091a93287591f8a5416a,6069c761f5ad36c25f9cbd461d11eb1805686a3020a8bd9f494e25570b9cbcd9,5c3918a586b8abae3478486376347fd0e80894082e0af1ff97fedbaf1cb24aef,133,RTX 3090 physical GPU 5; Linux-5.4.0-150-generic-x86_64-with-glibc2.27; torch 2.6.0+cu124; FAISS CPU,upstream-patchcore-wrn50-l2-l3-p01-official-style,official_style_up_to_100_normal_30_seen_anomaly,/home/CuiMinghao/projects/AOI2026/EvoInspect_130_Research_Kit/reports/experiments/upstream-patchcore-100-30-mvtec15-5seed-8gpu-20260823T235656Z-29160/runs/upstream-pc-100-30-zipper-s133-20260823T235656Z-29160/metrics.json,/home/CuiMinghao/projects/AOI2026/EvoInspect_130_Research_Kit/reports/experiments/upstream-patchcore-100-30-mvtec15-5seed-8gpu-20260823T235656Z-29160/runs/upstream-pc-100-30-zipper-s133-20260823T235656Z-29160/model,,Pinned upstream fcaa92f124fb1ad74a7acf56726decd4b27cbcad; category=mvtec_ad_zipper; support anomalies unused by PatchCore memory
upstream-pc-100-30-zipper-s134-20260823T235656Z-29160,completed_official_style_baseline,2026-08-24T00:00:27+00:00,2026-08-24T00:01:03+00:00,UNAVAILABLE,true,3f3e3dae7213b8c0e808a235e1c794ff96ebeb981ef4091a93287591f8a5416a,6069c761f5ad36c25f9cbd461d11eb1805686a3020a8bd9f494e25570b9cbcd9,fefbc080bdf9ca15e46b5a04ef53a684645573da9c547b26f124e7d278344c4c,134,RTX 3090 physical GPU 6; Linux-5.4.0-150-generic-x86_64-with-glibc2.27; torch 2.6.0+cu124; FAISS CPU,upstream-patchcore-wrn50-l2-l3-p01-official-style,official_style_up_to_100_normal_30_seen_anomaly,/home/CuiMinghao/projects/AOI2026/EvoInspect_130_Research_Kit/reports/experiments/upstream-patchcore-100-30-mvtec15-5seed-8gpu-20260823T235656Z-29160/runs/upstream-pc-100-30-zipper-s134-20260823T235656Z-29160/metrics.json,/home/CuiMinghao/projects/AOI2026/EvoInspect_130_Research_Kit/reports/experiments/upstream-patchcore-100-30-mvtec15-5seed-8gpu-20260823T235656Z-29160/runs/upstream-pc-100-30-zipper-s134-20260823T235656Z-29160/model,,Pinned upstream fcaa92f124fb1ad74a7acf56726decd4b27cbcad; category=mvtec_ad_zipper; support anomalies unused by PatchCore memory
upstream-pc-100-30-zipper-s135-20260823T235656Z-29160,completed_official_style_baseline,2026-08-24T00:00:29+00:00,2026-08-24T00:01:06+00:00,UNAVAILABLE,true,3f3e3dae7213b8c0e808a235e1c794ff96ebeb981ef4091a93287591f8a5416a,6069c761f5ad36c25f9cbd461d11eb1805686a3020a8bd9f494e25570b9cbcd9,b9c12b90f4e60c589abb7db77e3e992559de6532a5719de22891707185f853e5,135,RTX 3090 physical GPU 7; Linux-5.4.0-150-generic-x86_64-with-glibc2.27; torch 2.6.0+cu124; FAISS CPU,upstream-patchcore-wrn50-l2-l3-p01-official-style,official_style_up_to_100_normal_30_seen_anomaly,/home/CuiMinghao/projects/AOI2026/EvoInspect_130_Research_Kit/reports/experiments/upstream-patchcore-100-30-mvtec15-5seed-8gpu-20260823T235656Z-29160/runs/upstream-pc-100-30-zipper-s135-20260823T235656Z-29160/metrics.json,/home/CuiMinghao/projects/AOI2026/EvoInspect_130_Research_Kit/reports/experiments/upstream-patchcore-100-30-mvtec15-5seed-8gpu-20260823T235656Z-29160/runs/upstream-pc-100-30-zipper-s135-20260823T235656Z-29160/model,,Pinned upstream fcaa92f124fb1ad74a7acf56726decd4b27cbcad; category=mvtec_ad_zipper; support anomalies unused by PatchCore memory
upstream-pc-100-30-zipper-s136-20260823T235656Z-29160,completed_official_style_baseline,2026-08-24T00:01:14+00:00,2026-08-24T00:01:50+00:00,UNAVAILABLE,true,3f3e3dae7213b8c0e808a235e1c794ff96ebeb981ef4091a93287591f8a5416a,6069c761f5ad36c25f9cbd461d11eb1805686a3020a8bd9f494e25570b9cbcd9,10e3a05d61267450f47b913fb4877776b0314c5c97b6a591ee037861d83e2cbc,136,RTX 3090 physical GPU 0; Linux-5.4.0-150-generic-x86_64-with-glibc2.27; torch 2.6.0+cu124; FAISS CPU,upstream-patchcore-wrn50-l2-l3-p01-official-style,official_style_up_to_100_normal_30_seen_anomaly,/home/CuiMinghao/projects/AOI2026/EvoInspect_130_Research_Kit/reports/experiments/upstream-patchcore-100-30-mvtec15-5seed-8gpu-20260823T235656Z-29160/runs/upstream-pc-100-30-zipper-s136-20260823T235656Z-29160/metrics.json,/home/CuiMinghao/projects/AOI2026/EvoInspect_130_Research_Kit/reports/experiments/upstream-patchcore-100-30-mvtec15-5seed-8gpu-20260823T235656Z-29160/runs/upstream-pc-100-30-zipper-s136-20260823T235656Z-29160/model,,Pinned upstream fcaa92f124fb1ad74a7acf56726decd4b27cbcad; category=mvtec_ad_zipper; support anomalies unused by PatchCore memory
upstream-pc-100-30-zipper-s137-20260823T235656Z-29160,completed_official_style_baseline,2026-08-24T00:01:15+00:00,2026-08-24T00:01:51+00:00,UNAVAILABLE,true,3f3e3dae7213b8c0e808a235e1c794ff96ebeb981ef4091a93287591f8a5416a,6069c761f5ad36c25f9cbd461d11eb1805686a3020a8bd9f494e25570b9cbcd9,54289c7b00b1e07580d783ff186fa2564dd6b7b3544eb76423105be55e033959,137,RTX 3090 physical GPU 1; Linux-5.4.0-150-generic-x86_64-with-glibc2.27; torch 2.6.0+cu124; FAISS CPU,upstream-patchcore-wrn50-l2-l3-p01-official-style,official_style_up_to_100_normal_30_seen_anomaly,/home/CuiMinghao/projects/AOI2026/EvoInspect_130_Research_Kit/reports/experiments/upstream-patchcore-100-30-mvtec15-5seed-8gpu-20260823T235656Z-29160/runs/upstream-pc-100-30-zipper-s137-20260823T235656Z-29160/metrics.json,/home/CuiMinghao/projects/AOI2026/EvoInspect_130_Research_Kit/reports/experiments/upstream-patchcore-100-30-mvtec15-5seed-8gpu-20260823T235656Z-29160/runs/upstream-pc-100-30-zipper-s137-20260823T235656Z-29160/model,,Pinned upstream fcaa92f124fb1ad74a7acf56726decd4b27cbcad; category=mvtec_ad_zipper; support anomalies unused by PatchCore memory
gf-v3-upstream-smoke-screw-s130-20260824T002038Z-2516,completed_development_innovation,2026-08-24T00:20:47+00:00,2026-08-24T00:21:44+00:00,UNAVAILABLE,true,db33a28983522b8cd00fc0a2a0e70b5f7ab229fc9fd02516913e2c17a970540b,6069c761f5ad36c25f9cbd461d11eb1805686a3020a8bd9f494e25570b9cbcd9,b384b4e4d976b0f39339de019b1f2a40e03f01a3c7de8576b1b89b97658f0d90,130,RTX 3090 physical GPU 0; Linux-5.4.0-150-generic-x86_64-with-glibc2.27; torch 2.6.0+cu124; FAISS CPU,guarded-fusion-v3-upstream-patchcore-development,official_style_up_to_100_normal_30_seen_anomaly,/home/CuiMinghao/projects/AOI2026/EvoInspect_130_Research_Kit/reports/experiments/guarded-fusion-v3-upstream-screw-s130-smoke-20260824T002038Z-2516/runs/gf-v3-upstream-smoke-screw-s130-20260824T002038Z-2516/metrics.json,/home/CuiMinghao/projects/AOI2026/EvoInspect_130_Research_Kit/reports/experiments/guarded-fusion-v3-upstream-screw-s130-smoke-20260824T002038Z-2516/runs/gf-v3-upstream-smoke-screw-s130-20260824T002038Z-2516/model,,Pinned upstream fcaa92f124fb1ad74a7acf56726decd4b27cbcad; category=mvtec_ad_screw; support anomalies unused by PatchCore memory; used only by GuardedFusion v3 supervised rescue head
gf-v3-upstream-dev-bottle-s130-20260824T002208Z-4073,completed_development_innovation,2026-08-24T00:25:43+00:00,2026-08-24T00:26:29+00:00,UNAVAILABLE,true,db33a28983522b8cd00fc0a2a0e70b5f7ab229fc9fd02516913e2c17a970540b,6069c761f5ad36c25f9cbd461d11eb1805686a3020a8bd9f494e25570b9cbcd9,f25898486f80435cb7800f9dfd88b27c871ee9c2ea57a0884df3412668535921,130,RTX 3090 physical GPU 0; Linux-5.4.0-150-generic-x86_64-with-glibc2.27; torch 2.6.0+cu124; FAISS CPU,guarded-fusion-v3-upstream-patchcore-development,official_style_up_to_100_normal_30_seen_anomaly,/home/CuiMinghao/projects/AOI2026/EvoInspect_130_Research_Kit/reports/experiments/guarded-fusion-v3-upstream-dev15-3seed-8gpu-20260824T002208Z-4073/runs/gf-v3-upstream-dev-bottle-s130-20260824T002208Z-4073/metrics.json,/home/CuiMinghao/projects/AOI2026/EvoInspect_130_Research_Kit/reports/experiments/guarded-fusion-v3-upstream-dev15-3seed-8gpu-20260824T002208Z-4073/runs/gf-v3-upstream-dev-bottle-s130-20260824T002208Z-4073/model,,Pinned upstream fcaa92f124fb1ad74a7acf56726decd4b27cbcad; category=mvtec_ad_bottle; support anomalies unused by PatchCore memory; used only by GuardedFusion v3 supervised rescue head
gf-v3-upstream-dev-bottle-s131-20260824T002208Z-4073,completed_development_innovation,2026-08-24T00:25:45+00:00,2026-08-24T00:26:30+00:00,UNAVAILABLE,true,db33a28983522b8cd00fc0a2a0e70b5f7ab229fc9fd02516913e2c17a970540b,6069c761f5ad36c25f9cbd461d11eb1805686a3020a8bd9f494e25570b9cbcd9,b208d154a89776d4962b65e3d4a4f87ab1dfdcc0d0ea5fc73802e2ed95e3f130,131,RTX 3090 physical GPU 1; Linux-5.4.0-150-generic-x86_64-with-glibc2.27; torch 2.6.0+cu124; FAISS CPU,guarded-fusion-v3-upstream-patchcore-development,official_style_up_to_100_normal_30_seen_anomaly,/home/CuiMinghao/projects/AOI2026/EvoInspect_130_Research_Kit/reports/experiments/guarded-fusion-v3-upstream-dev15-3seed-8gpu-20260824T002208Z-4073/runs/gf-v3-upstream-dev-bottle-s131-20260824T002208Z-4073/metrics.json,/home/CuiMinghao/projects/AOI2026/EvoInspect_130_Research_Kit/reports/experiments/guarded-fusion-v3-upstream-dev15-3seed-8gpu-20260824T002208Z-4073/runs/gf-v3-upstream-dev-bottle-s131-20260824T002208Z-4073/model,,Pinned upstream fcaa92f124fb1ad74a7acf56726decd4b27cbcad; category=mvtec_ad_bottle; support anomalies unused by PatchCore memory; used only by GuardedFusion v3 supervised rescue head
gf-v3-upstream-dev-bottle-s132-20260824T002208Z-4073,completed_development_innovation,2026-08-24T00:25:16+00:00,2026-08-24T00:26:01+00:00,UNAVAILABLE,true,db33a28983522b8cd00fc0a2a0e70b5f7ab229fc9fd02516913e2c17a970540b,6069c761f5ad36c25f9cbd461d11eb1805686a3020a8bd9f494e25570b9cbcd9,c33a78cf10dd19d4a3adf69941f4479520ab1fc64eb90f1718e5fd8c8e00ee73,132,RTX 3090 physical GPU 2; Linux-5.4.0-150-generic-x86_64-with-glibc2.27; torch 2.6.0+cu124; FAISS CPU,guarded-fusion-v3-upstream-patchcore-development,official_style_up_to_100_normal_30_seen_anomaly,/home/CuiMinghao/projects/AOI2026/EvoInspect_130_Research_Kit/reports/experiments/guarded-fusion-v3-upstream-dev15-3seed-8gpu-20260824T002208Z-4073/runs/gf-v3-upstream-dev-bottle-s132-20260824T002208Z-4073/metrics.json,/home/CuiMinghao/projects/AOI2026/EvoInspect_130_Research_Kit/reports/experiments/guarded-fusion-v3-upstream-dev15-3seed-8gpu-20260824T002208Z-4073/runs/gf-v3-upstream-dev-bottle-s132-20260824T002208Z-4073/model,,Pinned upstream fcaa92f124fb1ad74a7acf56726decd4b27cbcad; category=mvtec_ad_bottle; support anomalies unused by PatchCore memory; used only by GuardedFusion v3 supervised rescue head
gf-v3-upstream-dev-cable-s130-20260824T002208Z-4073,completed_development_innovation,2026-08-24T00:22:18+00:00,2026-08-24T00:23:25+00:00,UNAVAILABLE,true,db33a28983522b8cd00fc0a2a0e70b5f7ab229fc9fd02516913e2c17a970540b,6069c761f5ad36c25f9cbd461d11eb1805686a3020a8bd9f494e25570b9cbcd9,6fb626627575d9ccb5fc820d7dbbbec05b39e1f8118a2058a45b0464414a9bf4,130,RTX 3090 physical GPU 6; Linux-5.4.0-150-generic-x86_64-with-glibc2.27; torch 2.6.0+cu124; FAISS CPU,guarded-fusion-v3-upstream-patchcore-development,official_style_up_to_100_normal_30_seen_anomaly,/home/CuiMinghao/projects/AOI2026/EvoInspect_130_Research_Kit/reports/experiments/guarded-fusion-v3-upstream-dev15-3seed-8gpu-20260824T002208Z-4073/runs/gf-v3-upstream-dev-cable-s130-20260824T002208Z-4073/metrics.json,/home/CuiMinghao/projects/AOI2026/EvoInspect_130_Research_Kit/reports/experiments/guarded-fusion-v3-upstream-dev15-3seed-8gpu-20260824T002208Z-4073/runs/gf-v3-upstream-dev-cable-s130-20260824T002208Z-4073/model,,Pinned upstream fcaa92f124fb1ad74a7acf56726decd4b27cbcad; category=mvtec_ad_cable; support anomalies unused by PatchCore memory; used only by GuardedFusion v3 supervised rescue head
gf-v3-upstream-dev-cable-s131-20260824T002208Z-4073,completed_development_innovation,2026-08-24T00:22:19+00:00,2026-08-24T00:23:25+00:00,UNAVAILABLE,true,db33a28983522b8cd00fc0a2a0e70b5f7ab229fc9fd02516913e2c17a970540b,6069c761f5ad36c25f9cbd461d11eb1805686a3020a8bd9f494e25570b9cbcd9,2f918498c9054ebf4b04a2daa7a14cee6a3e456e536dc169e9091ce0917a9a74,131,RTX 3090 physical GPU 7; Linux-5.4.0-150-generic-x86_64-with-glibc2.27; torch 2.6.0+cu124; FAISS CPU,guarded-fusion-v3-upstream-patchcore-development,official_style_up_to_100_normal_30_seen_anomaly,/home/CuiMinghao/projects/AOI2026/EvoInspect_130_Research_Kit/reports/experiments/guarded-fusion-v3-upstream-dev15-3seed-8gpu-20260824T002208Z-4073/runs/gf-v3-upstream-dev-cable-s131-20260824T002208Z-4073/metrics.json,/home/CuiMinghao/projects/AOI2026/EvoInspect_130_Research_Kit/reports/experiments/guarded-fusion-v3-upstream-dev15-3seed-8gpu-20260824T002208Z-4073/runs/gf-v3-upstream-dev-cable-s131-20260824T002208Z-4073/model,,Pinned upstream fcaa92f124fb1ad74a7acf56726decd4b27cbcad; category=mvtec_ad_cable; support anomalies unused by PatchCore memory; used only by GuardedFusion v3 supervised rescue head
gf-v3-upstream-dev-cable-s132-20260824T002208Z-4073,completed_development_innovation,2026-08-24T00:23:28+00:00,2026-08-24T00:24:33+00:00,UNAVAILABLE,true,db33a28983522b8cd00fc0a2a0e70b5f7ab229fc9fd02516913e2c17a970540b,6069c761f5ad36c25f9cbd461d11eb1805686a3020a8bd9f494e25570b9cbcd9,57b60dddd47f1c028dd90d28593d14e8e0fa826a1962bedefb1c2e5b6aac72a1,132,RTX 3090 physical GPU 0; Linux-5.4.0-150-generic-x86_64-with-glibc2.27; torch 2.6.0+cu124; FAISS CPU,guarded-fusion-v3-upstream-patchcore-development,official_style_up_to_100_normal_30_seen_anomaly,/home/CuiMinghao/projects/AOI2026/EvoInspect_130_Research_Kit/reports/experiments/guarded-fusion-v3-upstream-dev15-3seed-8gpu-20260824T002208Z-4073/runs/gf-v3-upstream-dev-cable-s132-20260824T002208Z-4073/metrics.json,/home/CuiMinghao/projects/AOI2026/EvoInspect_130_Research_Kit/reports/experiments/guarded-fusion-v3-upstream-dev15-3seed-8gpu-20260824T002208Z-4073/runs/gf-v3-upstream-dev-cable-s132-20260824T002208Z-4073/model,,Pinned upstream fcaa92f124fb1ad74a7acf56726decd4b27cbcad; category=mvtec_ad_cable; support anomalies unused by PatchCore memory; used only by GuardedFusion v3 supervised rescue head
gf-v3-upstream-dev-capsule-s130-20260824T002208Z-4073,completed_development_innovation,2026-08-24T00:22:18+00:00,2026-08-24T00:23:20+00:00,UNAVAILABLE,true,db33a28983522b8cd00fc0a2a0e70b5f7ab229fc9fd02516913e2c17a970540b,6069c761f5ad36c25f9cbd461d11eb1805686a3020a8bd9f494e25570b9cbcd9,664320350ffef736d2a4f1f67e89256908e25131beecfb58c487060340788994,130,RTX 3090 physical GPU 3; Linux-5.4.0-150-generic-x86_64-with-glibc2.27; torch 2.6.0+cu124; FAISS CPU,guarded-fusion-v3-upstream-patchcore-development,official_style_up_to_100_normal_30_seen_anomaly,/home/CuiMinghao/projects/AOI2026/EvoInspect_130_Research_Kit/reports/experiments/guarded-fusion-v3-upstream-dev15-3seed-8gpu-20260824T002208Z-4073/runs/gf-v3-upstream-dev-capsule-s130-20260824T002208Z-4073/metrics.json,/home/CuiMinghao/projects/AOI2026/EvoInspect_130_Research_Kit/reports/experiments/guarded-fusion-v3-upstream-dev15-3seed-8gpu-20260824T002208Z-4073/runs/gf-v3-upstream-dev-capsule-s130-20260824T002208Z-4073/model,,Pinned upstream fcaa92f124fb1ad74a7acf56726decd4b27cbcad; category=mvtec_ad_capsule; support anomalies unused by PatchCore memory; used only by GuardedFusion v3 supervised rescue head
gf-v3-upstream-dev-capsule-s131-20260824T002208Z-4073,completed_development_innovation,2026-08-24T00:22:19+00:00,2026-08-24T00:23:21+00:00,UNAVAILABLE,true,db33a28983522b8cd00fc0a2a0e70b5f7ab229fc9fd02516913e2c17a970540b,6069c761f5ad36c25f9cbd461d11eb1805686a3020a8bd9f494e25570b9cbcd9,3910d5b84c141907a6721a63f9266523e3e11f5a9ccaa24d9c40845cef641277,131,RTX 3090 physical GPU 4; Linux-5.4.0-150-generic-x86_64-with-glibc2.27; torch 2.6.0+cu124; FAISS CPU,guarded-fusion-v3-upstream-patchcore-development,official_style_up_to_100_normal_30_seen_anomaly,/home/CuiMinghao/projects/AOI2026/EvoInspect_130_Research_Kit/reports/experiments/guarded-fusion-v3-upstream-dev15-3seed-8gpu-20260824T002208Z-4073/runs/gf-v3-upstream-dev-capsule-s131-20260824T002208Z-4073/metrics.json,/home/CuiMinghao/projects/AOI2026/EvoInspect_130_Research_Kit/reports/experiments/guarded-fusion-v3-upstream-dev15-3seed-8gpu-20260824T002208Z-4073/runs/gf-v3-upstream-dev-capsule-s131-20260824T002208Z-4073/model,,Pinned upstream fcaa92f124fb1ad74a7acf56726decd4b27cbcad; category=mvtec_ad_capsule; support anomalies unused by PatchCore memory; used only by GuardedFusion v3 supervised rescue head
gf-v3-upstream-dev-capsule-s132-20260824T002208Z-4073,completed_development_innovation,2026-08-24T00:22:18+00:00,2026-08-24T00:23:21+00:00,UNAVAILABLE,true,db33a28983522b8cd00fc0a2a0e70b5f7ab229fc9fd02516913e2c17a970540b,6069c761f5ad36c25f9cbd461d11eb1805686a3020a8bd9f494e25570b9cbcd9,42adc7179a71824c28cfc622ba03defeaa1aee3446fb2d9a54b43fcbdfab75c4,132,RTX 3090 physical GPU 5; Linux-5.4.0-150-generic-x86_64-with-glibc2.27; torch 2.6.0+cu124; FAISS CPU,guarded-fusion-v3-upstream-patchcore-development,official_style_up_to_100_normal_30_seen_anomaly,/home/CuiMinghao/projects/AOI2026/EvoInspect_130_Research_Kit/reports/experiments/guarded-fusion-v3-upstream-dev15-3seed-8gpu-20260824T002208Z-4073/runs/gf-v3-upstream-dev-capsule-s132-20260824T002208Z-4073/metrics.json,/home/CuiMinghao/projects/AOI2026/EvoInspect_130_Research_Kit/reports/experiments/guarded-fusion-v3-upstream-dev15-3seed-8gpu-20260824T002208Z-4073/runs/gf-v3-upstream-dev-capsule-s132-20260824T002208Z-4073/model,,Pinned upstream fcaa92f124fb1ad74a7acf56726decd4b27cbcad; category=mvtec_ad_capsule; support anomalies unused by PatchCore memory; used only by GuardedFusion v3 supervised rescue head
gf-v3-upstream-dev-carpet-s130-20260824T002208Z-4073,completed_development_innovation,2026-08-24T00:25:27+00:00,2026-08-24T00:26:22+00:00,UNAVAILABLE,true,db33a28983522b8cd00fc0a2a0e70b5f7ab229fc9fd02516913e2c17a970540b,6069c761f5ad36c25f9cbd461d11eb1805686a3020a8bd9f494e25570b9cbcd9,37c74aa87c2c95aa2ef5a2b4ba611ba52f6b2e8c8bc4c3a38a14beb41d3925bb,130,RTX 3090 physical GPU 6; Linux-5.4.0-150-generic-x86_64-with-glibc2.27; torch 2.6.0+cu124; FAISS CPU,guarded-fusion-v3-upstream-patchcore-development,official_style_up_to_100_normal_30_seen_anomaly,/home/CuiMinghao/projects/AOI2026/EvoInspect_130_Research_Kit/reports/experiments/guarded-fusion-v3-upstream-dev15-3seed-8gpu-20260824T002208Z-4073/runs/gf-v3-upstream-dev-carpet-s130-20260824T002208Z-4073/metrics.json,/home/CuiMinghao/projects/AOI2026/EvoInspect_130_Research_Kit/reports/experiments/guarded-fusion-v3-upstream-dev15-3seed-8gpu-20260824T002208Z-4073/runs/gf-v3-upstream-dev-carpet-s130-20260824T002208Z-4073/model,,Pinned upstream fcaa92f124fb1ad74a7acf56726decd4b27cbcad; category=mvtec_ad_carpet; support anomalies unused by PatchCore memory; used only by GuardedFusion v3 supervised rescue head
gf-v3-upstream-dev-carpet-s131-20260824T002208Z-4073,completed_development_innovation,2026-08-24T00:25:26+00:00,2026-08-24T00:26:23+00:00,UNAVAILABLE,true,db33a28983522b8cd00fc0a2a0e70b5f7ab229fc9fd02516913e2c17a970540b,6069c761f5ad36c25f9cbd461d11eb1805686a3020a8bd9f494e25570b9cbcd9,72f9149483a7efad5e978b6c0015757e4683063ee29971a73df06e3df31a372b,131,RTX 3090 physical GPU 7; Linux-5.4.0-150-generic-x86_64-with-glibc2.27; torch 2.6.0+cu124; FAISS CPU,guarded-fusion-v3-upstream-patchcore-development,official_style_up_to_100_normal_30_seen_anomaly,/home/CuiMinghao/projects/AOI2026/EvoInspect_130_Research_Kit/reports/experiments/guarded-fusion-v3-upstream-dev15-3seed-8gpu-20260824T002208Z-4073/runs/gf-v3-upstream-dev-carpet-s131-20260824T002208Z-4073/metrics.json,/home/CuiMinghao/projects/AOI2026/EvoInspect_130_Research_Kit/reports/experiments/guarded-fusion-v3-upstream-dev15-3seed-8gpu-20260824T002208Z-4073/runs/gf-v3-upstream-dev-carpet-s131-20260824T002208Z-4073/model,,Pinned upstream fcaa92f124fb1ad74a7acf56726decd4b27cbcad; category=mvtec_ad_carpet; support anomalies unused by PatchCore memory; used only by GuardedFusion v3 supervised rescue head
gf-v3-upstream-dev-carpet-s132-20260824T002208Z-4073,completed_development_innovation,2026-08-24T00:26:37+00:00,2026-08-24T00:27:33+00:00,UNAVAILABLE,true,db33a28983522b8cd00fc0a2a0e70b5f7ab229fc9fd02516913e2c17a970540b,6069c761f5ad36c25f9cbd461d11eb1805686a3020a8bd9f494e25570b9cbcd9,4adfb5ee5118e778a5ba3f08b00f430ecee025e19df1c4efc70f13e82d8a7a80,132,RTX 3090 physical GPU 0; Linux-5.4.0-150-generic-x86_64-with-glibc2.27; torch 2.6.0+cu124; FAISS CPU,guarded-fusion-v3-upstream-patchcore-development,official_style_up_to_100_normal_30_seen_anomaly,/home/CuiMinghao/projects/AOI2026/EvoInspect_130_Research_Kit/reports/experiments/guarded-fusion-v3-upstream-dev15-3seed-8gpu-20260824T002208Z-4073/runs/gf-v3-upstream-dev-carpet-s132-20260824T002208Z-4073/metrics.json,/home/CuiMinghao/projects/AOI2026/EvoInspect_130_Research_Kit/reports/experiments/guarded-fusion-v3-upstream-dev15-3seed-8gpu-20260824T002208Z-4073/runs/gf-v3-upstream-dev-carpet-s132-20260824T002208Z-4073/model,,Pinned upstream fcaa92f124fb1ad74a7acf56726decd4b27cbcad; category=mvtec_ad_carpet; support anomalies unused by PatchCore memory; used only by GuardedFusion v3 supervised rescue head
gf-v3-upstream-dev-grid-s130-20260824T002208Z-4073,completed_development_innovation,2026-08-24T00:24:31+00:00,2026-08-24T00:25:14+00:00,UNAVAILABLE,true,db33a28983522b8cd00fc0a2a0e70b5f7ab229fc9fd02516913e2c17a970540b,6069c761f5ad36c25f9cbd461d11eb1805686a3020a8bd9f494e25570b9cbcd9,2d733fdc472cbd7ec9b77e05fe42c5b034d12f41cadb78b63128c9befb4612c5,130,RTX 3090 physical GPU 5; Linux-5.4.0-150-generic-x86_64-with-glibc2.27; torch 2.6.0+cu124; FAISS CPU,guarded-fusion-v3-upstream-patchcore-development,official_style_up_to_100_normal_30_seen_anomaly,/home/CuiMinghao/projects/AOI2026/EvoInspect_130_Research_Kit/reports/experiments/guarded-fusion-v3-upstream-dev15-3seed-8gpu-20260824T002208Z-4073/runs/gf-v3-upstream-dev-grid-s130-20260824T002208Z-4073/metrics.json,/home/CuiMinghao/projects/AOI2026/EvoInspect_130_Research_Kit/reports/experiments/guarded-fusion-v3-upstream-dev15-3seed-8gpu-20260824T002208Z-4073/runs/gf-v3-upstream-dev-grid-s130-20260824T002208Z-4073/model,,Pinned upstream fcaa92f124fb1ad74a7acf56726decd4b27cbcad; category=mvtec_ad_grid; support anomalies unused by PatchCore memory; used only by GuardedFusion v3 supervised rescue head
gf-v3-upstream-dev-grid-s131-20260824T002208Z-4073,completed_development_innovation,2026-08-24T00:24:34+00:00,2026-08-24T00:25:18+00:00,UNAVAILABLE,true,db33a28983522b8cd00fc0a2a0e70b5f7ab229fc9fd02516913e2c17a970540b,6069c761f5ad36c25f9cbd461d11eb1805686a3020a8bd9f494e25570b9cbcd9,fa1b9c6a5a3ac27d2cb26d2842f5985a0119790aed96fb19ad205cdd2bb38190,131,RTX 3090 physical GPU 6; Linux-5.4.0-150-generic-x86_64-with-glibc2.27; torch 2.6.0+cu124; FAISS CPU,guarded-fusion-v3-upstream-patchcore-development,official_style_up_to_100_normal_30_seen_anomaly,/home/CuiMinghao/projects/AOI2026/EvoInspect_130_Research_Kit/reports/experiments/guarded-fusion-v3-upstream-dev15-3seed-8gpu-20260824T002208Z-4073/runs/gf-v3-upstream-dev-grid-s131-20260824T002208Z-4073/metrics.json,/home/CuiMinghao/projects/AOI2026/EvoInspect_130_Research_Kit/reports/experiments/guarded-fusion-v3-upstream-dev15-3seed-8gpu-20260824T002208Z-4073/runs/gf-v3-upstream-dev-grid-s131-20260824T002208Z-4073/model,,Pinned upstream fcaa92f124fb1ad74a7acf56726decd4b27cbcad; category=mvtec_ad_grid; support anomalies unused by PatchCore memory; used only by GuardedFusion v3 supervised rescue head
gf-v3-upstream-dev-grid-s132-20260824T002208Z-4073,completed_development_innovation,2026-08-24T00:24:35+00:00,2026-08-24T00:25:18+00:00,UNAVAILABLE,true,db33a28983522b8cd00fc0a2a0e70b5f7ab229fc9fd02516913e2c17a970540b,6069c761f5ad36c25f9cbd461d11eb1805686a3020a8bd9f494e25570b9cbcd9,01d7cbf3dcca7a06e8c2d1f99051282f53de7009de8b09602d7b6e5afcbe12a8,132,RTX 3090 physical GPU 7; Linux-5.4.0-150-generic-x86_64-with-glibc2.27; torch 2.6.0+cu124; FAISS CPU,guarded-fusion-v3-upstream-patchcore-development,official_style_up_to_100_normal_30_seen_anomaly,/home/CuiMinghao/projects/AOI2026/EvoInspect_130_Research_Kit/reports/experiments/guarded-fusion-v3-upstream-dev15-3seed-8gpu-20260824T002208Z-4073/runs/gf-v3-upstream-dev-grid-s132-20260824T002208Z-4073/metrics.json,/home/CuiMinghao/projects/AOI2026/EvoInspect_130_Research_Kit/reports/experiments/guarded-fusion-v3-upstream-dev15-3seed-8gpu-20260824T002208Z-4073/runs/gf-v3-upstream-dev-grid-s132-20260824T002208Z-4073/model,,Pinned upstream fcaa92f124fb1ad74a7acf56726decd4b27cbcad; category=mvtec_ad_grid; support anomalies unused by PatchCore memory; used only by GuardedFusion v3 supervised rescue head
gf-v3-upstream-dev-hazelnut-s130-20260824T002208Z-4073,completed_development_innovation,2026-08-24T00:26:15+00:00,2026-08-24T00:27:08+00:00,UNAVAILABLE,true,db33a28983522b8cd00fc0a2a0e70b5f7ab229fc9fd02516913e2c17a970540b,6069c761f5ad36c25f9cbd461d11eb1805686a3020a8bd9f494e25570b9cbcd9,1cbb9442ba440de357c075042d122f3d54100be65036738410e11cafe0f47861,130,RTX 3090 physical GPU 4; Linux-5.4.0-150-generic-x86_64-with-glibc2.27; torch 2.6.0+cu124; FAISS CPU,guarded-fusion-v3-upstream-patchcore-development,official_style_up_to_100_normal_30_seen_anomaly,/home/CuiMinghao/projects/AOI2026/EvoInspect_130_Research_Kit/reports/experiments/guarded-fusion-v3-upstream-dev15-3seed-8gpu-20260824T002208Z-4073/runs/gf-v3-upstream-dev-hazelnut-s130-20260824T002208Z-4073/metrics.json,/home/CuiMinghao/projects/AOI2026/EvoInspect_130_Research_Kit/reports/experiments/guarded-fusion-v3-upstream-dev15-3seed-8gpu-20260824T002208Z-4073/runs/gf-v3-upstream-dev-hazelnut-s130-20260824T002208Z-4073/model,,Pinned upstream fcaa92f124fb1ad74a7acf56726decd4b27cbcad; category=mvtec_ad_hazelnut; support anomalies unused by PatchCore memory; used only by GuardedFusion v3 supervised rescue head
gf-v3-upstream-dev-hazelnut-s131-20260824T002208Z-4073,completed_development_innovation,2026-08-24T00:26:26+00:00,2026-08-24T00:27:20+00:00,UNAVAILABLE,true,db33a28983522b8cd00fc0a2a0e70b5f7ab229fc9fd02516913e2c17a970540b,6069c761f5ad36c25f9cbd461d11eb1805686a3020a8bd9f494e25570b9cbcd9,0a225ead1468b84bb4cb6fb8d1b17be04808a37f31c3b4856b4801a91b36fd23,131,RTX 3090 physical GPU 5; Linux-5.4.0-150-generic-x86_64-with-glibc2.27; torch 2.6.0+cu124; FAISS CPU,guarded-fusion-v3-upstream-patchcore-development,official_style_up_to_100_normal_30_seen_anomaly,/home/CuiMinghao/projects/AOI2026/EvoInspect_130_Research_Kit/reports/experiments/guarded-fusion-v3-upstream-dev15-3seed-8gpu-20260824T002208Z-4073/runs/gf-v3-upstream-dev-hazelnut-s131-20260824T002208Z-4073/metrics.json,/home/CuiMinghao/projects/AOI2026/EvoInspect_130_Research_Kit/reports/experiments/guarded-fusion-v3-upstream-dev15-3seed-8gpu-20260824T002208Z-4073/runs/gf-v3-upstream-dev-hazelnut-s131-20260824T002208Z-4073/model,,Pinned upstream fcaa92f124fb1ad74a7acf56726decd4b27cbcad; category=mvtec_ad_hazelnut; support anomalies unused by PatchCore memory; used only by GuardedFusion v3 supervised rescue head
gf-v3-upstream-dev-hazelnut-s132-20260824T002208Z-4073,completed_development_innovation,2026-08-24T00:26:31+00:00,2026-08-24T00:27:25+00:00,UNAVAILABLE,true,db33a28983522b8cd00fc0a2a0e70b5f7ab229fc9fd02516913e2c17a970540b,6069c761f5ad36c25f9cbd461d11eb1805686a3020a8bd9f494e25570b9cbcd9,a6776ae02ae39e81b87960c27fbc3a0db7014362ba08e50acf714e69b3ac4cf9,132,RTX 3090 physical GPU 6; Linux-5.4.0-150-generic-x86_64-with-glibc2.27; torch 2.6.0+cu124; FAISS CPU,guarded-fusion-v3-upstream-patchcore-development,official_style_up_to_100_normal_30_seen_anomaly,/home/CuiMinghao/projects/AOI2026/EvoInspect_130_Research_Kit/reports/experiments/guarded-fusion-v3-upstream-dev15-3seed-8gpu-20260824T002208Z-4073/runs/gf-v3-upstream-dev-hazelnut-s132-20260824T002208Z-4073/metrics.json,/home/CuiMinghao/projects/AOI2026/EvoInspect_130_Research_Kit/reports/experiments/guarded-fusion-v3-upstream-dev15-3seed-8gpu-20260824T002208Z-4073/runs/gf-v3-upstream-dev-hazelnut-s132-20260824T002208Z-4073/model,,Pinned upstream fcaa92f124fb1ad74a7acf56726decd4b27cbcad; category=mvtec_ad_hazelnut; support anomalies unused by PatchCore memory; used only by GuardedFusion v3 supervised rescue head
gf-v3-upstream-dev-leather-s130-20260824T002208Z-4073,completed_development_innovation,2026-08-24T00:26:39+00:00,2026-08-24T00:27:35+00:00,UNAVAILABLE,true,db33a28983522b8cd00fc0a2a0e70b5f7ab229fc9fd02516913e2c17a970540b,6069c761f5ad36c25f9cbd461d11eb1805686a3020a8bd9f494e25570b9cbcd9,9fcb871b5f2740254a4f2a3769cc7c2ec8ed13cae77fffce8c4671912ceb54a0,130,RTX 3090 physical GPU 1; Linux-5.4.0-150-generic-x86_64-with-glibc2.27; torch 2.6.0+cu124; FAISS CPU,guarded-fusion-v3-upstream-patchcore-development,official_style_up_to_100_normal_30_seen_anomaly,/home/CuiMinghao/projects/AOI2026/EvoInspect_130_Research_Kit/reports/experiments/guarded-fusion-v3-upstream-dev15-3seed-8gpu-20260824T002208Z-4073/runs/gf-v3-upstream-dev-leather-s130-20260824T002208Z-4073/metrics.json,/home/CuiMinghao/projects/AOI2026/EvoInspect_130_Research_Kit/reports/experiments/guarded-fusion-v3-upstream-dev15-3seed-8gpu-20260824T002208Z-4073/runs/gf-v3-upstream-dev-leather-s130-20260824T002208Z-4073/model,,Pinned upstream fcaa92f124fb1ad74a7acf56726decd4b27cbcad; category=mvtec_ad_leather; support anomalies unused by PatchCore memory; used only by GuardedFusion v3 supervised rescue head
gf-v3-upstream-dev-leather-s131-20260824T002208Z-4073,completed_development_innovation,2026-08-24T00:26:10+00:00,2026-08-24T00:27:07+00:00,UNAVAILABLE,true,db33a28983522b8cd00fc0a2a0e70b5f7ab229fc9fd02516913e2c17a970540b,6069c761f5ad36c25f9cbd461d11eb1805686a3020a8bd9f494e25570b9cbcd9,c12de61f9eea6e793eec0862d88915636fbef935d215f60e4f3d0afa0d359247,131,RTX 3090 physical GPU 2; Linux-5.4.0-150-generic-x86_64-with-glibc2.27; torch 2.6.0+cu124; FAISS CPU,guarded-fusion-v3-upstream-patchcore-development,official_style_up_to_100_normal_30_seen_anomaly,/home/CuiMinghao/projects/AOI2026/EvoInspect_130_Research_Kit/reports/experiments/guarded-fusion-v3-upstream-dev15-3seed-8gpu-20260824T002208Z-4073/runs/gf-v3-upstream-dev-leather-s131-20260824T002208Z-4073/metrics.json,/home/CuiMinghao/projects/AOI2026/EvoInspect_130_Research_Kit/reports/experiments/guarded-fusion-v3-upstream-dev15-3seed-8gpu-20260824T002208Z-4073/runs/gf-v3-upstream-dev-leather-s131-20260824T002208Z-4073/model,,Pinned upstream fcaa92f124fb1ad74a7acf56726decd4b27cbcad; category=mvtec_ad_leather; support anomalies unused by PatchCore memory; used only by GuardedFusion v3 supervised rescue head
gf-v3-upstream-dev-leather-s132-20260824T002208Z-4073,completed_development_innovation,2026-08-24T00:26:24+00:00,2026-08-24T00:27:21+00:00,UNAVAILABLE,true,db33a28983522b8cd00fc0a2a0e70b5f7ab229fc9fd02516913e2c17a970540b,6069c761f5ad36c25f9cbd461d11eb1805686a3020a8bd9f494e25570b9cbcd9,503247f07d4937d37aafb2315708d1a118c89b55aae5aee4a3fc4ff2db60346a,132,RTX 3090 physical GPU 3; Linux-5.4.0-150-generic-x86_64-with-glibc2.27; torch 2.6.0+cu124; FAISS CPU,guarded-fusion-v3-upstream-patchcore-development,official_style_up_to_100_normal_30_seen_anomaly,/home/CuiMinghao/projects/AOI2026/EvoInspect_130_Research_Kit/reports/experiments/guarded-fusion-v3-upstream-dev15-3seed-8gpu-20260824T002208Z-4073/runs/gf-v3-upstream-dev-leather-s132-20260824T002208Z-4073/metrics.json,/home/CuiMinghao/projects/AOI2026/EvoInspect_130_Research_Kit/reports/experiments/guarded-fusion-v3-upstream-dev15-3seed-8gpu-20260824T002208Z-4073/runs/gf-v3-upstream-dev-leather-s132-20260824T002208Z-4073/model,,Pinned upstream fcaa92f124fb1ad74a7acf56726decd4b27cbcad; category=mvtec_ad_leather; support anomalies unused by PatchCore memory; used only by GuardedFusion v3 supervised rescue head
gf-v3-upstream-dev-metal_nut-s130-20260824T002208Z-4073,completed_development_innovation,2026-08-24T00:26:31+00:00,2026-08-24T00:27:22+00:00,UNAVAILABLE,true,db33a28983522b8cd00fc0a2a0e70b5f7ab229fc9fd02516913e2c17a970540b,6069c761f5ad36c25f9cbd461d11eb1805686a3020a8bd9f494e25570b9cbcd9,d3f2435e242144c5897adc24b13d57e16d595c48dda4e2f20360b58fa1f2c71e,130,RTX 3090 physical GPU 7; Linux-5.4.0-150-generic-x86_64-with-glibc2.27; torch 2.6.0+cu124; FAISS CPU,guarded-fusion-v3-upstream-patchcore-development,official_style_up_to_100_normal_30_seen_anomaly,/home/CuiMinghao/projects/AOI2026/EvoInspect_130_Research_Kit/reports/experiments/guarded-fusion-v3-upstream-dev15-3seed-8gpu-20260824T002208Z-4073/runs/gf-v3-upstream-dev-metal_nut-s130-20260824T002208Z-4073/metrics.json,/home/CuiMinghao/projects/AOI2026/EvoInspect_130_Research_Kit/reports/experiments/guarded-fusion-v3-upstream-dev15-3seed-8gpu-20260824T002208Z-4073/runs/gf-v3-upstream-dev-metal_nut-s130-20260824T002208Z-4073/model,,Pinned upstream fcaa92f124fb1ad74a7acf56726decd4b27cbcad; category=mvtec_ad_metal_nut; support anomalies unused by PatchCore memory; used only by GuardedFusion v3 supervised rescue head
gf-v3-upstream-dev-metal_nut-s131-20260824T002208Z-4073,completed_development_innovation,2026-08-24T00:27:41+00:00,2026-08-24T00:28:30+00:00,UNAVAILABLE,true,db33a28983522b8cd00fc0a2a0e70b5f7ab229fc9fd02516913e2c17a970540b,6069c761f5ad36c25f9cbd461d11eb1805686a3020a8bd9f494e25570b9cbcd9,dcdf5ff5d622f6fafb5050c79208c520928593195604785e348c909aed7859b0,131,RTX 3090 physical GPU 0; Linux-5.4.0-150-generic-x86_64-with-glibc2.27; torch 2.6.0+cu124; FAISS CPU,guarded-fusion-v3-upstream-patchcore-development,official_style_up_to_100_normal_30_seen_anomaly,/home/CuiMinghao/projects/AOI2026/EvoInspect_130_Research_Kit/reports/experiments/guarded-fusion-v3-upstream-dev15-3seed-8gpu-20260824T002208Z-4073/runs/gf-v3-upstream-dev-metal_nut-s131-20260824T002208Z-4073/metrics.json,/home/CuiMinghao/projects/AOI2026/EvoInspect_130_Research_Kit/reports/experiments/guarded-fusion-v3-upstream-dev15-3seed-8gpu-20260824T002208Z-4073/runs/gf-v3-upstream-dev-metal_nut-s131-20260824T002208Z-4073/model,,Pinned upstream fcaa92f124fb1ad74a7acf56726decd4b27cbcad; category=mvtec_ad_metal_nut; support anomalies unused by PatchCore memory; used only by GuardedFusion v3 supervised rescue head
gf-v3-upstream-dev-metal_nut-s132-20260824T002208Z-4073,completed_development_innovation,2026-08-24T00:27:44+00:00,2026-08-24T00:28:32+00:00,UNAVAILABLE,true,db33a28983522b8cd00fc0a2a0e70b5f7ab229fc9fd02516913e2c17a970540b,6069c761f5ad36c25f9cbd461d11eb1805686a3020a8bd9f494e25570b9cbcd9,39248869a11c521f906a33d34061eb07b5eaa659e01756b1832851602239a8ed,132,RTX 3090 physical GPU 1; Linux-5.4.0-150-generic-x86_64-with-glibc2.27; torch 2.6.0+cu124; FAISS CPU,guarded-fusion-v3-upstream-patchcore-development,official_style_up_to_100_normal_30_seen_anomaly,/home/CuiMinghao/projects/AOI2026/EvoInspect_130_Research_Kit/reports/experiments/guarded-fusion-v3-upstream-dev15-3seed-8gpu-20260824T002208Z-4073/runs/gf-v3-upstream-dev-metal_nut-s132-20260824T002208Z-4073/metrics.json,/home/CuiMinghao/projects/AOI2026/EvoInspect_130_Research_Kit/reports/experiments/guarded-fusion-v3-upstream-dev15-3seed-8gpu-20260824T002208Z-4073/runs/gf-v3-upstream-dev-metal_nut-s132-20260824T002208Z-4073/model,,Pinned upstream fcaa92f124fb1ad74a7acf56726decd4b27cbcad; category=mvtec_ad_metal_nut; support anomalies unused by PatchCore memory; used only by GuardedFusion v3 supervised rescue head
gf-v3-upstream-dev-pill-s130-20260824T002208Z-4073,completed_development_innovation,2026-08-24T00:23:28+00:00,2026-08-24T00:24:32+00:00,UNAVAILABLE,true,db33a28983522b8cd00fc0a2a0e70b5f7ab229fc9fd02516913e2c17a970540b,6069c761f5ad36c25f9cbd461d11eb1805686a3020a8bd9f494e25570b9cbcd9,21371aca3cc89c84e39cf75e7d53628cf5e822cc41cd9fe4e937196ac4902e93,130,RTX 3090 physical GPU 1; Linux-5.4.0-150-generic-x86_64-with-glibc2.27; torch 2.6.0+cu124; FAISS CPU,guarded-fusion-v3-upstream-patchcore-development,official_style_up_to_100_normal_30_seen_anomaly,/home/CuiMinghao/projects/AOI2026/EvoInspect_130_Research_Kit/reports/experiments/guarded-fusion-v3-upstream-dev15-3seed-8gpu-20260824T002208Z-4073/runs/gf-v3-upstream-dev-pill-s130-20260824T002208Z-4073/metrics.json,/home/CuiMinghao/projects/AOI2026/EvoInspect_130_Research_Kit/reports/experiments/guarded-fusion-v3-upstream-dev15-3seed-8gpu-20260824T002208Z-4073/runs/gf-v3-upstream-dev-pill-s130-20260824T002208Z-4073/model,,Pinned upstream fcaa92f124fb1ad74a7acf56726decd4b27cbcad; category=mvtec_ad_pill; support anomalies unused by PatchCore memory; used only by GuardedFusion v3 supervised rescue head
gf-v3-upstream-dev-pill-s131-20260824T002208Z-4073,completed_development_innovation,2026-08-24T00:23:27+00:00,2026-08-24T00:24:31+00:00,UNAVAILABLE,true,db33a28983522b8cd00fc0a2a0e70b5f7ab229fc9fd02516913e2c17a970540b,6069c761f5ad36c25f9cbd461d11eb1805686a3020a8bd9f494e25570b9cbcd9,d9260f3c1f952f18b9638a756f65a097ee12db544616bbb8e5c2d54a296899ee,131,RTX 3090 physical GPU 2; Linux-5.4.0-150-generic-x86_64-with-glibc2.27; torch 2.6.0+cu124; FAISS CPU,guarded-fusion-v3-upstream-patchcore-development,official_style_up_to_100_normal_30_seen_anomaly,/home/CuiMinghao/projects/AOI2026/EvoInspect_130_Research_Kit/reports/experiments/guarded-fusion-v3-upstream-dev15-3seed-8gpu-20260824T002208Z-4073/runs/gf-v3-upstream-dev-pill-s131-20260824T002208Z-4073/metrics.json,/home/CuiMinghao/projects/AOI2026/EvoInspect_130_Research_Kit/reports/experiments/guarded-fusion-v3-upstream-dev15-3seed-8gpu-20260824T002208Z-4073/runs/gf-v3-upstream-dev-pill-s131-20260824T002208Z-4073/model,,Pinned upstream fcaa92f124fb1ad74a7acf56726decd4b27cbcad; category=mvtec_ad_pill; support anomalies unused by PatchCore memory; used only by GuardedFusion v3 supervised rescue head
gf-v3-upstream-dev-pill-s132-20260824T002208Z-4073,completed_development_innovation,2026-08-24T00:23:28+00:00,2026-08-24T00:24:33+00:00,UNAVAILABLE,true,db33a28983522b8cd00fc0a2a0e70b5f7ab229fc9fd02516913e2c17a970540b,6069c761f5ad36c25f9cbd461d11eb1805686a3020a8bd9f494e25570b9cbcd9,7116fbf2b9341bdf473b265f3203c4fb0915522eea56f1a43a653dd3788328a5,132,RTX 3090 physical GPU 3; Linux-5.4.0-150-generic-x86_64-with-glibc2.27; torch 2.6.0+cu124; FAISS CPU,guarded-fusion-v3-upstream-patchcore-development,official_style_up_to_100_normal_30_seen_anomaly,/home/CuiMinghao/projects/AOI2026/EvoInspect_130_Research_Kit/reports/experiments/guarded-fusion-v3-upstream-dev15-3seed-8gpu-20260824T002208Z-4073/runs/gf-v3-upstream-dev-pill-s132-20260824T002208Z-4073/metrics.json,/home/CuiMinghao/projects/AOI2026/EvoInspect_130_Research_Kit/reports/experiments/guarded-fusion-v3-upstream-dev15-3seed-8gpu-20260824T002208Z-4073/runs/gf-v3-upstream-dev-pill-s132-20260824T002208Z-4073/model,,Pinned upstream fcaa92f124fb1ad74a7acf56726decd4b27cbcad; category=mvtec_ad_pill; support anomalies unused by PatchCore memory; used only by GuardedFusion v3 supervised rescue head
gf-v3-upstream-dev-screw-s130-20260824T002208Z-4073,completed_development_innovation,2026-08-24T00:22:18+00:00,2026-08-24T00:23:20+00:00,UNAVAILABLE,true,db33a28983522b8cd00fc0a2a0e70b5f7ab229fc9fd02516913e2c17a970540b,6069c761f5ad36c25f9cbd461d11eb1805686a3020a8bd9f494e25570b9cbcd9,b384b4e4d976b0f39339de019b1f2a40e03f01a3c7de8576b1b89b97658f0d90,130,RTX 3090 physical GPU 0; Linux-5.4.0-150-generic-x86_64-with-glibc2.27; torch 2.6.0+cu124; FAISS CPU,guarded-fusion-v3-upstream-patchcore-development,official_style_up_to_100_normal_30_seen_anomaly,/home/CuiMinghao/projects/AOI2026/EvoInspect_130_Research_Kit/reports/experiments/guarded-fusion-v3-upstream-dev15-3seed-8gpu-20260824T002208Z-4073/runs/gf-v3-upstream-dev-screw-s130-20260824T002208Z-4073/metrics.json,/home/CuiMinghao/projects/AOI2026/EvoInspect_130_Research_Kit/reports/experiments/guarded-fusion-v3-upstream-dev15-3seed-8gpu-20260824T002208Z-4073/runs/gf-v3-upstream-dev-screw-s130-20260824T002208Z-4073/model,,Pinned upstream fcaa92f124fb1ad74a7acf56726decd4b27cbcad; category=mvtec_ad_screw; support anomalies unused by PatchCore memory; used only by GuardedFusion v3 supervised rescue head
gf-v3-upstream-dev-screw-s131-20260824T002208Z-4073,completed_development_innovation,2026-08-24T00:22:18+00:00,2026-08-24T00:23:19+00:00,UNAVAILABLE,true,db33a28983522b8cd00fc0a2a0e70b5f7ab229fc9fd02516913e2c17a970540b,6069c761f5ad36c25f9cbd461d11eb1805686a3020a8bd9f494e25570b9cbcd9,c4ab43c8b2105686d63e3aa9e8f04240319547267bcf98c4620aef2d3e1cb4b7,131,RTX 3090 physical GPU 1; Linux-5.4.0-150-generic-x86_64-with-glibc2.27; torch 2.6.0+cu124; FAISS CPU,guarded-fusion-v3-upstream-patchcore-development,official_style_up_to_100_normal_30_seen_anomaly,/home/CuiMinghao/projects/AOI2026/EvoInspect_130_Research_Kit/reports/experiments/guarded-fusion-v3-upstream-dev15-3seed-8gpu-20260824T002208Z-4073/runs/gf-v3-upstream-dev-screw-s131-20260824T002208Z-4073/metrics.json,/home/CuiMinghao/projects/AOI2026/EvoInspect_130_Research_Kit/reports/experiments/guarded-fusion-v3-upstream-dev15-3seed-8gpu-20260824T002208Z-4073/runs/gf-v3-upstream-dev-screw-s131-20260824T002208Z-4073/model,,Pinned upstream fcaa92f124fb1ad74a7acf56726decd4b27cbcad; category=mvtec_ad_screw; support anomalies unused by PatchCore memory; used only by GuardedFusion v3 supervised rescue head
gf-v3-upstream-dev-screw-s132-20260824T002208Z-4073,completed_development_innovation,2026-08-24T00:22:18+00:00,2026-08-24T00:23:19+00:00,UNAVAILABLE,true,db33a28983522b8cd00fc0a2a0e70b5f7ab229fc9fd02516913e2c17a970540b,6069c761f5ad36c25f9cbd461d11eb1805686a3020a8bd9f494e25570b9cbcd9,a28d2037fe58478cec2797003f1723c3c2e90ac27e5985b97be1534d0881030c,132,RTX 3090 physical GPU 2; Linux-5.4.0-150-generic-x86_64-with-glibc2.27; torch 2.6.0+cu124; FAISS CPU,guarded-fusion-v3-upstream-patchcore-development,official_style_up_to_100_normal_30_seen_anomaly,/home/CuiMinghao/projects/AOI2026/EvoInspect_130_Research_Kit/reports/experiments/guarded-fusion-v3-upstream-dev15-3seed-8gpu-20260824T002208Z-4073/runs/gf-v3-upstream-dev-screw-s132-20260824T002208Z-4073/metrics.json,/home/CuiMinghao/projects/AOI2026/EvoInspect_130_Research_Kit/reports/experiments/guarded-fusion-v3-upstream-dev15-3seed-8gpu-20260824T002208Z-4073/runs/gf-v3-upstream-dev-screw-s132-20260824T002208Z-4073/model,,Pinned upstream fcaa92f124fb1ad74a7acf56726decd4b27cbcad; category=mvtec_ad_screw; support anomalies unused by PatchCore memory; used only by GuardedFusion v3 supervised rescue head
gf-v3-upstream-dev-tile-s130-20260824T002208Z-4073,completed_development_innovation,2026-08-24T00:23:29+00:00,2026-08-24T00:24:24+00:00,UNAVAILABLE,true,db33a28983522b8cd00fc0a2a0e70b5f7ab229fc9fd02516913e2c17a970540b,6069c761f5ad36c25f9cbd461d11eb1805686a3020a8bd9f494e25570b9cbcd9,e9c1e04f6c1d90b38be4261669a0a178e6f3a7b9ba983571bf980473af48f639,130,RTX 3090 physical GPU 4; Linux-5.4.0-150-generic-x86_64-with-glibc2.27; torch 2.6.0+cu124; FAISS CPU,guarded-fusion-v3-upstream-patchcore-development,official_style_up_to_100_normal_30_seen_anomaly,/home/CuiMinghao/projects/AOI2026/EvoInspect_130_Research_Kit/reports/experiments/guarded-fusion-v3-upstream-dev15-3seed-8gpu-20260824T002208Z-4073/runs/gf-v3-upstream-dev-tile-s130-20260824T002208Z-4073/metrics.json,/home/CuiMinghao/projects/AOI2026/EvoInspect_130_Research_Kit/reports/experiments/guarded-fusion-v3-upstream-dev15-3seed-8gpu-20260824T002208Z-4073/runs/gf-v3-upstream-dev-tile-s130-20260824T002208Z-4073/model,,Pinned upstream fcaa92f124fb1ad74a7acf56726decd4b27cbcad; category=mvtec_ad_tile; support anomalies unused by PatchCore memory; used only by GuardedFusion v3 supervised rescue head
gf-v3-upstream-dev-tile-s131-20260824T002208Z-4073,completed_development_innovation,2026-08-24T00:23:29+00:00,2026-08-24T00:24:22+00:00,UNAVAILABLE,true,db33a28983522b8cd00fc0a2a0e70b5f7ab229fc9fd02516913e2c17a970540b,6069c761f5ad36c25f9cbd461d11eb1805686a3020a8bd9f494e25570b9cbcd9,454670882e5bae1df8b58da6968f8f2061962c1af900c71f3837fe6a03cfff0e,131,RTX 3090 physical GPU 5; Linux-5.4.0-150-generic-x86_64-with-glibc2.27; torch 2.6.0+cu124; FAISS CPU,guarded-fusion-v3-upstream-patchcore-development,official_style_up_to_100_normal_30_seen_anomaly,/home/CuiMinghao/projects/AOI2026/EvoInspect_130_Research_Kit/reports/experiments/guarded-fusion-v3-upstream-dev15-3seed-8gpu-20260824T002208Z-4073/runs/gf-v3-upstream-dev-tile-s131-20260824T002208Z-4073/metrics.json,/home/CuiMinghao/projects/AOI2026/EvoInspect_130_Research_Kit/reports/experiments/guarded-fusion-v3-upstream-dev15-3seed-8gpu-20260824T002208Z-4073/runs/gf-v3-upstream-dev-tile-s131-20260824T002208Z-4073/model,,Pinned upstream fcaa92f124fb1ad74a7acf56726decd4b27cbcad; category=mvtec_ad_tile; support anomalies unused by PatchCore memory; used only by GuardedFusion v3 supervised rescue head
gf-v3-upstream-dev-tile-s132-20260824T002208Z-4073,completed_development_innovation,2026-08-24T00:23:33+00:00,2026-08-24T00:24:26+00:00,UNAVAILABLE,true,db33a28983522b8cd00fc0a2a0e70b5f7ab229fc9fd02516913e2c17a970540b,6069c761f5ad36c25f9cbd461d11eb1805686a3020a8bd9f494e25570b9cbcd9,833b68df57a09f7b16b64606e16bd20c24e51e32b90bf3ef2ea0d3799aa54fe6,132,RTX 3090 physical GPU 6; Linux-5.4.0-150-generic-x86_64-with-glibc2.27; torch 2.6.0+cu124; FAISS CPU,guarded-fusion-v3-upstream-patchcore-development,official_style_up_to_100_normal_30_seen_anomaly,/home/CuiMinghao/projects/AOI2026/EvoInspect_130_Research_Kit/reports/experiments/guarded-fusion-v3-upstream-dev15-3seed-8gpu-20260824T002208Z-4073/runs/gf-v3-upstream-dev-tile-s132-20260824T002208Z-4073/metrics.json,/home/CuiMinghao/projects/AOI2026/EvoInspect_130_Research_Kit/reports/experiments/guarded-fusion-v3-upstream-dev15-3seed-8gpu-20260824T002208Z-4073/runs/gf-v3-upstream-dev-tile-s132-20260824T002208Z-4073/model,,Pinned upstream fcaa92f124fb1ad74a7acf56726decd4b27cbcad; category=mvtec_ad_tile; support anomalies unused by PatchCore memory; used only by GuardedFusion v3 supervised rescue head
gf-v3-upstream-dev-toothbrush-s130-20260824T002208Z-4073,completed_development_innovation,2026-08-24T00:24:40+00:00,2026-08-24T00:25:08+00:00,UNAVAILABLE,true,db33a28983522b8cd00fc0a2a0e70b5f7ab229fc9fd02516913e2c17a970540b,6069c761f5ad36c25f9cbd461d11eb1805686a3020a8bd9f494e25570b9cbcd9,3446a99d241ca50968ede59d155e7d799f092b963dd620e811bb44ac78d9048e,130,RTX 3090 physical GPU 2; Linux-5.4.0-150-generic-x86_64-with-glibc2.27; torch 2.6.0+cu124; FAISS CPU,guarded-fusion-v3-upstream-patchcore-development,official_style_up_to_100_normal_30_seen_anomaly,/home/CuiMinghao/projects/AOI2026/EvoInspect_130_Research_Kit/reports/experiments/guarded-fusion-v3-upstream-dev15-3seed-8gpu-20260824T002208Z-4073/runs/gf-v3-upstream-dev-toothbrush-s130-20260824T002208Z-4073/metrics.json,/home/CuiMinghao/projects/AOI2026/EvoInspect_130_Research_Kit/reports/experiments/guarded-fusion-v3-upstream-dev15-3seed-8gpu-20260824T002208Z-4073/runs/gf-v3-upstream-dev-toothbrush-s130-20260824T002208Z-4073/model,,Pinned upstream fcaa92f124fb1ad74a7acf56726decd4b27cbcad; category=mvtec_ad_toothbrush; support anomalies unused by PatchCore memory; used only by GuardedFusion v3 supervised rescue head
gf-v3-upstream-dev-toothbrush-s131-20260824T002208Z-4073,completed_development_innovation,2026-08-24T00:24:42+00:00,2026-08-24T00:25:10+00:00,UNAVAILABLE,true,db33a28983522b8cd00fc0a2a0e70b5f7ab229fc9fd02516913e2c17a970540b,6069c761f5ad36c25f9cbd461d11eb1805686a3020a8bd9f494e25570b9cbcd9,c1fb4b7abdcc5c0c7fe2aaca56ab0cdf53220929a926a422dab2050f05f777f9,131,RTX 3090 physical GPU 3; Linux-5.4.0-150-generic-x86_64-with-glibc2.27; torch 2.6.0+cu124; FAISS CPU,guarded-fusion-v3-upstream-patchcore-development,official_style_up_to_100_normal_30_seen_anomaly,/home/CuiMinghao/projects/AOI2026/EvoInspect_130_Research_Kit/reports/experiments/guarded-fusion-v3-upstream-dev15-3seed-8gpu-20260824T002208Z-4073/runs/gf-v3-upstream-dev-toothbrush-s131-20260824T002208Z-4073/metrics.json,/home/CuiMinghao/projects/AOI2026/EvoInspect_130_Research_Kit/reports/experiments/guarded-fusion-v3-upstream-dev15-3seed-8gpu-20260824T002208Z-4073/runs/gf-v3-upstream-dev-toothbrush-s131-20260824T002208Z-4073/model,,Pinned upstream fcaa92f124fb1ad74a7acf56726decd4b27cbcad; category=mvtec_ad_toothbrush; support anomalies unused by PatchCore memory; used only by GuardedFusion v3 supervised rescue head
gf-v3-upstream-dev-toothbrush-s132-20260824T002208Z-4073,completed_development_innovation,2026-08-24T00:24:32+00:00,2026-08-24T00:25:01+00:00,UNAVAILABLE,true,db33a28983522b8cd00fc0a2a0e70b5f7ab229fc9fd02516913e2c17a970540b,6069c761f5ad36c25f9cbd461d11eb1805686a3020a8bd9f494e25570b9cbcd9,a75015d4d96da2bfe9152dc5bab7ccf64ebbe17c81ede02b11f262504e167131,132,RTX 3090 physical GPU 4; Linux-5.4.0-150-generic-x86_64-with-glibc2.27; torch 2.6.0+cu124; FAISS CPU,guarded-fusion-v3-upstream-patchcore-development,official_style_up_to_100_normal_30_seen_anomaly,/home/CuiMinghao/projects/AOI2026/EvoInspect_130_Research_Kit/reports/experiments/guarded-fusion-v3-upstream-dev15-3seed-8gpu-20260824T002208Z-4073/runs/gf-v3-upstream-dev-toothbrush-s132-20260824T002208Z-4073/metrics.json,/home/CuiMinghao/projects/AOI2026/EvoInspect_130_Research_Kit/reports/experiments/guarded-fusion-v3-upstream-dev15-3seed-8gpu-20260824T002208Z-4073/runs/gf-v3-upstream-dev-toothbrush-s132-20260824T002208Z-4073/model,,Pinned upstream fcaa92f124fb1ad74a7acf56726decd4b27cbcad; category=mvtec_ad_toothbrush; support anomalies unused by PatchCore memory; used only by GuardedFusion v3 supervised rescue head
gf-v3-upstream-dev-transistor-s130-20260824T002208Z-4073,completed_development_innovation,2026-08-24T00:23:33+00:00,2026-08-24T00:24:26+00:00,UNAVAILABLE,true,db33a28983522b8cd00fc0a2a0e70b5f7ab229fc9fd02516913e2c17a970540b,6069c761f5ad36c25f9cbd461d11eb1805686a3020a8bd9f494e25570b9cbcd9,082bd5b34d88e81bd44e130f03a8731fa3f291d7331fd5f8c1701510d87e1faf,130,RTX 3090 physical GPU 7; Linux-5.4.0-150-generic-x86_64-with-glibc2.27; torch 2.6.0+cu124; FAISS CPU,guarded-fusion-v3-upstream-patchcore-development,official_style_up_to_100_normal_30_seen_anomaly,/home/CuiMinghao/projects/AOI2026/EvoInspect_130_Research_Kit/reports/experiments/guarded-fusion-v3-upstream-dev15-3seed-8gpu-20260824T002208Z-4073/runs/gf-v3-upstream-dev-transistor-s130-20260824T002208Z-4073/metrics.json,/home/CuiMinghao/projects/AOI2026/EvoInspect_130_Research_Kit/reports/experiments/guarded-fusion-v3-upstream-dev15-3seed-8gpu-20260824T002208Z-4073/runs/gf-v3-upstream-dev-transistor-s130-20260824T002208Z-4073/model,,Pinned upstream fcaa92f124fb1ad74a7acf56726decd4b27cbcad; category=mvtec_ad_transistor; support anomalies unused by PatchCore memory; used only by GuardedFusion v3 supervised rescue head
gf-v3-upstream-dev-transistor-s131-20260824T002208Z-4073,completed_development_innovation,2026-08-24T00:24:41+00:00,2026-08-24T00:25:35+00:00,UNAVAILABLE,true,db33a28983522b8cd00fc0a2a0e70b5f7ab229fc9fd02516913e2c17a970540b,6069c761f5ad36c25f9cbd461d11eb1805686a3020a8bd9f494e25570b9cbcd9,f11c1e50874d5b2b80dd72ca9669e6e21ec8d34aaeec94bd5afe722e6387a218,131,RTX 3090 physical GPU 0; Linux-5.4.0-150-generic-x86_64-with-glibc2.27; torch 2.6.0+cu124; FAISS CPU,guarded-fusion-v3-upstream-patchcore-development,official_style_up_to_100_normal_30_seen_anomaly,/home/CuiMinghao/projects/AOI2026/EvoInspect_130_Research_Kit/reports/experiments/guarded-fusion-v3-upstream-dev15-3seed-8gpu-20260824T002208Z-4073/runs/gf-v3-upstream-dev-transistor-s131-20260824T002208Z-4073/metrics.json,/home/CuiMinghao/projects/AOI2026/EvoInspect_130_Research_Kit/reports/experiments/guarded-fusion-v3-upstream-dev15-3seed-8gpu-20260824T002208Z-4073/runs/gf-v3-upstream-dev-transistor-s131-20260824T002208Z-4073/model,,Pinned upstream fcaa92f124fb1ad74a7acf56726decd4b27cbcad; category=mvtec_ad_transistor; support anomalies unused by PatchCore memory; used only by GuardedFusion v3 supervised rescue head
gf-v3-upstream-dev-transistor-s132-20260824T002208Z-4073,completed_development_innovation,2026-08-24T00:24:41+00:00,2026-08-24T00:25:36+00:00,UNAVAILABLE,true,db33a28983522b8cd00fc0a2a0e70b5f7ab229fc9fd02516913e2c17a970540b,6069c761f5ad36c25f9cbd461d11eb1805686a3020a8bd9f494e25570b9cbcd9,a499e2dc57d22620fa61f3aa5731d657f1a1d7e32168d4c1223beac2b0b515e2,132,RTX 3090 physical GPU 1; Linux-5.4.0-150-generic-x86_64-with-glibc2.27; torch 2.6.0+cu124; FAISS CPU,guarded-fusion-v3-upstream-patchcore-development,official_style_up_to_100_normal_30_seen_anomaly,/home/CuiMinghao/projects/AOI2026/EvoInspect_130_Research_Kit/reports/experiments/guarded-fusion-v3-upstream-dev15-3seed-8gpu-20260824T002208Z-4073/runs/gf-v3-upstream-dev-transistor-s132-20260824T002208Z-4073/metrics.json,/home/CuiMinghao/projects/AOI2026/EvoInspect_130_Research_Kit/reports/experiments/guarded-fusion-v3-upstream-dev15-3seed-8gpu-20260824T002208Z-4073/runs/gf-v3-upstream-dev-transistor-s132-20260824T002208Z-4073/model,,Pinned upstream fcaa92f124fb1ad74a7acf56726decd4b27cbcad; category=mvtec_ad_transistor; support anomalies unused by PatchCore memory; used only by GuardedFusion v3 supervised rescue head
gf-v3-upstream-dev-wood-s130-20260824T002208Z-4073,completed_development_innovation,2026-08-24T00:27:15+00:00,2026-08-24T00:28:02+00:00,UNAVAILABLE,true,db33a28983522b8cd00fc0a2a0e70b5f7ab229fc9fd02516913e2c17a970540b,6069c761f5ad36c25f9cbd461d11eb1805686a3020a8bd9f494e25570b9cbcd9,229c68a425d3176f58940e8406226f4f79d6d376882b361c4a6087f080ba112a,130,RTX 3090 physical GPU 2; Linux-5.4.0-150-generic-x86_64-with-glibc2.27; torch 2.6.0+cu124; FAISS CPU,guarded-fusion-v3-upstream-patchcore-development,official_style_up_to_100_normal_30_seen_anomaly,/home/CuiMinghao/projects/AOI2026/EvoInspect_130_Research_Kit/reports/experiments/guarded-fusion-v3-upstream-dev15-3seed-8gpu-20260824T002208Z-4073/runs/gf-v3-upstream-dev-wood-s130-20260824T002208Z-4073/metrics.json,/home/CuiMinghao/projects/AOI2026/EvoInspect_130_Research_Kit/reports/experiments/guarded-fusion-v3-upstream-dev15-3seed-8gpu-20260824T002208Z-4073/runs/gf-v3-upstream-dev-wood-s130-20260824T002208Z-4073/model,,Pinned upstream fcaa92f124fb1ad74a7acf56726decd4b27cbcad; category=mvtec_ad_wood; support anomalies unused by PatchCore memory; used only by GuardedFusion v3 supervised rescue head
gf-v3-upstream-dev-wood-s131-20260824T002208Z-4073,completed_development_innovation,2026-08-24T00:27:29+00:00,2026-08-24T00:28:16+00:00,UNAVAILABLE,true,db33a28983522b8cd00fc0a2a0e70b5f7ab229fc9fd02516913e2c17a970540b,6069c761f5ad36c25f9cbd461d11eb1805686a3020a8bd9f494e25570b9cbcd9,b4ff6ca81d70c6c47d3911f80083e18fc5dfafb35e2a2ad67bc8d6d7a8a41876,131,RTX 3090 physical GPU 3; Linux-5.4.0-150-generic-x86_64-with-glibc2.27; torch 2.6.0+cu124; FAISS CPU,guarded-fusion-v3-upstream-patchcore-development,official_style_up_to_100_normal_30_seen_anomaly,/home/CuiMinghao/projects/AOI2026/EvoInspect_130_Research_Kit/reports/experiments/guarded-fusion-v3-upstream-dev15-3seed-8gpu-20260824T002208Z-4073/runs/gf-v3-upstream-dev-wood-s131-20260824T002208Z-4073/metrics.json,/home/CuiMinghao/projects/AOI2026/EvoInspect_130_Research_Kit/reports/experiments/guarded-fusion-v3-upstream-dev15-3seed-8gpu-20260824T002208Z-4073/runs/gf-v3-upstream-dev-wood-s131-20260824T002208Z-4073/model,,Pinned upstream fcaa92f124fb1ad74a7acf56726decd4b27cbcad; category=mvtec_ad_wood; support anomalies unused by PatchCore memory; used only by GuardedFusion v3 supervised rescue head
gf-v3-upstream-dev-wood-s132-20260824T002208Z-4073,completed_development_innovation,2026-08-24T00:27:17+00:00,2026-08-24T00:28:03+00:00,UNAVAILABLE,true,db33a28983522b8cd00fc0a2a0e70b5f7ab229fc9fd02516913e2c17a970540b,6069c761f5ad36c25f9cbd461d11eb1805686a3020a8bd9f494e25570b9cbcd9,ae17326cd8ff78afc7c88ae73979d2f48b23fb7db82b650156abd2381dc21994,132,RTX 3090 physical GPU 4; Linux-5.4.0-150-generic-x86_64-with-glibc2.27; torch 2.6.0+cu124; FAISS CPU,guarded-fusion-v3-upstream-patchcore-development,official_style_up_to_100_normal_30_seen_anomaly,/home/CuiMinghao/projects/AOI2026/EvoInspect_130_Research_Kit/reports/experiments/guarded-fusion-v3-upstream-dev15-3seed-8gpu-20260824T002208Z-4073/runs/gf-v3-upstream-dev-wood-s132-20260824T002208Z-4073/metrics.json,/home/CuiMinghao/projects/AOI2026/EvoInspect_130_Research_Kit/reports/experiments/guarded-fusion-v3-upstream-dev15-3seed-8gpu-20260824T002208Z-4073/runs/gf-v3-upstream-dev-wood-s132-20260824T002208Z-4073/model,,Pinned upstream fcaa92f124fb1ad74a7acf56726decd4b27cbcad; category=mvtec_ad_wood; support anomalies unused by PatchCore memory; used only by GuardedFusion v3 supervised rescue head
gf-v3-upstream-dev-zipper-s130-20260824T002208Z-4073,completed_development_innovation,2026-08-24T00:25:18+00:00,2026-08-24T00:26:15+00:00,UNAVAILABLE,true,db33a28983522b8cd00fc0a2a0e70b5f7ab229fc9fd02516913e2c17a970540b,6069c761f5ad36c25f9cbd461d11eb1805686a3020a8bd9f494e25570b9cbcd9,9f4de898edb50ad1d6be4660fbdddaca791d5402eeb25c80a10472e1ad74a3a1,130,RTX 3090 physical GPU 3; Linux-5.4.0-150-generic-x86_64-with-glibc2.27; torch 2.6.0+cu124; FAISS CPU,guarded-fusion-v3-upstream-patchcore-development,official_style_up_to_100_normal_30_seen_anomaly,/home/CuiMinghao/projects/AOI2026/EvoInspect_130_Research_Kit/reports/experiments/guarded-fusion-v3-upstream-dev15-3seed-8gpu-20260824T002208Z-4073/runs/gf-v3-upstream-dev-zipper-s130-20260824T002208Z-4073/metrics.json,/home/CuiMinghao/projects/AOI2026/EvoInspect_130_Research_Kit/reports/experiments/guarded-fusion-v3-upstream-dev15-3seed-8gpu-20260824T002208Z-4073/runs/gf-v3-upstream-dev-zipper-s130-20260824T002208Z-4073/model,,Pinned upstream fcaa92f124fb1ad74a7acf56726decd4b27cbcad; category=mvtec_ad_zipper; support anomalies unused by PatchCore memory; used only by GuardedFusion v3 supervised rescue head
gf-v3-upstream-dev-zipper-s131-20260824T002208Z-4073,completed_development_innovation,2026-08-24T00:25:09+00:00,2026-08-24T00:26:07+00:00,UNAVAILABLE,true,db33a28983522b8cd00fc0a2a0e70b5f7ab229fc9fd02516913e2c17a970540b,6069c761f5ad36c25f9cbd461d11eb1805686a3020a8bd9f494e25570b9cbcd9,0896d85f1105c44afe9beebf7f6c042f01cfd9d3c55c54758100e30c3f11dc6c,131,RTX 3090 physical GPU 4; Linux-5.4.0-150-generic-x86_64-with-glibc2.27; torch 2.6.0+cu124; FAISS CPU,guarded-fusion-v3-upstream-patchcore-development,official_style_up_to_100_normal_30_seen_anomaly,/home/CuiMinghao/projects/AOI2026/EvoInspect_130_Research_Kit/reports/experiments/guarded-fusion-v3-upstream-dev15-3seed-8gpu-20260824T002208Z-4073/runs/gf-v3-upstream-dev-zipper-s131-20260824T002208Z-4073/metrics.json,/home/CuiMinghao/projects/AOI2026/EvoInspect_130_Research_Kit/reports/experiments/guarded-fusion-v3-upstream-dev15-3seed-8gpu-20260824T002208Z-4073/runs/gf-v3-upstream-dev-zipper-s131-20260824T002208Z-4073/model,,Pinned upstream fcaa92f124fb1ad74a7acf56726decd4b27cbcad; category=mvtec_ad_zipper; support anomalies unused by PatchCore memory; used only by GuardedFusion v3 supervised rescue head
gf-v3-upstream-dev-zipper-s132-20260824T002208Z-4073,completed_development_innovation,2026-08-24T00:25:22+00:00,2026-08-24T00:26:18+00:00,UNAVAILABLE,true,db33a28983522b8cd00fc0a2a0e70b5f7ab229fc9fd02516913e2c17a970540b,6069c761f5ad36c25f9cbd461d11eb1805686a3020a8bd9f494e25570b9cbcd9,a6a0e18ade3e36866727c1b1e5308652cf68ebb72b8cfe202a1ca2edbfd24cd5,132,RTX 3090 physical GPU 5; Linux-5.4.0-150-generic-x86_64-with-glibc2.27; torch 2.6.0+cu124; FAISS CPU,guarded-fusion-v3-upstream-patchcore-development,official_style_up_to_100_normal_30_seen_anomaly,/home/CuiMinghao/projects/AOI2026/EvoInspect_130_Research_Kit/reports/experiments/guarded-fusion-v3-upstream-dev15-3seed-8gpu-20260824T002208Z-4073/runs/gf-v3-upstream-dev-zipper-s132-20260824T002208Z-4073/metrics.json,/home/CuiMinghao/projects/AOI2026/EvoInspect_130_Research_Kit/reports/experiments/guarded-fusion-v3-upstream-dev15-3seed-8gpu-20260824T002208Z-4073/runs/gf-v3-upstream-dev-zipper-s132-20260824T002208Z-4073/model,,Pinned upstream fcaa92f124fb1ad74a7acf56726decd4b27cbcad; category=mvtec_ad_zipper; support anomalies unused by PatchCore memory; used only by GuardedFusion v3 supervised rescue head
masked-proto-v4-smoke-grid-s130-20260824T003202Z-25656,completed_development_innovation,2026-08-24T00:32:11+00:00,2026-08-24T00:32:40+00:00,UNAVAILABLE,true,dbfe5dec2b99ba4e385c9e8eb02799aaed8ed02ffcb4dae3ca1ba074ef5dee8f,6069c761f5ad36c25f9cbd461d11eb1805686a3020a8bd9f494e25570b9cbcd9,2d733fdc472cbd7ec9b77e05fe42c5b034d12f41cadb78b63128c9befb4612c5,130,RTX 3090 physical GPU 0; Linux-5.4.0-150-generic-x86_64-with-glibc2.27; torch 2.6.0+cu124; FAISS CPU,masked-prototype-v4-upstream-patchcore-development,official_style_up_to_100_normal_30_seen_anomaly,/home/CuiMinghao/projects/AOI2026/EvoInspect_130_Research_Kit/reports/experiments/masked-prototype-v4-upstream-grid-s130-smoke-20260824T003202Z-25656/runs/masked-proto-v4-smoke-grid-s130-20260824T003202Z-25656/metrics.json,/home/CuiMinghao/projects/AOI2026/EvoInspect_130_Research_Kit/reports/experiments/masked-prototype-v4-upstream-grid-s130-smoke-20260824T003202Z-25656/runs/masked-proto-v4-smoke-grid-s130-20260824T003202Z-25656/model,,Pinned upstream fcaa92f124fb1ad74a7acf56726decd4b27cbcad; category=mvtec_ad_grid; support anomalies unused by PatchCore memory; used only by MaskedPrototype v4 defect memory
masked-proto-v4-dev-bottle-s130-20260824T003300Z-26470,completed_development_innovation,2026-08-24T00:35:46+00:00,2026-08-24T00:36:18+00:00,UNAVAILABLE,true,dbfe5dec2b99ba4e385c9e8eb02799aaed8ed02ffcb4dae3ca1ba074ef5dee8f,6069c761f5ad36c25f9cbd461d11eb1805686a3020a8bd9f494e25570b9cbcd9,f25898486f80435cb7800f9dfd88b27c871ee9c2ea57a0884df3412668535921,130,RTX 3090 physical GPU 0; Linux-5.4.0-150-generic-x86_64-with-glibc2.27; torch 2.6.0+cu124; FAISS CPU,masked-prototype-v4-upstream-patchcore-development,official_style_up_to_100_normal_30_seen_anomaly,/home/CuiMinghao/projects/AOI2026/EvoInspect_130_Research_Kit/reports/experiments/masked-prototype-v4-upstream-dev15-3seed-8gpu-20260824T003300Z-26470/runs/masked-proto-v4-dev-bottle-s130-20260824T003300Z-26470/metrics.json,/home/CuiMinghao/projects/AOI2026/EvoInspect_130_Research_Kit/reports/experiments/masked-prototype-v4-upstream-dev15-3seed-8gpu-20260824T003300Z-26470/runs/masked-proto-v4-dev-bottle-s130-20260824T003300Z-26470/model,,Pinned upstream fcaa92f124fb1ad74a7acf56726decd4b27cbcad; category=mvtec_ad_bottle; support anomalies unused by PatchCore memory; used only by MaskedPrototype v4 defect memory
masked-proto-v4-dev-bottle-s131-20260824T003300Z-26470,completed_development_innovation,2026-08-24T00:35:47+00:00,2026-08-24T00:36:19+00:00,UNAVAILABLE,true,dbfe5dec2b99ba4e385c9e8eb02799aaed8ed02ffcb4dae3ca1ba074ef5dee8f,6069c761f5ad36c25f9cbd461d11eb1805686a3020a8bd9f494e25570b9cbcd9,b208d154a89776d4962b65e3d4a4f87ab1dfdcc0d0ea5fc73802e2ed95e3f130,131,RTX 3090 physical GPU 1; Linux-5.4.0-150-generic-x86_64-with-glibc2.27; torch 2.6.0+cu124; FAISS CPU,masked-prototype-v4-upstream-patchcore-development,official_style_up_to_100_normal_30_seen_anomaly,/home/CuiMinghao/projects/AOI2026/EvoInspect_130_Research_Kit/reports/experiments/masked-prototype-v4-upstream-dev15-3seed-8gpu-20260824T003300Z-26470/runs/masked-proto-v4-dev-bottle-s131-20260824T003300Z-26470/metrics.json,/home/CuiMinghao/projects/AOI2026/EvoInspect_130_Research_Kit/reports/experiments/masked-prototype-v4-upstream-dev15-3seed-8gpu-20260824T003300Z-26470/runs/masked-proto-v4-dev-bottle-s131-20260824T003300Z-26470/model,,Pinned upstream fcaa92f124fb1ad74a7acf56726decd4b27cbcad; category=mvtec_ad_bottle; support anomalies unused by PatchCore memory; used only by MaskedPrototype v4 defect memory
masked-proto-v4-dev-bottle-s132-20260824T003300Z-26470,completed_development_innovation,2026-08-24T00:35:30+00:00,2026-08-24T00:36:02+00:00,UNAVAILABLE,true,dbfe5dec2b99ba4e385c9e8eb02799aaed8ed02ffcb4dae3ca1ba074ef5dee8f,6069c761f5ad36c25f9cbd461d11eb1805686a3020a8bd9f494e25570b9cbcd9,c33a78cf10dd19d4a3adf69941f4479520ab1fc64eb90f1718e5fd8c8e00ee73,132,RTX 3090 physical GPU 2; Linux-5.4.0-150-generic-x86_64-with-glibc2.27; torch 2.6.0+cu124; FAISS CPU,masked-prototype-v4-upstream-patchcore-development,official_style_up_to_100_normal_30_seen_anomaly,/home/CuiMinghao/projects/AOI2026/EvoInspect_130_Research_Kit/reports/experiments/masked-prototype-v4-upstream-dev15-3seed-8gpu-20260824T003300Z-26470/runs/masked-proto-v4-dev-bottle-s132-20260824T003300Z-26470/metrics.json,/home/CuiMinghao/projects/AOI2026/EvoInspect_130_Research_Kit/reports/experiments/masked-prototype-v4-upstream-dev15-3seed-8gpu-20260824T003300Z-26470/runs/masked-proto-v4-dev-bottle-s132-20260824T003300Z-26470/model,,Pinned upstream fcaa92f124fb1ad74a7acf56726decd4b27cbcad; category=mvtec_ad_bottle; support anomalies unused by PatchCore memory; used only by MaskedPrototype v4 defect memory
masked-proto-v4-dev-cable-s130-20260824T003300Z-26470,completed_development_innovation,2026-08-24T00:33:10+00:00,2026-08-24T00:33:58+00:00,UNAVAILABLE,true,dbfe5dec2b99ba4e385c9e8eb02799aaed8ed02ffcb4dae3ca1ba074ef5dee8f,6069c761f5ad36c25f9cbd461d11eb1805686a3020a8bd9f494e25570b9cbcd9,6fb626627575d9ccb5fc820d7dbbbec05b39e1f8118a2058a45b0464414a9bf4,130,RTX 3090 physical GPU 6; Linux-5.4.0-150-generic-x86_64-with-glibc2.27; torch 2.6.0+cu124; FAISS CPU,masked-prototype-v4-upstream-patchcore-development,official_style_up_to_100_normal_30_seen_anomaly,/home/CuiMinghao/projects/AOI2026/EvoInspect_130_Research_Kit/reports/experiments/masked-prototype-v4-upstream-dev15-3seed-8gpu-20260824T003300Z-26470/runs/masked-proto-v4-dev-cable-s130-20260824T003300Z-26470/metrics.json,/home/CuiMinghao/projects/AOI2026/EvoInspect_130_Research_Kit/reports/experiments/masked-prototype-v4-upstream-dev15-3seed-8gpu-20260824T003300Z-26470/runs/masked-proto-v4-dev-cable-s130-20260824T003300Z-26470/model,,Pinned upstream fcaa92f124fb1ad74a7acf56726decd4b27cbcad; category=mvtec_ad_cable; support anomalies unused by PatchCore memory; used only by MaskedPrototype v4 defect memory
masked-proto-v4-dev-cable-s131-20260824T003300Z-26470,completed_development_innovation,2026-08-24T00:33:11+00:00,2026-08-24T00:34:00+00:00,UNAVAILABLE,true,dbfe5dec2b99ba4e385c9e8eb02799aaed8ed02ffcb4dae3ca1ba074ef5dee8f,6069c761f5ad36c25f9cbd461d11eb1805686a3020a8bd9f494e25570b9cbcd9,2f918498c9054ebf4b04a2daa7a14cee6a3e456e536dc169e9091ce0917a9a74,131,RTX 3090 physical GPU 7; Linux-5.4.0-150-generic-x86_64-with-glibc2.27; torch 2.6.0+cu124; FAISS CPU,masked-prototype-v4-upstream-patchcore-development,official_style_up_to_100_normal_30_seen_anomaly,/home/CuiMinghao/projects/AOI2026/EvoInspect_130_Research_Kit/reports/experiments/masked-prototype-v4-upstream-dev15-3seed-8gpu-20260824T003300Z-26470/runs/masked-proto-v4-dev-cable-s131-20260824T003300Z-26470/metrics.json,/home/CuiMinghao/projects/AOI2026/EvoInspect_130_Research_Kit/reports/experiments/masked-prototype-v4-upstream-dev15-3seed-8gpu-20260824T003300Z-26470/runs/masked-proto-v4-dev-cable-s131-20260824T003300Z-26470/model,,Pinned upstream fcaa92f124fb1ad74a7acf56726decd4b27cbcad; category=mvtec_ad_cable; support anomalies unused by PatchCore memory; used only by MaskedPrototype v4 defect memory
masked-proto-v4-dev-cable-s132-20260824T003300Z-26470,completed_development_innovation,2026-08-24T00:34:05+00:00,2026-08-24T00:34:52+00:00,UNAVAILABLE,true,dbfe5dec2b99ba4e385c9e8eb02799aaed8ed02ffcb4dae3ca1ba074ef5dee8f,6069c761f5ad36c25f9cbd461d11eb1805686a3020a8bd9f494e25570b9cbcd9,57b60dddd47f1c028dd90d28593d14e8e0fa826a1962bedefb1c2e5b6aac72a1,132,RTX 3090 physical GPU 0; Linux-5.4.0-150-generic-x86_64-with-glibc2.27; torch 2.6.0+cu124; FAISS CPU,masked-prototype-v4-upstream-patchcore-development,official_style_up_to_100_normal_30_seen_anomaly,/home/CuiMinghao/projects/AOI2026/EvoInspect_130_Research_Kit/reports/experiments/masked-prototype-v4-upstream-dev15-3seed-8gpu-20260824T003300Z-26470/runs/masked-proto-v4-dev-cable-s132-20260824T003300Z-26470/metrics.json,/home/CuiMinghao/projects/AOI2026/EvoInspect_130_Research_Kit/reports/experiments/masked-prototype-v4-upstream-dev15-3seed-8gpu-20260824T003300Z-26470/runs/masked-proto-v4-dev-cable-s132-20260824T003300Z-26470/model,,Pinned upstream fcaa92f124fb1ad74a7acf56726decd4b27cbcad; category=mvtec_ad_cable; support anomalies unused by PatchCore memory; used only by MaskedPrototype v4 defect memory
masked-proto-v4-dev-capsule-s130-20260824T003300Z-26470,completed_development_innovation,2026-08-24T00:33:11+00:00,2026-08-24T00:33:56+00:00,UNAVAILABLE,true,dbfe5dec2b99ba4e385c9e8eb02799aaed8ed02ffcb4dae3ca1ba074ef5dee8f,6069c761f5ad36c25f9cbd461d11eb1805686a3020a8bd9f494e25570b9cbcd9,664320350ffef736d2a4f1f67e89256908e25131beecfb58c487060340788994,130,RTX 3090 physical GPU 3; Linux-5.4.0-150-generic-x86_64-with-glibc2.27; torch 2.6.0+cu124; FAISS CPU,masked-prototype-v4-upstream-patchcore-development,official_style_up_to_100_normal_30_seen_anomaly,/home/CuiMinghao/projects/AOI2026/EvoInspect_130_Research_Kit/reports/experiments/masked-prototype-v4-upstream-dev15-3seed-8gpu-20260824T003300Z-26470/runs/masked-proto-v4-dev-capsule-s130-20260824T003300Z-26470/metrics.json,/home/CuiMinghao/projects/AOI2026/EvoInspect_130_Research_Kit/reports/experiments/masked-prototype-v4-upstream-dev15-3seed-8gpu-20260824T003300Z-26470/runs/masked-proto-v4-dev-capsule-s130-20260824T003300Z-26470/model,,Pinned upstream fcaa92f124fb1ad74a7acf56726decd4b27cbcad; category=mvtec_ad_capsule; support anomalies unused by PatchCore memory; used only by MaskedPrototype v4 defect memory
masked-proto-v4-dev-capsule-s131-20260824T003300Z-26470,completed_development_innovation,2026-08-24T00:33:11+00:00,2026-08-24T00:33:57+00:00,UNAVAILABLE,true,dbfe5dec2b99ba4e385c9e8eb02799aaed8ed02ffcb4dae3ca1ba074ef5dee8f,6069c761f5ad36c25f9cbd461d11eb1805686a3020a8bd9f494e25570b9cbcd9,3910d5b84c141907a6721a63f9266523e3e11f5a9ccaa24d9c40845cef641277,131,RTX 3090 physical GPU 4; Linux-5.4.0-150-generic-x86_64-with-glibc2.27; torch 2.6.0+cu124; FAISS CPU,masked-prototype-v4-upstream-patchcore-development,official_style_up_to_100_normal_30_seen_anomaly,/home/CuiMinghao/projects/AOI2026/EvoInspect_130_Research_Kit/reports/experiments/masked-prototype-v4-upstream-dev15-3seed-8gpu-20260824T003300Z-26470/runs/masked-proto-v4-dev-capsule-s131-20260824T003300Z-26470/metrics.json,/home/CuiMinghao/projects/AOI2026/EvoInspect_130_Research_Kit/reports/experiments/masked-prototype-v4-upstream-dev15-3seed-8gpu-20260824T003300Z-26470/runs/masked-proto-v4-dev-capsule-s131-20260824T003300Z-26470/model,,Pinned upstream fcaa92f124fb1ad74a7acf56726decd4b27cbcad; category=mvtec_ad_capsule; support anomalies unused by PatchCore memory; used only by MaskedPrototype v4 defect memory
masked-proto-v4-dev-capsule-s132-20260824T003300Z-26470,completed_development_innovation,2026-08-24T00:33:10+00:00,2026-08-24T00:33:56+00:00,UNAVAILABLE,true,dbfe5dec2b99ba4e385c9e8eb02799aaed8ed02ffcb4dae3ca1ba074ef5dee8f,6069c761f5ad36c25f9cbd461d11eb1805686a3020a8bd9f494e25570b9cbcd9,42adc7179a71824c28cfc622ba03defeaa1aee3446fb2d9a54b43fcbdfab75c4,132,RTX 3090 physical GPU 5; Linux-5.4.0-150-generic-x86_64-with-glibc2.27; torch 2.6.0+cu124; FAISS CPU,masked-prototype-v4-upstream-patchcore-development,official_style_up_to_100_normal_30_seen_anomaly,/home/CuiMinghao/projects/AOI2026/EvoInspect_130_Research_Kit/reports/experiments/masked-prototype-v4-upstream-dev15-3seed-8gpu-20260824T003300Z-26470/runs/masked-proto-v4-dev-capsule-s132-20260824T003300Z-26470/metrics.json,/home/CuiMinghao/projects/AOI2026/EvoInspect_130_Research_Kit/reports/experiments/masked-prototype-v4-upstream-dev15-3seed-8gpu-20260824T003300Z-26470/runs/masked-proto-v4-dev-capsule-s132-20260824T003300Z-26470/model,,Pinned upstream fcaa92f124fb1ad74a7acf56726decd4b27cbcad; category=mvtec_ad_capsule; support anomalies unused by PatchCore memory; used only by MaskedPrototype v4 defect memory
masked-proto-v4-dev-carpet-s130-20260824T003300Z-26470,completed_development_innovation,2026-08-24T00:35:33+00:00,2026-08-24T00:36:13+00:00,UNAVAILABLE,true,dbfe5dec2b99ba4e385c9e8eb02799aaed8ed02ffcb4dae3ca1ba074ef5dee8f,6069c761f5ad36c25f9cbd461d11eb1805686a3020a8bd9f494e25570b9cbcd9,37c74aa87c2c95aa2ef5a2b4ba611ba52f6b2e8c8bc4c3a38a14beb41d3925bb,130,RTX 3090 physical GPU 6; Linux-5.4.0-150-generic-x86_64-with-glibc2.27; torch 2.6.0+cu124; FAISS CPU,masked-prototype-v4-upstream-patchcore-development,official_style_up_to_100_normal_30_seen_anomaly,/home/CuiMinghao/projects/AOI2026/EvoInspect_130_Research_Kit/reports/experiments/masked-prototype-v4-upstream-dev15-3seed-8gpu-20260824T003300Z-26470/runs/masked-proto-v4-dev-carpet-s130-20260824T003300Z-26470/metrics.json,/home/CuiMinghao/projects/AOI2026/EvoInspect_130_Research_Kit/reports/experiments/masked-prototype-v4-upstream-dev15-3seed-8gpu-20260824T003300Z-26470/runs/masked-proto-v4-dev-carpet-s130-20260824T003300Z-26470/model,,Pinned upstream fcaa92f124fb1ad74a7acf56726decd4b27cbcad; category=mvtec_ad_carpet; support anomalies unused by PatchCore memory; used only by MaskedPrototype v4 defect memory
masked-proto-v4-dev-carpet-s131-20260824T003300Z-26470,completed_development_innovation,2026-08-24T00:35:33+00:00,2026-08-24T00:36:13+00:00,UNAVAILABLE,true,dbfe5dec2b99ba4e385c9e8eb02799aaed8ed02ffcb4dae3ca1ba074ef5dee8f,6069c761f5ad36c25f9cbd461d11eb1805686a3020a8bd9f494e25570b9cbcd9,72f9149483a7efad5e978b6c0015757e4683063ee29971a73df06e3df31a372b,131,RTX 3090 physical GPU 7; Linux-5.4.0-150-generic-x86_64-with-glibc2.27; torch 2.6.0+cu124; FAISS CPU,masked-prototype-v4-upstream-patchcore-development,official_style_up_to_100_normal_30_seen_anomaly,/home/CuiMinghao/projects/AOI2026/EvoInspect_130_Research_Kit/reports/experiments/masked-prototype-v4-upstream-dev15-3seed-8gpu-20260824T003300Z-26470/runs/masked-proto-v4-dev-carpet-s131-20260824T003300Z-26470/metrics.json,/home/CuiMinghao/projects/AOI2026/EvoInspect_130_Research_Kit/reports/experiments/masked-prototype-v4-upstream-dev15-3seed-8gpu-20260824T003300Z-26470/runs/masked-proto-v4-dev-carpet-s131-20260824T003300Z-26470/model,,Pinned upstream fcaa92f124fb1ad74a7acf56726decd4b27cbcad; category=mvtec_ad_carpet; support anomalies unused by PatchCore memory; used only by MaskedPrototype v4 defect memory
masked-proto-v4-dev-carpet-s132-20260824T003300Z-26470,completed_development_innovation,2026-08-24T00:36:26+00:00,2026-08-24T00:37:05+00:00,UNAVAILABLE,true,dbfe5dec2b99ba4e385c9e8eb02799aaed8ed02ffcb4dae3ca1ba074ef5dee8f,6069c761f5ad36c25f9cbd461d11eb1805686a3020a8bd9f494e25570b9cbcd9,4adfb5ee5118e778a5ba3f08b00f430ecee025e19df1c4efc70f13e82d8a7a80,132,RTX 3090 physical GPU 0; Linux-5.4.0-150-generic-x86_64-with-glibc2.27; torch 2.6.0+cu124; FAISS CPU,masked-prototype-v4-upstream-patchcore-development,official_style_up_to_100_normal_30_seen_anomaly,/home/CuiMinghao/projects/AOI2026/EvoInspect_130_Research_Kit/reports/experiments/masked-prototype-v4-upstream-dev15-3seed-8gpu-20260824T003300Z-26470/runs/masked-proto-v4-dev-carpet-s132-20260824T003300Z-26470/metrics.json,/home/CuiMinghao/projects/AOI2026/EvoInspect_130_Research_Kit/reports/experiments/masked-prototype-v4-upstream-dev15-3seed-8gpu-20260824T003300Z-26470/runs/masked-proto-v4-dev-carpet-s132-20260824T003300Z-26470/model,,Pinned upstream fcaa92f124fb1ad74a7acf56726decd4b27cbcad; category=mvtec_ad_carpet; support anomalies unused by PatchCore memory; used only by MaskedPrototype v4 defect memory
masked-proto-v4-dev-grid-s130-20260824T003300Z-26470,completed_development_innovation,2026-08-24T00:34:53+00:00,2026-08-24T00:35:24+00:00,UNAVAILABLE,true,dbfe5dec2b99ba4e385c9e8eb02799aaed8ed02ffcb4dae3ca1ba074ef5dee8f,6069c761f5ad36c25f9cbd461d11eb1805686a3020a8bd9f494e25570b9cbcd9,2d733fdc472cbd7ec9b77e05fe42c5b034d12f41cadb78b63128c9befb4612c5,130,RTX 3090 physical GPU 5; Linux-5.4.0-150-generic-x86_64-with-glibc2.27; torch 2.6.0+cu124; FAISS CPU,masked-prototype-v4-upstream-patchcore-development,official_style_up_to_100_normal_30_seen_anomaly,/home/CuiMinghao/projects/AOI2026/EvoInspect_130_Research_Kit/reports/experiments/masked-prototype-v4-upstream-dev15-3seed-8gpu-20260824T003300Z-26470/runs/masked-proto-v4-dev-grid-s130-20260824T003300Z-26470/metrics.json,/home/CuiMinghao/projects/AOI2026/EvoInspect_130_Research_Kit/reports/experiments/masked-prototype-v4-upstream-dev15-3seed-8gpu-20260824T003300Z-26470/runs/masked-proto-v4-dev-grid-s130-20260824T003300Z-26470/model,,Pinned upstream fcaa92f124fb1ad74a7acf56726decd4b27cbcad; category=mvtec_ad_grid; support anomalies unused by PatchCore memory; used only by MaskedPrototype v4 defect memory
masked-proto-v4-dev-grid-s131-20260824T003300Z-26470,completed_development_innovation,2026-08-24T00:34:54+00:00,2026-08-24T00:35:25+00:00,UNAVAILABLE,true,dbfe5dec2b99ba4e385c9e8eb02799aaed8ed02ffcb4dae3ca1ba074ef5dee8f,6069c761f5ad36c25f9cbd461d11eb1805686a3020a8bd9f494e25570b9cbcd9,fa1b9c6a5a3ac27d2cb26d2842f5985a0119790aed96fb19ad205cdd2bb38190,131,RTX 3090 physical GPU 6; Linux-5.4.0-150-generic-x86_64-with-glibc2.27; torch 2.6.0+cu124; FAISS CPU,masked-prototype-v4-upstream-patchcore-development,official_style_up_to_100_normal_30_seen_anomaly,/home/CuiMinghao/projects/AOI2026/EvoInspect_130_Research_Kit/reports/experiments/masked-prototype-v4-upstream-dev15-3seed-8gpu-20260824T003300Z-26470/runs/masked-proto-v4-dev-grid-s131-20260824T003300Z-26470/metrics.json,/home/CuiMinghao/projects/AOI2026/EvoInspect_130_Research_Kit/reports/experiments/masked-prototype-v4-upstream-dev15-3seed-8gpu-20260824T003300Z-26470/runs/masked-proto-v4-dev-grid-s131-20260824T003300Z-26470/model,,Pinned upstream fcaa92f124fb1ad74a7acf56726decd4b27cbcad; category=mvtec_ad_grid; support anomalies unused by PatchCore memory; used only by MaskedPrototype v4 defect memory
masked-proto-v4-dev-grid-s132-20260824T003300Z-26470,completed_development_innovation,2026-08-24T00:34:54+00:00,2026-08-24T00:35:25+00:00,UNAVAILABLE,true,dbfe5dec2b99ba4e385c9e8eb02799aaed8ed02ffcb4dae3ca1ba074ef5dee8f,6069c761f5ad36c25f9cbd461d11eb1805686a3020a8bd9f494e25570b9cbcd9,01d7cbf3dcca7a06e8c2d1f99051282f53de7009de8b09602d7b6e5afcbe12a8,132,RTX 3090 physical GPU 7; Linux-5.4.0-150-generic-x86_64-with-glibc2.27; torch 2.6.0+cu124; FAISS CPU,masked-prototype-v4-upstream-patchcore-development,official_style_up_to_100_normal_30_seen_anomaly,/home/CuiMinghao/projects/AOI2026/EvoInspect_130_Research_Kit/reports/experiments/masked-prototype-v4-upstream-dev15-3seed-8gpu-20260824T003300Z-26470/runs/masked-proto-v4-dev-grid-s132-20260824T003300Z-26470/metrics.json,/home/CuiMinghao/projects/AOI2026/EvoInspect_130_Research_Kit/reports/experiments/masked-prototype-v4-upstream-dev15-3seed-8gpu-20260824T003300Z-26470/runs/masked-proto-v4-dev-grid-s132-20260824T003300Z-26470/model,,Pinned upstream fcaa92f124fb1ad74a7acf56726decd4b27cbcad; category=mvtec_ad_grid; support anomalies unused by PatchCore memory; used only by MaskedPrototype v4 defect memory
masked-proto-v4-dev-hazelnut-s130-20260824T003300Z-26470,completed_development_innovation,2026-08-24T00:36:15+00:00,2026-08-24T00:36:52+00:00,UNAVAILABLE,true,dbfe5dec2b99ba4e385c9e8eb02799aaed8ed02ffcb4dae3ca1ba074ef5dee8f,6069c761f5ad36c25f9cbd461d11eb1805686a3020a8bd9f494e25570b9cbcd9,1cbb9442ba440de357c075042d122f3d54100be65036738410e11cafe0f47861,130,RTX 3090 physical GPU 4; Linux-5.4.0-150-generic-x86_64-with-glibc2.27; torch 2.6.0+cu124; FAISS CPU,masked-prototype-v4-upstream-patchcore-development,official_style_up_to_100_normal_30_seen_anomaly,/home/CuiMinghao/projects/AOI2026/EvoInspect_130_Research_Kit/reports/experiments/masked-prototype-v4-upstream-dev15-3seed-8gpu-20260824T003300Z-26470/runs/masked-proto-v4-dev-hazelnut-s130-20260824T003300Z-26470/metrics.json,/home/CuiMinghao/projects/AOI2026/EvoInspect_130_Research_Kit/reports/experiments/masked-prototype-v4-upstream-dev15-3seed-8gpu-20260824T003300Z-26470/runs/masked-proto-v4-dev-hazelnut-s130-20260824T003300Z-26470/model,,Pinned upstream fcaa92f124fb1ad74a7acf56726decd4b27cbcad; category=mvtec_ad_hazelnut; support anomalies unused by PatchCore memory; used only by MaskedPrototype v4 defect memory
masked-proto-v4-dev-hazelnut-s131-20260824T003300Z-26470,completed_development_innovation,2026-08-24T00:36:24+00:00,2026-08-24T00:37:02+00:00,UNAVAILABLE,true,dbfe5dec2b99ba4e385c9e8eb02799aaed8ed02ffcb4dae3ca1ba074ef5dee8f,6069c761f5ad36c25f9cbd461d11eb1805686a3020a8bd9f494e25570b9cbcd9,0a225ead1468b84bb4cb6fb8d1b17be04808a37f31c3b4856b4801a91b36fd23,131,RTX 3090 physical GPU 5; Linux-5.4.0-150-generic-x86_64-with-glibc2.27; torch 2.6.0+cu124; FAISS CPU,masked-prototype-v4-upstream-patchcore-development,official_style_up_to_100_normal_30_seen_anomaly,/home/CuiMinghao/projects/AOI2026/EvoInspect_130_Research_Kit/reports/experiments/masked-prototype-v4-upstream-dev15-3seed-8gpu-20260824T003300Z-26470/runs/masked-proto-v4-dev-hazelnut-s131-20260824T003300Z-26470/metrics.json,/home/CuiMinghao/projects/AOI2026/EvoInspect_130_Research_Kit/reports/experiments/masked-prototype-v4-upstream-dev15-3seed-8gpu-20260824T003300Z-26470/runs/masked-proto-v4-dev-hazelnut-s131-20260824T003300Z-26470/model,,Pinned upstream fcaa92f124fb1ad74a7acf56726decd4b27cbcad; category=mvtec_ad_hazelnut; support anomalies unused by PatchCore memory; used only by MaskedPrototype v4 defect memory
masked-proto-v4-dev-hazelnut-s132-20260824T003300Z-26470,completed_development_innovation,2026-08-24T00:36:20+00:00,2026-08-24T00:36:59+00:00,UNAVAILABLE,true,dbfe5dec2b99ba4e385c9e8eb02799aaed8ed02ffcb4dae3ca1ba074ef5dee8f,6069c761f5ad36c25f9cbd461d11eb1805686a3020a8bd9f494e25570b9cbcd9,a6776ae02ae39e81b87960c27fbc3a0db7014362ba08e50acf714e69b3ac4cf9,132,RTX 3090 physical GPU 6; Linux-5.4.0-150-generic-x86_64-with-glibc2.27; torch 2.6.0+cu124; FAISS CPU,masked-prototype-v4-upstream-patchcore-development,official_style_up_to_100_normal_30_seen_anomaly,/home/CuiMinghao/projects/AOI2026/EvoInspect_130_Research_Kit/reports/experiments/masked-prototype-v4-upstream-dev15-3seed-8gpu-20260824T003300Z-26470/runs/masked-proto-v4-dev-hazelnut-s132-20260824T003300Z-26470/metrics.json,/home/CuiMinghao/projects/AOI2026/EvoInspect_130_Research_Kit/reports/experiments/masked-prototype-v4-upstream-dev15-3seed-8gpu-20260824T003300Z-26470/runs/masked-proto-v4-dev-hazelnut-s132-20260824T003300Z-26470/model,,Pinned upstream fcaa92f124fb1ad74a7acf56726decd4b27cbcad; category=mvtec_ad_hazelnut; support anomalies unused by PatchCore memory; used only by MaskedPrototype v4 defect memory
masked-proto-v4-dev-leather-s130-20260824T003300Z-26470,completed_development_innovation,2026-08-24T00:36:28+00:00,2026-08-24T00:37:08+00:00,UNAVAILABLE,true,dbfe5dec2b99ba4e385c9e8eb02799aaed8ed02ffcb4dae3ca1ba074ef5dee8f,6069c761f5ad36c25f9cbd461d11eb1805686a3020a8bd9f494e25570b9cbcd9,9fcb871b5f2740254a4f2a3769cc7c2ec8ed13cae77fffce8c4671912ceb54a0,130,RTX 3090 physical GPU 1; Linux-5.4.0-150-generic-x86_64-with-glibc2.27; torch 2.6.0+cu124; FAISS CPU,masked-prototype-v4-upstream-patchcore-development,official_style_up_to_100_normal_30_seen_anomaly,/home/CuiMinghao/projects/AOI2026/EvoInspect_130_Research_Kit/reports/experiments/masked-prototype-v4-upstream-dev15-3seed-8gpu-20260824T003300Z-26470/runs/masked-proto-v4-dev-leather-s130-20260824T003300Z-26470/metrics.json,/home/CuiMinghao/projects/AOI2026/EvoInspect_130_Research_Kit/reports/experiments/masked-prototype-v4-upstream-dev15-3seed-8gpu-20260824T003300Z-26470/runs/masked-proto-v4-dev-leather-s130-20260824T003300Z-26470/model,,Pinned upstream fcaa92f124fb1ad74a7acf56726decd4b27cbcad; category=mvtec_ad_leather; support anomalies unused by PatchCore memory; used only by MaskedPrototype v4 defect memory
masked-proto-v4-dev-leather-s131-20260824T003300Z-26470,completed_development_innovation,2026-08-24T00:36:10+00:00,2026-08-24T00:36:51+00:00,UNAVAILABLE,true,dbfe5dec2b99ba4e385c9e8eb02799aaed8ed02ffcb4dae3ca1ba074ef5dee8f,6069c761f5ad36c25f9cbd461d11eb1805686a3020a8bd9f494e25570b9cbcd9,c12de61f9eea6e793eec0862d88915636fbef935d215f60e4f3d0afa0d359247,131,RTX 3090 physical GPU 2; Linux-5.4.0-150-generic-x86_64-with-glibc2.27; torch 2.6.0+cu124; FAISS CPU,masked-prototype-v4-upstream-patchcore-development,official_style_up_to_100_normal_30_seen_anomaly,/home/CuiMinghao/projects/AOI2026/EvoInspect_130_Research_Kit/reports/experiments/masked-prototype-v4-upstream-dev15-3seed-8gpu-20260824T003300Z-26470/runs/masked-proto-v4-dev-leather-s131-20260824T003300Z-26470/metrics.json,/home/CuiMinghao/projects/AOI2026/EvoInspect_130_Research_Kit/reports/experiments/masked-prototype-v4-upstream-dev15-3seed-8gpu-20260824T003300Z-26470/runs/masked-proto-v4-dev-leather-s131-20260824T003300Z-26470/model,,Pinned upstream fcaa92f124fb1ad74a7acf56726decd4b27cbcad; category=mvtec_ad_leather; support anomalies unused by PatchCore memory; used only by MaskedPrototype v4 defect memory
masked-proto-v4-dev-leather-s132-20260824T003300Z-26470,completed_development_innovation,2026-08-24T00:36:22+00:00,2026-08-24T00:37:02+00:00,UNAVAILABLE,true,dbfe5dec2b99ba4e385c9e8eb02799aaed8ed02ffcb4dae3ca1ba074ef5dee8f,6069c761f5ad36c25f9cbd461d11eb1805686a3020a8bd9f494e25570b9cbcd9,503247f07d4937d37aafb2315708d1a118c89b55aae5aee4a3fc4ff2db60346a,132,RTX 3090 physical GPU 3; Linux-5.4.0-150-generic-x86_64-with-glibc2.27; torch 2.6.0+cu124; FAISS CPU,masked-prototype-v4-upstream-patchcore-development,official_style_up_to_100_normal_30_seen_anomaly,/home/CuiMinghao/projects/AOI2026/EvoInspect_130_Research_Kit/reports/experiments/masked-prototype-v4-upstream-dev15-3seed-8gpu-20260824T003300Z-26470/runs/masked-proto-v4-dev-leather-s132-20260824T003300Z-26470/metrics.json,/home/CuiMinghao/projects/AOI2026/EvoInspect_130_Research_Kit/reports/experiments/masked-prototype-v4-upstream-dev15-3seed-8gpu-20260824T003300Z-26470/runs/masked-proto-v4-dev-leather-s132-20260824T003300Z-26470/model,,Pinned upstream fcaa92f124fb1ad74a7acf56726decd4b27cbcad; category=mvtec_ad_leather; support anomalies unused by PatchCore memory; used only by MaskedPrototype v4 defect memory
masked-proto-v4-dev-metal_nut-s130-20260824T003300Z-26470,completed_development_innovation,2026-08-24T00:36:21+00:00,2026-08-24T00:36:57+00:00,UNAVAILABLE,true,dbfe5dec2b99ba4e385c9e8eb02799aaed8ed02ffcb4dae3ca1ba074ef5dee8f,6069c761f5ad36c25f9cbd461d11eb1805686a3020a8bd9f494e25570b9cbcd9,d3f2435e242144c5897adc24b13d57e16d595c48dda4e2f20360b58fa1f2c71e,130,RTX 3090 physical GPU 7; Linux-5.4.0-150-generic-x86_64-with-glibc2.27; torch 2.6.0+cu124; FAISS CPU,masked-prototype-v4-upstream-patchcore-development,official_style_up_to_100_normal_30_seen_anomaly,/home/CuiMinghao/projects/AOI2026/EvoInspect_130_Research_Kit/reports/experiments/masked-prototype-v4-upstream-dev15-3seed-8gpu-20260824T003300Z-26470/runs/masked-proto-v4-dev-metal_nut-s130-20260824T003300Z-26470/metrics.json,/home/CuiMinghao/projects/AOI2026/EvoInspect_130_Research_Kit/reports/experiments/masked-prototype-v4-upstream-dev15-3seed-8gpu-20260824T003300Z-26470/runs/masked-proto-v4-dev-metal_nut-s130-20260824T003300Z-26470/model,,Pinned upstream fcaa92f124fb1ad74a7acf56726decd4b27cbcad; category=mvtec_ad_metal_nut; support anomalies unused by PatchCore memory; used only by MaskedPrototype v4 defect memory
masked-proto-v4-dev-metal_nut-s131-20260824T003300Z-26470,completed_development_innovation,2026-08-24T00:37:13+00:00,2026-08-24T00:37:48+00:00,UNAVAILABLE,true,dbfe5dec2b99ba4e385c9e8eb02799aaed8ed02ffcb4dae3ca1ba074ef5dee8f,6069c761f5ad36c25f9cbd461d11eb1805686a3020a8bd9f494e25570b9cbcd9,dcdf5ff5d622f6fafb5050c79208c520928593195604785e348c909aed7859b0,131,RTX 3090 physical GPU 0; Linux-5.4.0-150-generic-x86_64-with-glibc2.27; torch 2.6.0+cu124; FAISS CPU,masked-prototype-v4-upstream-patchcore-development,official_style_up_to_100_normal_30_seen_anomaly,/home/CuiMinghao/projects/AOI2026/EvoInspect_130_Research_Kit/reports/experiments/masked-prototype-v4-upstream-dev15-3seed-8gpu-20260824T003300Z-26470/runs/masked-proto-v4-dev-metal_nut-s131-20260824T003300Z-26470/metrics.json,/home/CuiMinghao/projects/AOI2026/EvoInspect_130_Research_Kit/reports/experiments/masked-prototype-v4-upstream-dev15-3seed-8gpu-20260824T003300Z-26470/runs/masked-proto-v4-dev-metal_nut-s131-20260824T003300Z-26470/model,,Pinned upstream fcaa92f124fb1ad74a7acf56726decd4b27cbcad; category=mvtec_ad_metal_nut; support anomalies unused by PatchCore memory; used only by MaskedPrototype v4 defect memory
masked-proto-v4-dev-metal_nut-s132-20260824T003300Z-26470,completed_development_innovation,2026-08-24T00:37:16+00:00,2026-08-24T00:37:52+00:00,UNAVAILABLE,true,dbfe5dec2b99ba4e385c9e8eb02799aaed8ed02ffcb4dae3ca1ba074ef5dee8f,6069c761f5ad36c25f9cbd461d11eb1805686a3020a8bd9f494e25570b9cbcd9,39248869a11c521f906a33d34061eb07b5eaa659e01756b1832851602239a8ed,132,RTX 3090 physical GPU 1; Linux-5.4.0-150-generic-x86_64-with-glibc2.27; torch 2.6.0+cu124; FAISS CPU,masked-prototype-v4-upstream-patchcore-development,official_style_up_to_100_normal_30_seen_anomaly,/home/CuiMinghao/projects/AOI2026/EvoInspect_130_Research_Kit/reports/experiments/masked-prototype-v4-upstream-dev15-3seed-8gpu-20260824T003300Z-26470/runs/masked-proto-v4-dev-metal_nut-s132-20260824T003300Z-26470/metrics.json,/home/CuiMinghao/projects/AOI2026/EvoInspect_130_Research_Kit/reports/experiments/masked-prototype-v4-upstream-dev15-3seed-8gpu-20260824T003300Z-26470/runs/masked-proto-v4-dev-metal_nut-s132-20260824T003300Z-26470/model,,Pinned upstream fcaa92f124fb1ad74a7acf56726decd4b27cbcad; category=mvtec_ad_metal_nut; support anomalies unused by PatchCore memory; used only by MaskedPrototype v4 defect memory
masked-proto-v4-dev-pill-s130-20260824T003300Z-26470,completed_development_innovation,2026-08-24T00:34:06+00:00,2026-08-24T00:34:54+00:00,UNAVAILABLE,true,dbfe5dec2b99ba4e385c9e8eb02799aaed8ed02ffcb4dae3ca1ba074ef5dee8f,6069c761f5ad36c25f9cbd461d11eb1805686a3020a8bd9f494e25570b9cbcd9,21371aca3cc89c84e39cf75e7d53628cf5e822cc41cd9fe4e937196ac4902e93,130,RTX 3090 physical GPU 1; Linux-5.4.0-150-generic-x86_64-with-glibc2.27; torch 2.6.0+cu124; FAISS CPU,masked-prototype-v4-upstream-patchcore-development,official_style_up_to_100_normal_30_seen_anomaly,/home/CuiMinghao/projects/AOI2026/EvoInspect_130_Research_Kit/reports/experiments/masked-prototype-v4-upstream-dev15-3seed-8gpu-20260824T003300Z-26470/runs/masked-proto-v4-dev-pill-s130-20260824T003300Z-26470/metrics.json,/home/CuiMinghao/projects/AOI2026/EvoInspect_130_Research_Kit/reports/experiments/masked-prototype-v4-upstream-dev15-3seed-8gpu-20260824T003300Z-26470/runs/masked-proto-v4-dev-pill-s130-20260824T003300Z-26470/model,,Pinned upstream fcaa92f124fb1ad74a7acf56726decd4b27cbcad; category=mvtec_ad_pill; support anomalies unused by PatchCore memory; used only by MaskedPrototype v4 defect memory
masked-proto-v4-dev-pill-s131-20260824T003300Z-26470,completed_development_innovation,2026-08-24T00:34:03+00:00,2026-08-24T00:34:51+00:00,UNAVAILABLE,true,dbfe5dec2b99ba4e385c9e8eb02799aaed8ed02ffcb4dae3ca1ba074ef5dee8f,6069c761f5ad36c25f9cbd461d11eb1805686a3020a8bd9f494e25570b9cbcd9,d9260f3c1f952f18b9638a756f65a097ee12db544616bbb8e5c2d54a296899ee,131,RTX 3090 physical GPU 2; Linux-5.4.0-150-generic-x86_64-with-glibc2.27; torch 2.6.0+cu124; FAISS CPU,masked-prototype-v4-upstream-patchcore-development,official_style_up_to_100_normal_30_seen_anomaly,/home/CuiMinghao/projects/AOI2026/EvoInspect_130_Research_Kit/reports/experiments/masked-prototype-v4-upstream-dev15-3seed-8gpu-20260824T003300Z-26470/runs/masked-proto-v4-dev-pill-s131-20260824T003300Z-26470/metrics.json,/home/CuiMinghao/projects/AOI2026/EvoInspect_130_Research_Kit/reports/experiments/masked-prototype-v4-upstream-dev15-3seed-8gpu-20260824T003300Z-26470/runs/masked-proto-v4-dev-pill-s131-20260824T003300Z-26470/model,,Pinned upstream fcaa92f124fb1ad74a7acf56726decd4b27cbcad; category=mvtec_ad_pill; support anomalies unused by PatchCore memory; used only by MaskedPrototype v4 defect memory
masked-proto-v4-dev-pill-s132-20260824T003300Z-26470,completed_development_innovation,2026-08-24T00:34:04+00:00,2026-08-24T00:34:53+00:00,UNAVAILABLE,true,dbfe5dec2b99ba4e385c9e8eb02799aaed8ed02ffcb4dae3ca1ba074ef5dee8f,6069c761f5ad36c25f9cbd461d11eb1805686a3020a8bd9f494e25570b9cbcd9,7116fbf2b9341bdf473b265f3203c4fb0915522eea56f1a43a653dd3788328a5,132,RTX 3090 physical GPU 3; Linux-5.4.0-150-generic-x86_64-with-glibc2.27; torch 2.6.0+cu124; FAISS CPU,masked-prototype-v4-upstream-patchcore-development,official_style_up_to_100_normal_30_seen_anomaly,/home/CuiMinghao/projects/AOI2026/EvoInspect_130_Research_Kit/reports/experiments/masked-prototype-v4-upstream-dev15-3seed-8gpu-20260824T003300Z-26470/runs/masked-proto-v4-dev-pill-s132-20260824T003300Z-26470/metrics.json,/home/CuiMinghao/projects/AOI2026/EvoInspect_130_Research_Kit/reports/experiments/masked-prototype-v4-upstream-dev15-3seed-8gpu-20260824T003300Z-26470/runs/masked-proto-v4-dev-pill-s132-20260824T003300Z-26470/model,,Pinned upstream fcaa92f124fb1ad74a7acf56726decd4b27cbcad; category=mvtec_ad_pill; support anomalies unused by PatchCore memory; used only by MaskedPrototype v4 defect memory
masked-proto-v4-dev-screw-s130-20260824T003300Z-26470,completed_development_innovation,2026-08-24T00:33:11+00:00,2026-08-24T00:33:57+00:00,UNAVAILABLE,true,dbfe5dec2b99ba4e385c9e8eb02799aaed8ed02ffcb4dae3ca1ba074ef5dee8f,6069c761f5ad36c25f9cbd461d11eb1805686a3020a8bd9f494e25570b9cbcd9,b384b4e4d976b0f39339de019b1f2a40e03f01a3c7de8576b1b89b97658f0d90,130,RTX 3090 physical GPU 0; Linux-5.4.0-150-generic-x86_64-with-glibc2.27; torch 2.6.0+cu124; FAISS CPU,masked-prototype-v4-upstream-patchcore-development,official_style_up_to_100_normal_30_seen_anomaly,/home/CuiMinghao/projects/AOI2026/EvoInspect_130_Research_Kit/reports/experiments/masked-prototype-v4-upstream-dev15-3seed-8gpu-20260824T003300Z-26470/runs/masked-proto-v4-dev-screw-s130-20260824T003300Z-26470/metrics.json,/home/CuiMinghao/projects/AOI2026/EvoInspect_130_Research_Kit/reports/experiments/masked-prototype-v4-upstream-dev15-3seed-8gpu-20260824T003300Z-26470/runs/masked-proto-v4-dev-screw-s130-20260824T003300Z-26470/model,,Pinned upstream fcaa92f124fb1ad74a7acf56726decd4b27cbcad; category=mvtec_ad_screw; support anomalies unused by PatchCore memory; used only by MaskedPrototype v4 defect memory
masked-proto-v4-dev-screw-s131-20260824T003300Z-26470,completed_development_innovation,2026-08-24T00:33:10+00:00,2026-08-24T00:33:58+00:00,UNAVAILABLE,true,dbfe5dec2b99ba4e385c9e8eb02799aaed8ed02ffcb4dae3ca1ba074ef5dee8f,6069c761f5ad36c25f9cbd461d11eb1805686a3020a8bd9f494e25570b9cbcd9,c4ab43c8b2105686d63e3aa9e8f04240319547267bcf98c4620aef2d3e1cb4b7,131,RTX 3090 physical GPU 1; Linux-5.4.0-150-generic-x86_64-with-glibc2.27; torch 2.6.0+cu124; FAISS CPU,masked-prototype-v4-upstream-patchcore-development,official_style_up_to_100_normal_30_seen_anomaly,/home/CuiMinghao/projects/AOI2026/EvoInspect_130_Research_Kit/reports/experiments/masked-prototype-v4-upstream-dev15-3seed-8gpu-20260824T003300Z-26470/runs/masked-proto-v4-dev-screw-s131-20260824T003300Z-26470/metrics.json,/home/CuiMinghao/projects/AOI2026/EvoInspect_130_Research_Kit/reports/experiments/masked-prototype-v4-upstream-dev15-3seed-8gpu-20260824T003300Z-26470/runs/masked-proto-v4-dev-screw-s131-20260824T003300Z-26470/model,,Pinned upstream fcaa92f124fb1ad74a7acf56726decd4b27cbcad; category=mvtec_ad_screw; support anomalies unused by PatchCore memory; used only by MaskedPrototype v4 defect memory
masked-proto-v4-dev-screw-s132-20260824T003300Z-26470,completed_development_innovation,2026-08-24T00:33:10+00:00,2026-08-24T00:33:55+00:00,UNAVAILABLE,true,dbfe5dec2b99ba4e385c9e8eb02799aaed8ed02ffcb4dae3ca1ba074ef5dee8f,6069c761f5ad36c25f9cbd461d11eb1805686a3020a8bd9f494e25570b9cbcd9,a28d2037fe58478cec2797003f1723c3c2e90ac27e5985b97be1534d0881030c,132,RTX 3090 physical GPU 2; Linux-5.4.0-150-generic-x86_64-with-glibc2.27; torch 2.6.0+cu124; FAISS CPU,masked-prototype-v4-upstream-patchcore-development,official_style_up_to_100_normal_30_seen_anomaly,/home/CuiMinghao/projects/AOI2026/EvoInspect_130_Research_Kit/reports/experiments/masked-prototype-v4-upstream-dev15-3seed-8gpu-20260824T003300Z-26470/runs/masked-proto-v4-dev-screw-s132-20260824T003300Z-26470/metrics.json,/home/CuiMinghao/projects/AOI2026/EvoInspect_130_Research_Kit/reports/experiments/masked-prototype-v4-upstream-dev15-3seed-8gpu-20260824T003300Z-26470/runs/masked-proto-v4-dev-screw-s132-20260824T003300Z-26470/model,,Pinned upstream fcaa92f124fb1ad74a7acf56726decd4b27cbcad; category=mvtec_ad_screw; support anomalies unused by PatchCore memory; used only by MaskedPrototype v4 defect memory
masked-proto-v4-dev-tile-s130-20260824T003300Z-26470,completed_development_innovation,2026-08-24T00:34:05+00:00,2026-08-24T00:34:45+00:00,UNAVAILABLE,true,dbfe5dec2b99ba4e385c9e8eb02799aaed8ed02ffcb4dae3ca1ba074ef5dee8f,6069c761f5ad36c25f9cbd461d11eb1805686a3020a8bd9f494e25570b9cbcd9,e9c1e04f6c1d90b38be4261669a0a178e6f3a7b9ba983571bf980473af48f639,130,RTX 3090 physical GPU 4; Linux-5.4.0-150-generic-x86_64-with-glibc2.27; torch 2.6.0+cu124; FAISS CPU,masked-prototype-v4-upstream-patchcore-development,official_style_up_to_100_normal_30_seen_anomaly,/home/CuiMinghao/projects/AOI2026/EvoInspect_130_Research_Kit/reports/experiments/masked-prototype-v4-upstream-dev15-3seed-8gpu-20260824T003300Z-26470/runs/masked-proto-v4-dev-tile-s130-20260824T003300Z-26470/metrics.json,/home/CuiMinghao/projects/AOI2026/EvoInspect_130_Research_Kit/reports/experiments/masked-prototype-v4-upstream-dev15-3seed-8gpu-20260824T003300Z-26470/runs/masked-proto-v4-dev-tile-s130-20260824T003300Z-26470/model,,Pinned upstream fcaa92f124fb1ad74a7acf56726decd4b27cbcad; category=mvtec_ad_tile; support anomalies unused by PatchCore memory; used only by MaskedPrototype v4 defect memory
masked-proto-v4-dev-tile-s131-20260824T003300Z-26470,completed_development_innovation,2026-08-24T00:34:04+00:00,2026-08-24T00:34:44+00:00,UNAVAILABLE,true,dbfe5dec2b99ba4e385c9e8eb02799aaed8ed02ffcb4dae3ca1ba074ef5dee8f,6069c761f5ad36c25f9cbd461d11eb1805686a3020a8bd9f494e25570b9cbcd9,454670882e5bae1df8b58da6968f8f2061962c1af900c71f3837fe6a03cfff0e,131,RTX 3090 physical GPU 5; Linux-5.4.0-150-generic-x86_64-with-glibc2.27; torch 2.6.0+cu124; FAISS CPU,masked-prototype-v4-upstream-patchcore-development,official_style_up_to_100_normal_30_seen_anomaly,/home/CuiMinghao/projects/AOI2026/EvoInspect_130_Research_Kit/reports/experiments/masked-prototype-v4-upstream-dev15-3seed-8gpu-20260824T003300Z-26470/runs/masked-proto-v4-dev-tile-s131-20260824T003300Z-26470/metrics.json,/home/CuiMinghao/projects/AOI2026/EvoInspect_130_Research_Kit/reports/experiments/masked-prototype-v4-upstream-dev15-3seed-8gpu-20260824T003300Z-26470/runs/masked-proto-v4-dev-tile-s131-20260824T003300Z-26470/model,,Pinned upstream fcaa92f124fb1ad74a7acf56726decd4b27cbcad; category=mvtec_ad_tile; support anomalies unused by PatchCore memory; used only by MaskedPrototype v4 defect memory
masked-proto-v4-dev-tile-s132-20260824T003300Z-26470,completed_development_innovation,2026-08-24T00:34:06+00:00,2026-08-24T00:34:46+00:00,UNAVAILABLE,true,dbfe5dec2b99ba4e385c9e8eb02799aaed8ed02ffcb4dae3ca1ba074ef5dee8f,6069c761f5ad36c25f9cbd461d11eb1805686a3020a8bd9f494e25570b9cbcd9,833b68df57a09f7b16b64606e16bd20c24e51e32b90bf3ef2ea0d3799aa54fe6,132,RTX 3090 physical GPU 6; Linux-5.4.0-150-generic-x86_64-with-glibc2.27; torch 2.6.0+cu124; FAISS CPU,masked-prototype-v4-upstream-patchcore-development,official_style_up_to_100_normal_30_seen_anomaly,/home/CuiMinghao/projects/AOI2026/EvoInspect_130_Research_Kit/reports/experiments/masked-prototype-v4-upstream-dev15-3seed-8gpu-20260824T003300Z-26470/runs/masked-proto-v4-dev-tile-s132-20260824T003300Z-26470/metrics.json,/home/CuiMinghao/projects/AOI2026/EvoInspect_130_Research_Kit/reports/experiments/masked-prototype-v4-upstream-dev15-3seed-8gpu-20260824T003300Z-26470/runs/masked-proto-v4-dev-tile-s132-20260824T003300Z-26470/model,,Pinned upstream fcaa92f124fb1ad74a7acf56726decd4b27cbcad; category=mvtec_ad_tile; support anomalies unused by PatchCore memory; used only by MaskedPrototype v4 defect memory
masked-proto-v4-dev-toothbrush-s130-20260824T003300Z-26470,completed_development_innovation,2026-08-24T00:34:59+00:00,2026-08-24T00:35:22+00:00,UNAVAILABLE,true,dbfe5dec2b99ba4e385c9e8eb02799aaed8ed02ffcb4dae3ca1ba074ef5dee8f,6069c761f5ad36c25f9cbd461d11eb1805686a3020a8bd9f494e25570b9cbcd9,3446a99d241ca50968ede59d155e7d799f092b963dd620e811bb44ac78d9048e,130,RTX 3090 physical GPU 2; Linux-5.4.0-150-generic-x86_64-with-glibc2.27; torch 2.6.0+cu124; FAISS CPU,masked-prototype-v4-upstream-patchcore-development,official_style_up_to_100_normal_30_seen_anomaly,/home/CuiMinghao/projects/AOI2026/EvoInspect_130_Research_Kit/reports/experiments/masked-prototype-v4-upstream-dev15-3seed-8gpu-20260824T003300Z-26470/runs/masked-proto-v4-dev-toothbrush-s130-20260824T003300Z-26470/metrics.json,/home/CuiMinghao/projects/AOI2026/EvoInspect_130_Research_Kit/reports/experiments/masked-prototype-v4-upstream-dev15-3seed-8gpu-20260824T003300Z-26470/runs/masked-proto-v4-dev-toothbrush-s130-20260824T003300Z-26470/model,,Pinned upstream fcaa92f124fb1ad74a7acf56726decd4b27cbcad; category=mvtec_ad_toothbrush; support anomalies unused by PatchCore memory; used only by MaskedPrototype v4 defect memory
masked-proto-v4-dev-toothbrush-s131-20260824T003300Z-26470,completed_development_innovation,2026-08-24T00:35:01+00:00,2026-08-24T00:35:24+00:00,UNAVAILABLE,true,dbfe5dec2b99ba4e385c9e8eb02799aaed8ed02ffcb4dae3ca1ba074ef5dee8f,6069c761f5ad36c25f9cbd461d11eb1805686a3020a8bd9f494e25570b9cbcd9,c1fb4b7abdcc5c0c7fe2aaca56ab0cdf53220929a926a422dab2050f05f777f9,131,RTX 3090 physical GPU 3; Linux-5.4.0-150-generic-x86_64-with-glibc2.27; torch 2.6.0+cu124; FAISS CPU,masked-prototype-v4-upstream-patchcore-development,official_style_up_to_100_normal_30_seen_anomaly,/home/CuiMinghao/projects/AOI2026/EvoInspect_130_Research_Kit/reports/experiments/masked-prototype-v4-upstream-dev15-3seed-8gpu-20260824T003300Z-26470/runs/masked-proto-v4-dev-toothbrush-s131-20260824T003300Z-26470/metrics.json,/home/CuiMinghao/projects/AOI2026/EvoInspect_130_Research_Kit/reports/experiments/masked-prototype-v4-upstream-dev15-3seed-8gpu-20260824T003300Z-26470/runs/masked-proto-v4-dev-toothbrush-s131-20260824T003300Z-26470/model,,Pinned upstream fcaa92f124fb1ad74a7acf56726decd4b27cbcad; category=mvtec_ad_toothbrush; support anomalies unused by PatchCore memory; used only by MaskedPrototype v4 defect memory
masked-proto-v4-dev-toothbrush-s132-20260824T003300Z-26470,completed_development_innovation,2026-08-24T00:34:53+00:00,2026-08-24T00:35:16+00:00,UNAVAILABLE,true,dbfe5dec2b99ba4e385c9e8eb02799aaed8ed02ffcb4dae3ca1ba074ef5dee8f,6069c761f5ad36c25f9cbd461d11eb1805686a3020a8bd9f494e25570b9cbcd9,a75015d4d96da2bfe9152dc5bab7ccf64ebbe17c81ede02b11f262504e167131,132,RTX 3090 physical GPU 4; Linux-5.4.0-150-generic-x86_64-with-glibc2.27; torch 2.6.0+cu124; FAISS CPU,masked-prototype-v4-upstream-patchcore-development,official_style_up_to_100_normal_30_seen_anomaly,/home/CuiMinghao/projects/AOI2026/EvoInspect_130_Research_Kit/reports/experiments/masked-prototype-v4-upstream-dev15-3seed-8gpu-20260824T003300Z-26470/runs/masked-proto-v4-dev-toothbrush-s132-20260824T003300Z-26470/metrics.json,/home/CuiMinghao/projects/AOI2026/EvoInspect_130_Research_Kit/reports/experiments/masked-prototype-v4-upstream-dev15-3seed-8gpu-20260824T003300Z-26470/runs/masked-proto-v4-dev-toothbrush-s132-20260824T003300Z-26470/model,,Pinned upstream fcaa92f124fb1ad74a7acf56726decd4b27cbcad; category=mvtec_ad_toothbrush; support anomalies unused by PatchCore memory; used only by MaskedPrototype v4 defect memory
masked-proto-v4-dev-transistor-s130-20260824T003300Z-26470,completed_development_innovation,2026-08-24T00:34:09+00:00,2026-08-24T00:34:46+00:00,UNAVAILABLE,true,dbfe5dec2b99ba4e385c9e8eb02799aaed8ed02ffcb4dae3ca1ba074ef5dee8f,6069c761f5ad36c25f9cbd461d11eb1805686a3020a8bd9f494e25570b9cbcd9,082bd5b34d88e81bd44e130f03a8731fa3f291d7331fd5f8c1701510d87e1faf,130,RTX 3090 physical GPU 7; Linux-5.4.0-150-generic-x86_64-with-glibc2.27; torch 2.6.0+cu124; FAISS CPU,masked-prototype-v4-upstream-patchcore-development,official_style_up_to_100_normal_30_seen_anomaly,/home/CuiMinghao/projects/AOI2026/EvoInspect_130_Research_Kit/reports/experiments/masked-prototype-v4-upstream-dev15-3seed-8gpu-20260824T003300Z-26470/runs/masked-proto-v4-dev-transistor-s130-20260824T003300Z-26470/metrics.json,/home/CuiMinghao/projects/AOI2026/EvoInspect_130_Research_Kit/reports/experiments/masked-prototype-v4-upstream-dev15-3seed-8gpu-20260824T003300Z-26470/runs/masked-proto-v4-dev-transistor-s130-20260824T003300Z-26470/model,,Pinned upstream fcaa92f124fb1ad74a7acf56726decd4b27cbcad; category=mvtec_ad_transistor; support anomalies unused by PatchCore memory; used only by MaskedPrototype v4 defect memory
masked-proto-v4-dev-transistor-s131-20260824T003300Z-26470,completed_development_innovation,2026-08-24T00:35:01+00:00,2026-08-24T00:35:38+00:00,UNAVAILABLE,true,dbfe5dec2b99ba4e385c9e8eb02799aaed8ed02ffcb4dae3ca1ba074ef5dee8f,6069c761f5ad36c25f9cbd461d11eb1805686a3020a8bd9f494e25570b9cbcd9,f11c1e50874d5b2b80dd72ca9669e6e21ec8d34aaeec94bd5afe722e6387a218,131,RTX 3090 physical GPU 0; Linux-5.4.0-150-generic-x86_64-with-glibc2.27; torch 2.6.0+cu124; FAISS CPU,masked-prototype-v4-upstream-patchcore-development,official_style_up_to_100_normal_30_seen_anomaly,/home/CuiMinghao/projects/AOI2026/EvoInspect_130_Research_Kit/reports/experiments/masked-prototype-v4-upstream-dev15-3seed-8gpu-20260824T003300Z-26470/runs/masked-proto-v4-dev-transistor-s131-20260824T003300Z-26470/metrics.json,/home/CuiMinghao/projects/AOI2026/EvoInspect_130_Research_Kit/reports/experiments/masked-prototype-v4-upstream-dev15-3seed-8gpu-20260824T003300Z-26470/runs/masked-proto-v4-dev-transistor-s131-20260824T003300Z-26470/model,,Pinned upstream fcaa92f124fb1ad74a7acf56726decd4b27cbcad; category=mvtec_ad_transistor; support anomalies unused by PatchCore memory; used only by MaskedPrototype v4 defect memory
masked-proto-v4-dev-transistor-s132-20260824T003300Z-26470,completed_development_innovation,2026-08-24T00:35:02+00:00,2026-08-24T00:35:40+00:00,UNAVAILABLE,true,dbfe5dec2b99ba4e385c9e8eb02799aaed8ed02ffcb4dae3ca1ba074ef5dee8f,6069c761f5ad36c25f9cbd461d11eb1805686a3020a8bd9f494e25570b9cbcd9,a499e2dc57d22620fa61f3aa5731d657f1a1d7e32168d4c1223beac2b0b515e2,132,RTX 3090 physical GPU 1; Linux-5.4.0-150-generic-x86_64-with-glibc2.27; torch 2.6.0+cu124; FAISS CPU,masked-prototype-v4-upstream-patchcore-development,official_style_up_to_100_normal_30_seen_anomaly,/home/CuiMinghao/projects/AOI2026/EvoInspect_130_Research_Kit/reports/experiments/masked-prototype-v4-upstream-dev15-3seed-8gpu-20260824T003300Z-26470/runs/masked-proto-v4-dev-transistor-s132-20260824T003300Z-26470/metrics.json,/home/CuiMinghao/projects/AOI2026/EvoInspect_130_Research_Kit/reports/experiments/masked-prototype-v4-upstream-dev15-3seed-8gpu-20260824T003300Z-26470/runs/masked-proto-v4-dev-transistor-s132-20260824T003300Z-26470/model,,Pinned upstream fcaa92f124fb1ad74a7acf56726decd4b27cbcad; category=mvtec_ad_transistor; support anomalies unused by PatchCore memory; used only by MaskedPrototype v4 defect memory
masked-proto-v4-dev-wood-s130-20260824T003300Z-26470,completed_development_innovation,2026-08-24T00:36:59+00:00,2026-08-24T00:37:30+00:00,UNAVAILABLE,true,dbfe5dec2b99ba4e385c9e8eb02799aaed8ed02ffcb4dae3ca1ba074ef5dee8f,6069c761f5ad36c25f9cbd461d11eb1805686a3020a8bd9f494e25570b9cbcd9,229c68a425d3176f58940e8406226f4f79d6d376882b361c4a6087f080ba112a,130,RTX 3090 physical GPU 2; Linux-5.4.0-150-generic-x86_64-with-glibc2.27; torch 2.6.0+cu124; FAISS CPU,masked-prototype-v4-upstream-patchcore-development,official_style_up_to_100_normal_30_seen_anomaly,/home/CuiMinghao/projects/AOI2026/EvoInspect_130_Research_Kit/reports/experiments/masked-prototype-v4-upstream-dev15-3seed-8gpu-20260824T003300Z-26470/runs/masked-proto-v4-dev-wood-s130-20260824T003300Z-26470/metrics.json,/home/CuiMinghao/projects/AOI2026/EvoInspect_130_Research_Kit/reports/experiments/masked-prototype-v4-upstream-dev15-3seed-8gpu-20260824T003300Z-26470/runs/masked-proto-v4-dev-wood-s130-20260824T003300Z-26470/model,,Pinned upstream fcaa92f124fb1ad74a7acf56726decd4b27cbcad; category=mvtec_ad_wood; support anomalies unused by PatchCore memory; used only by MaskedPrototype v4 defect memory
masked-proto-v4-dev-wood-s131-20260824T003300Z-26470,completed_development_innovation,2026-08-24T00:37:10+00:00,2026-08-24T00:37:42+00:00,UNAVAILABLE,true,dbfe5dec2b99ba4e385c9e8eb02799aaed8ed02ffcb4dae3ca1ba074ef5dee8f,6069c761f5ad36c25f9cbd461d11eb1805686a3020a8bd9f494e25570b9cbcd9,b4ff6ca81d70c6c47d3911f80083e18fc5dfafb35e2a2ad67bc8d6d7a8a41876,131,RTX 3090 physical GPU 3; Linux-5.4.0-150-generic-x86_64-with-glibc2.27; torch 2.6.0+cu124; FAISS CPU,masked-prototype-v4-upstream-patchcore-development,official_style_up_to_100_normal_30_seen_anomaly,/home/CuiMinghao/projects/AOI2026/EvoInspect_130_Research_Kit/reports/experiments/masked-prototype-v4-upstream-dev15-3seed-8gpu-20260824T003300Z-26470/runs/masked-proto-v4-dev-wood-s131-20260824T003300Z-26470/metrics.json,/home/CuiMinghao/projects/AOI2026/EvoInspect_130_Research_Kit/reports/experiments/masked-prototype-v4-upstream-dev15-3seed-8gpu-20260824T003300Z-26470/runs/masked-proto-v4-dev-wood-s131-20260824T003300Z-26470/model,,Pinned upstream fcaa92f124fb1ad74a7acf56726decd4b27cbcad; category=mvtec_ad_wood; support anomalies unused by PatchCore memory; used only by MaskedPrototype v4 defect memory
masked-proto-v4-dev-wood-s132-20260824T003300Z-26470,completed_development_innovation,2026-08-24T00:37:00+00:00,2026-08-24T00:37:33+00:00,UNAVAILABLE,true,dbfe5dec2b99ba4e385c9e8eb02799aaed8ed02ffcb4dae3ca1ba074ef5dee8f,6069c761f5ad36c25f9cbd461d11eb1805686a3020a8bd9f494e25570b9cbcd9,ae17326cd8ff78afc7c88ae73979d2f48b23fb7db82b650156abd2381dc21994,132,RTX 3090 physical GPU 4; Linux-5.4.0-150-generic-x86_64-with-glibc2.27; torch 2.6.0+cu124; FAISS CPU,masked-prototype-v4-upstream-patchcore-development,official_style_up_to_100_normal_30_seen_anomaly,/home/CuiMinghao/projects/AOI2026/EvoInspect_130_Research_Kit/reports/experiments/masked-prototype-v4-upstream-dev15-3seed-8gpu-20260824T003300Z-26470/runs/masked-proto-v4-dev-wood-s132-20260824T003300Z-26470/metrics.json,/home/CuiMinghao/projects/AOI2026/EvoInspect_130_Research_Kit/reports/experiments/masked-prototype-v4-upstream-dev15-3seed-8gpu-20260824T003300Z-26470/runs/masked-proto-v4-dev-wood-s132-20260824T003300Z-26470/model,,Pinned upstream fcaa92f124fb1ad74a7acf56726decd4b27cbcad; category=mvtec_ad_wood; support anomalies unused by PatchCore memory; used only by MaskedPrototype v4 defect memory
masked-proto-v4-dev-zipper-s130-20260824T003300Z-26470,completed_development_innovation,2026-08-24T00:35:32+00:00,2026-08-24T00:36:14+00:00,UNAVAILABLE,true,dbfe5dec2b99ba4e385c9e8eb02799aaed8ed02ffcb4dae3ca1ba074ef5dee8f,6069c761f5ad36c25f9cbd461d11eb1805686a3020a8bd9f494e25570b9cbcd9,9f4de898edb50ad1d6be4660fbdddaca791d5402eeb25c80a10472e1ad74a3a1,130,RTX 3090 physical GPU 3; Linux-5.4.0-150-generic-x86_64-with-glibc2.27; torch 2.6.0+cu124; FAISS CPU,masked-prototype-v4-upstream-patchcore-development,official_style_up_to_100_normal_30_seen_anomaly,/home/CuiMinghao/projects/AOI2026/EvoInspect_130_Research_Kit/reports/experiments/masked-prototype-v4-upstream-dev15-3seed-8gpu-20260824T003300Z-26470/runs/masked-proto-v4-dev-zipper-s130-20260824T003300Z-26470/metrics.json,/home/CuiMinghao/projects/AOI2026/EvoInspect_130_Research_Kit/reports/experiments/masked-prototype-v4-upstream-dev15-3seed-8gpu-20260824T003300Z-26470/runs/masked-proto-v4-dev-zipper-s130-20260824T003300Z-26470/model,,Pinned upstream fcaa92f124fb1ad74a7acf56726decd4b27cbcad; category=mvtec_ad_zipper; support anomalies unused by PatchCore memory; used only by MaskedPrototype v4 defect memory
masked-proto-v4-dev-zipper-s131-20260824T003300Z-26470,completed_development_innovation,2026-08-24T00:35:24+00:00,2026-08-24T00:36:06+00:00,UNAVAILABLE,true,dbfe5dec2b99ba4e385c9e8eb02799aaed8ed02ffcb4dae3ca1ba074ef5dee8f,6069c761f5ad36c25f9cbd461d11eb1805686a3020a8bd9f494e25570b9cbcd9,0896d85f1105c44afe9beebf7f6c042f01cfd9d3c55c54758100e30c3f11dc6c,131,RTX 3090 physical GPU 4; Linux-5.4.0-150-generic-x86_64-with-glibc2.27; torch 2.6.0+cu124; FAISS CPU,masked-prototype-v4-upstream-patchcore-development,official_style_up_to_100_normal_30_seen_anomaly,/home/CuiMinghao/projects/AOI2026/EvoInspect_130_Research_Kit/reports/experiments/masked-prototype-v4-upstream-dev15-3seed-8gpu-20260824T003300Z-26470/runs/masked-proto-v4-dev-zipper-s131-20260824T003300Z-26470/metrics.json,/home/CuiMinghao/projects/AOI2026/EvoInspect_130_Research_Kit/reports/experiments/masked-prototype-v4-upstream-dev15-3seed-8gpu-20260824T003300Z-26470/runs/masked-proto-v4-dev-zipper-s131-20260824T003300Z-26470/model,,Pinned upstream fcaa92f124fb1ad74a7acf56726decd4b27cbcad; category=mvtec_ad_zipper; support anomalies unused by PatchCore memory; used only by MaskedPrototype v4 defect memory
masked-proto-v4-dev-zipper-s132-20260824T003300Z-26470,completed_development_innovation,2026-08-24T00:35:32+00:00,2026-08-24T00:36:16+00:00,UNAVAILABLE,true,dbfe5dec2b99ba4e385c9e8eb02799aaed8ed02ffcb4dae3ca1ba074ef5dee8f,6069c761f5ad36c25f9cbd461d11eb1805686a3020a8bd9f494e25570b9cbcd9,a6a0e18ade3e36866727c1b1e5308652cf68ebb72b8cfe202a1ca2edbfd24cd5,132,RTX 3090 physical GPU 5; Linux-5.4.0-150-generic-x86_64-with-glibc2.27; torch 2.6.0+cu124; FAISS CPU,masked-prototype-v4-upstream-patchcore-development,official_style_up_to_100_normal_30_seen_anomaly,/home/CuiMinghao/projects/AOI2026/EvoInspect_130_Research_Kit/reports/experiments/masked-prototype-v4-upstream-dev15-3seed-8gpu-20260824T003300Z-26470/runs/masked-proto-v4-dev-zipper-s132-20260824T003300Z-26470/metrics.json,/home/CuiMinghao/projects/AOI2026/EvoInspect_130_Research_Kit/reports/experiments/masked-prototype-v4-upstream-dev15-3seed-8gpu-20260824T003300Z-26470/runs/masked-proto-v4-dev-zipper-s132-20260824T003300Z-26470/model,,Pinned upstream fcaa92f124fb1ad74a7acf56726decd4b27cbcad; category=mvtec_ad_zipper; support anomalies unused by PatchCore memory; used only by MaskedPrototype v4 defect memory
upstream-pc-localization-reeval-20260824T084500,superseded_operating_point_tie_policy,2026-08-24T01:49:29+00:00,2026-08-24T01:51:00+00:00,UNAVAILABLE,true,d19b976e2a5a9a6d141bfe4927673c86e278ebe17e4c033e7fa10099675a08d6,8ce93a6baec959d079701f669d8763c6fbf888c2f9d684a89938ac1ecb58c4d9,b8e8d0d6a85facf12875fa88cdfb70a45f61dbabf5194e9a87bd256a567c2c92,133-137,CPU reevaluation; Linux-5.4.0-150-generic-x86_64-with-glibc2.27; workers=4,upstream-patchcore-fcaa92f-saved-masks,official_style_up_to_100_normal_30_seen_anomaly_seeds_133_137,reports/experiments/upstream-patchcore-localization-reeval-20260824T084500/aggregate.json,reports/experiments/upstream-patchcore-localization-reeval-20260824T084500,,AUPRO values remain valid; test-derived operating points superseded by evaluator v2 because tied scores could slightly exceed the requested FPR
upstream-pc-localization-reeval-v2-20260824T101000,completed_localization_reevaluation,2026-08-24T01:53:53+00:00,2026-08-24T01:55:24+00:00,UNAVAILABLE,true,3773c7b55390f0003a826959d681164f86a6308f9f8463034f881d444df6bb22,8ce93a6baec959d079701f669d8763c6fbf888c2f9d684a89938ac1ecb58c4d9,b8e8d0d6a85facf12875fa88cdfb70a45f61dbabf5194e9a87bd256a567c2c92,133-137,CPU reevaluation; Linux-5.4.0-150-generic-x86_64-with-glibc2.27; workers=4,upstream-patchcore-fcaa92f-saved-masks,official_style_up_to_100_normal_30_seen_anomaly_seeds_133_137,reports/experiments/upstream-patchcore-localization-reeval-v2-20260824T101000/aggregate.json,reports/experiments/upstream-patchcore-localization-reeval-v2-20260824T101000,,AUPRO@0.30/@0.05 and region diagnostics; final-test-derived operating points are explicitly forbidden for model selection
efficientad-env-validation-20260824T113918,completed_environment_validation,,2026-08-24T03:39:18+00:00,070845d054ea9b3a6fbb243765aea26584125501,true,ca7a8febfec1fe66e7d44a8f1330f6df4d217037c8c05fdc8c26855fdae0196d,,,,"8 RTX 3090 detected; no compute process at validation; no GPU workload started",efficientad-s-rcbr-v1-untrained,environment_and_api_validation,evidence/environment-efficientad-20260824.txt,pre_trained/efficientad_pretrained_weights,,"Initial imagecodecs 2026.3.6 source build failed; pinned compatible binary 2026.1.14 and reran successfully; no accuracy or latency metric"
video-demo-20260827T194000-cpu-annotated,completed_functional_video_demo,2026-08-27T11:33:00+00:00,2026-08-27T11:34:52+00:00,d61935c051b0c772e437f47d7f07b99e4654ac1e,true,b58e3dc8fd7fbc13a393d1ff14d348c4a54d6d0a553c3a13b1b01b93333ae9f5,19d8a595858d37797fcc0862c74f6abfc760ed6ae886b7826de8873adaa3e8b3,d2c37d65a36b2f579d711fbf0c37ae6b5bfc366d0615a3214a01fe45f5763df5,NA,CPU OpenCV 5.0.0,desktop-component-detector-plus-sequence-fsm,fixed_camera_desktop_functional_demo,reports/experiments/video-demo-20260827T194000-cpu-annotated/report.json,reports/experiments/video-demo-20260827T194000-cpu-annotated/annotated,,"5 videos; 2944 decoded frames; 98.131 seconds; 12 public anomaly events; no industrial accuracy claim"
guarded-adapt-replay-20260827T194500-cpu,completed_real_score_feedback_replay,2026-08-27T11:45:04+00:00,2026-08-27T11:45:05+00:00,d61935c051b0c772e437f47d7f07b99e4654ac1e,true,2b701fe27a61bea4711035d0ef0ee9d15605ab3962202d1acaa2ad5ae716db8b,8f19a4ba49188d16c06ec4b83313452ca4238662f4b6a795b7b8abf92182d872,5d3f68726b12270866c5b2de526cf3cbe384853101fdeaa755b2359030148caf,133-137,CPU Linux-5.4.0-150-generic-x86_64-with-glibc2.27,guarded-adapt-replay-v1,mvtec_frozen_patchcore_score_feedback_replay,reports/experiments/guarded-adapt-replay-20260827T194500-cpu/report.json,evidence/guarded_adapt_replay_input.jsonl.gz,,"75 runs; 15 categories; tracked score pack; harmful-update rate 0.0267; accepted 0.8533; rollback 11/11; offline replay not production accuracy gain"
clean-reproduction-20260828,completed_clean_cpu_static_reproduction,2026-08-27T16:23:00+00:00,2026-08-27T16:25:03+00:00,44d6b0c0f7b495a30c9cac15e5a95557656008c8,false,NA,NA,NA,NA,CPU clean venv Python 3.11.16,evoinspect-130-clean-reproduction,README_cpu_static,evidence/clean_reproduction_20260828.json,/tmp/evoinspect-clean-44d6b0c,,"60 pytest passed; ruff and mypy passed; GuardedAdapt replay and submission validation passed; EfficientAD-M 45-task dry-run; no GPU workload"
efficientad-m-frozen-20260828T090500Z-gpu2,interrupted_engineering_launcher_validation,2026-08-28T09:05:02+00:00,2026-08-28T09:14:00+00:00,cc555b4aff744051954ec41859dc0c2db01d462d,false,eed10d9b7159f32634a054b90be94c3ea26195ff5257612a7ad03d7c0404526d,6069c761f5ad36c25f9cbd461d11eb1805686a3020a8bd9f494e25570b9cbcd9,6d82cd9af291b9d4459c201bb1f70ec14bfb5aeb21d031685658e133e42ed864,143-145,RTX 3090 physical GPUs 2 and 3; both released,efficientad-m-anomalib-2.3.0,official_style_up_to_100_normal_30_seen_anomaly_15category_3seed,,reports/experiments/efficientad-m-frozen-20260828T090500Z-gpu2,launcher exit propagation and PTY worker cleanup defects,"0 final metrics; preserved as engineering diagnostic; no algorithm conclusion; launcher fixed and controlled failure test passed"
efficientad-m-frozen-20260828T091500Z-gpu2-3,interrupted_throughput_reschedule,2026-08-28T09:14:50+00:00,2026-08-28T09:47:00+00:00,5ee4b9eedb99f4fda88930b93d493d4559c6e188,false,eed10d9b7159f32634a054b90be94c3ea26195ff5257612a7ad03d7c0404526d,6069c761f5ad36c25f9cbd461d11eb1805686a3020a8bd9f494e25570b9cbcd9,per-run split hashes recorded under batch runs,143-145,RTX 3090 physical GPUs 2 and 3; two-worker partition,efficientad-m-anomalib-2.3.0,official_style_up_to_100_normal_30_seen_anomaly_15category_3seed,,reports/experiments/efficientad-m-frozen-20260828T091500Z-gpu2-3,user-authorized throughput reschedule,"bottle seeds143 and144 reached intermediate step6400 checkpoint; 0 final metrics; no algorithm conclusion"
